426d425
< src/gromacs/gmxana/gmx_density3D.cpp
488d486
< src/gromacs/gmxana/gmx_voronoi.cpp
523d520
< src/gromacs/gmxlib/nonbonded/nb_kernel_avx_128_fma_double/nb_kernel_avx_128_fma_double.cpp
525,643d521
< src/gromacs/gmxlib/nonbonded/nb_kernel_avx_128_fma_double/nb_kernel_ElecCoul_VdwCSTab_GeomP1P1_avx_128_fma_double.cpp
< src/gromacs/gmxlib/nonbonded/nb_kernel_avx_128_fma_double/nb_kernel_ElecCoul_VdwCSTab_GeomW3P1_avx_128_fma_double.cpp
< src/gromacs/gmxlib/nonbonded/nb_kernel_avx_128_fma_double/nb_kernel_ElecCoul_VdwCSTab_GeomW3W3_avx_128_fma_double.cpp
< src/gromacs/gmxlib/nonbonded/nb_kernel_avx_128_fma_double/nb_kernel_ElecCoul_VdwCSTab_GeomW4P1_avx_128_fma_double.cpp
< src/gromacs/gmxlib/nonbonded/nb_kernel_avx_128_fma_double/nb_kernel_ElecCoul_VdwCSTab_GeomW4W4_avx_128_fma_double.cpp
< src/gromacs/gmxlib/nonbonded/nb_kernel_avx_128_fma_double/nb_kernel_ElecCoul_VdwLJ_GeomP1P1_avx_128_fma_double.cpp
< src/gromacs/gmxlib/nonbonded/nb_kernel_avx_128_fma_double/nb_kernel_ElecCoul_VdwLJ_GeomW3P1_avx_128_fma_double.cpp
< src/gromacs/gmxlib/nonbonded/nb_kernel_avx_128_fma_double/nb_kernel_ElecCoul_VdwLJ_GeomW3W3_avx_128_fma_double.cpp
< src/gromacs/gmxlib/nonbonded/nb_kernel_avx_128_fma_double/nb_kernel_ElecCoul_VdwLJ_GeomW4P1_avx_128_fma_double.cpp
< src/gromacs/gmxlib/nonbonded/nb_kernel_avx_128_fma_double/nb_kernel_ElecCoul_VdwLJ_GeomW4W4_avx_128_fma_double.cpp
< src/gromacs/gmxlib/nonbonded/nb_kernel_avx_128_fma_double/nb_kernel_ElecCoul_VdwNone_GeomP1P1_avx_128_fma_double.cpp
< src/gromacs/gmxlib/nonbonded/nb_kernel_avx_128_fma_double/nb_kernel_ElecCoul_VdwNone_GeomW3P1_avx_128_fma_double.cpp
< src/gromacs/gmxlib/nonbonded/nb_kernel_avx_128_fma_double/nb_kernel_ElecCoul_VdwNone_GeomW3W3_avx_128_fma_double.cpp
< src/gromacs/gmxlib/nonbonded/nb_kernel_avx_128_fma_double/nb_kernel_ElecCoul_VdwNone_GeomW4P1_avx_128_fma_double.cpp
< src/gromacs/gmxlib/nonbonded/nb_kernel_avx_128_fma_double/nb_kernel_ElecCoul_VdwNone_GeomW4W4_avx_128_fma_double.cpp
< src/gromacs/gmxlib/nonbonded/nb_kernel_avx_128_fma_double/nb_kernel_ElecCSTab_VdwCSTab_GeomP1P1_avx_128_fma_double.cpp
< src/gromacs/gmxlib/nonbonded/nb_kernel_avx_128_fma_double/nb_kernel_ElecCSTab_VdwCSTab_GeomW3P1_avx_128_fma_double.cpp
< src/gromacs/gmxlib/nonbonded/nb_kernel_avx_128_fma_double/nb_kernel_ElecCSTab_VdwCSTab_GeomW3W3_avx_128_fma_double.cpp
< src/gromacs/gmxlib/nonbonded/nb_kernel_avx_128_fma_double/nb_kernel_ElecCSTab_VdwCSTab_GeomW4P1_avx_128_fma_double.cpp
< src/gromacs/gmxlib/nonbonded/nb_kernel_avx_128_fma_double/nb_kernel_ElecCSTab_VdwCSTab_GeomW4W4_avx_128_fma_double.cpp
< src/gromacs/gmxlib/nonbonded/nb_kernel_avx_128_fma_double/nb_kernel_ElecCSTab_VdwLJ_GeomP1P1_avx_128_fma_double.cpp
< src/gromacs/gmxlib/nonbonded/nb_kernel_avx_128_fma_double/nb_kernel_ElecCSTab_VdwLJ_GeomW3P1_avx_128_fma_double.cpp
< src/gromacs/gmxlib/nonbonded/nb_kernel_avx_128_fma_double/nb_kernel_ElecCSTab_VdwLJ_GeomW3W3_avx_128_fma_double.cpp
< src/gromacs/gmxlib/nonbonded/nb_kernel_avx_128_fma_double/nb_kernel_ElecCSTab_VdwLJ_GeomW4P1_avx_128_fma_double.cpp
< src/gromacs/gmxlib/nonbonded/nb_kernel_avx_128_fma_double/nb_kernel_ElecCSTab_VdwLJ_GeomW4W4_avx_128_fma_double.cpp
< src/gromacs/gmxlib/nonbonded/nb_kernel_avx_128_fma_double/nb_kernel_ElecCSTab_VdwNone_GeomP1P1_avx_128_fma_double.cpp
< src/gromacs/gmxlib/nonbonded/nb_kernel_avx_128_fma_double/nb_kernel_ElecCSTab_VdwNone_GeomW3P1_avx_128_fma_double.cpp
< src/gromacs/gmxlib/nonbonded/nb_kernel_avx_128_fma_double/nb_kernel_ElecCSTab_VdwNone_GeomW3W3_avx_128_fma_double.cpp
< src/gromacs/gmxlib/nonbonded/nb_kernel_avx_128_fma_double/nb_kernel_ElecCSTab_VdwNone_GeomW4P1_avx_128_fma_double.cpp
< src/gromacs/gmxlib/nonbonded/nb_kernel_avx_128_fma_double/nb_kernel_ElecCSTab_VdwNone_GeomW4W4_avx_128_fma_double.cpp
< src/gromacs/gmxlib/nonbonded/nb_kernel_avx_128_fma_double/nb_kernel_ElecEwSh_VdwLJEwSh_GeomP1P1_avx_128_fma_double.cpp
< src/gromacs/gmxlib/nonbonded/nb_kernel_avx_128_fma_double/nb_kernel_ElecEwSh_VdwLJEwSh_GeomW3P1_avx_128_fma_double.cpp
< src/gromacs/gmxlib/nonbonded/nb_kernel_avx_128_fma_double/nb_kernel_ElecEwSh_VdwLJEwSh_GeomW3W3_avx_128_fma_double.cpp
< src/gromacs/gmxlib/nonbonded/nb_kernel_avx_128_fma_double/nb_kernel_ElecEwSh_VdwLJEwSh_GeomW4P1_avx_128_fma_double.cpp
< src/gromacs/gmxlib/nonbonded/nb_kernel_avx_128_fma_double/nb_kernel_ElecEwSh_VdwLJEwSh_GeomW4W4_avx_128_fma_double.cpp
< src/gromacs/gmxlib/nonbonded/nb_kernel_avx_128_fma_double/nb_kernel_ElecEwSh_VdwLJSh_GeomP1P1_avx_128_fma_double.cpp
< src/gromacs/gmxlib/nonbonded/nb_kernel_avx_128_fma_double/nb_kernel_ElecEwSh_VdwLJSh_GeomW3P1_avx_128_fma_double.cpp
< src/gromacs/gmxlib/nonbonded/nb_kernel_avx_128_fma_double/nb_kernel_ElecEwSh_VdwLJSh_GeomW3W3_avx_128_fma_double.cpp
< src/gromacs/gmxlib/nonbonded/nb_kernel_avx_128_fma_double/nb_kernel_ElecEwSh_VdwLJSh_GeomW4P1_avx_128_fma_double.cpp
< src/gromacs/gmxlib/nonbonded/nb_kernel_avx_128_fma_double/nb_kernel_ElecEwSh_VdwLJSh_GeomW4W4_avx_128_fma_double.cpp
< src/gromacs/gmxlib/nonbonded/nb_kernel_avx_128_fma_double/nb_kernel_ElecEwSh_VdwNone_GeomP1P1_avx_128_fma_double.cpp
< src/gromacs/gmxlib/nonbonded/nb_kernel_avx_128_fma_double/nb_kernel_ElecEwSh_VdwNone_GeomW3P1_avx_128_fma_double.cpp
< src/gromacs/gmxlib/nonbonded/nb_kernel_avx_128_fma_double/nb_kernel_ElecEwSh_VdwNone_GeomW3W3_avx_128_fma_double.cpp
< src/gromacs/gmxlib/nonbonded/nb_kernel_avx_128_fma_double/nb_kernel_ElecEwSh_VdwNone_GeomW4P1_avx_128_fma_double.cpp
< src/gromacs/gmxlib/nonbonded/nb_kernel_avx_128_fma_double/nb_kernel_ElecEwSh_VdwNone_GeomW4W4_avx_128_fma_double.cpp
< src/gromacs/gmxlib/nonbonded/nb_kernel_avx_128_fma_double/nb_kernel_ElecEwSw_VdwLJSw_GeomP1P1_avx_128_fma_double.cpp
< src/gromacs/gmxlib/nonbonded/nb_kernel_avx_128_fma_double/nb_kernel_ElecEwSw_VdwLJSw_GeomW3P1_avx_128_fma_double.cpp
< src/gromacs/gmxlib/nonbonded/nb_kernel_avx_128_fma_double/nb_kernel_ElecEwSw_VdwLJSw_GeomW3W3_avx_128_fma_double.cpp
< src/gromacs/gmxlib/nonbonded/nb_kernel_avx_128_fma_double/nb_kernel_ElecEwSw_VdwLJSw_GeomW4P1_avx_128_fma_double.cpp
< src/gromacs/gmxlib/nonbonded/nb_kernel_avx_128_fma_double/nb_kernel_ElecEwSw_VdwLJSw_GeomW4W4_avx_128_fma_double.cpp
< src/gromacs/gmxlib/nonbonded/nb_kernel_avx_128_fma_double/nb_kernel_ElecEwSw_VdwNone_GeomP1P1_avx_128_fma_double.cpp
< src/gromacs/gmxlib/nonbonded/nb_kernel_avx_128_fma_double/nb_kernel_ElecEwSw_VdwNone_GeomW3P1_avx_128_fma_double.cpp
< src/gromacs/gmxlib/nonbonded/nb_kernel_avx_128_fma_double/nb_kernel_ElecEwSw_VdwNone_GeomW3W3_avx_128_fma_double.cpp
< src/gromacs/gmxlib/nonbonded/nb_kernel_avx_128_fma_double/nb_kernel_ElecEwSw_VdwNone_GeomW4P1_avx_128_fma_double.cpp
< src/gromacs/gmxlib/nonbonded/nb_kernel_avx_128_fma_double/nb_kernel_ElecEwSw_VdwNone_GeomW4W4_avx_128_fma_double.cpp
< src/gromacs/gmxlib/nonbonded/nb_kernel_avx_128_fma_double/nb_kernel_ElecEw_VdwCSTab_GeomP1P1_avx_128_fma_double.cpp
< src/gromacs/gmxlib/nonbonded/nb_kernel_avx_128_fma_double/nb_kernel_ElecEw_VdwCSTab_GeomW3P1_avx_128_fma_double.cpp
< src/gromacs/gmxlib/nonbonded/nb_kernel_avx_128_fma_double/nb_kernel_ElecEw_VdwCSTab_GeomW3W3_avx_128_fma_double.cpp
< src/gromacs/gmxlib/nonbonded/nb_kernel_avx_128_fma_double/nb_kernel_ElecEw_VdwCSTab_GeomW4P1_avx_128_fma_double.cpp
< src/gromacs/gmxlib/nonbonded/nb_kernel_avx_128_fma_double/nb_kernel_ElecEw_VdwCSTab_GeomW4W4_avx_128_fma_double.cpp
< src/gromacs/gmxlib/nonbonded/nb_kernel_avx_128_fma_double/nb_kernel_ElecEw_VdwLJEw_GeomP1P1_avx_128_fma_double.cpp
< src/gromacs/gmxlib/nonbonded/nb_kernel_avx_128_fma_double/nb_kernel_ElecEw_VdwLJEw_GeomW3P1_avx_128_fma_double.cpp
< src/gromacs/gmxlib/nonbonded/nb_kernel_avx_128_fma_double/nb_kernel_ElecEw_VdwLJEw_GeomW3W3_avx_128_fma_double.cpp
< src/gromacs/gmxlib/nonbonded/nb_kernel_avx_128_fma_double/nb_kernel_ElecEw_VdwLJEw_GeomW4P1_avx_128_fma_double.cpp
< src/gromacs/gmxlib/nonbonded/nb_kernel_avx_128_fma_double/nb_kernel_ElecEw_VdwLJEw_GeomW4W4_avx_128_fma_double.cpp
< src/gromacs/gmxlib/nonbonded/nb_kernel_avx_128_fma_double/nb_kernel_ElecEw_VdwLJ_GeomP1P1_avx_128_fma_double.cpp
< src/gromacs/gmxlib/nonbonded/nb_kernel_avx_128_fma_double/nb_kernel_ElecEw_VdwLJ_GeomW3P1_avx_128_fma_double.cpp
< src/gromacs/gmxlib/nonbonded/nb_kernel_avx_128_fma_double/nb_kernel_ElecEw_VdwLJ_GeomW3W3_avx_128_fma_double.cpp
< src/gromacs/gmxlib/nonbonded/nb_kernel_avx_128_fma_double/nb_kernel_ElecEw_VdwLJ_GeomW4P1_avx_128_fma_double.cpp
< src/gromacs/gmxlib/nonbonded/nb_kernel_avx_128_fma_double/nb_kernel_ElecEw_VdwLJ_GeomW4W4_avx_128_fma_double.cpp
< src/gromacs/gmxlib/nonbonded/nb_kernel_avx_128_fma_double/nb_kernel_ElecEw_VdwNone_GeomP1P1_avx_128_fma_double.cpp
< src/gromacs/gmxlib/nonbonded/nb_kernel_avx_128_fma_double/nb_kernel_ElecEw_VdwNone_GeomW3P1_avx_128_fma_double.cpp
< src/gromacs/gmxlib/nonbonded/nb_kernel_avx_128_fma_double/nb_kernel_ElecEw_VdwNone_GeomW3W3_avx_128_fma_double.cpp
< src/gromacs/gmxlib/nonbonded/nb_kernel_avx_128_fma_double/nb_kernel_ElecEw_VdwNone_GeomW4P1_avx_128_fma_double.cpp
< src/gromacs/gmxlib/nonbonded/nb_kernel_avx_128_fma_double/nb_kernel_ElecEw_VdwNone_GeomW4W4_avx_128_fma_double.cpp
< src/gromacs/gmxlib/nonbonded/nb_kernel_avx_128_fma_double/nb_kernel_ElecGB_VdwCSTab_GeomP1P1_avx_128_fma_double.cpp
< src/gromacs/gmxlib/nonbonded/nb_kernel_avx_128_fma_double/nb_kernel_ElecGB_VdwLJ_GeomP1P1_avx_128_fma_double.cpp
< src/gromacs/gmxlib/nonbonded/nb_kernel_avx_128_fma_double/nb_kernel_ElecGB_VdwNone_GeomP1P1_avx_128_fma_double.cpp
< src/gromacs/gmxlib/nonbonded/nb_kernel_avx_128_fma_double/nb_kernel_ElecNone_VdwCSTab_GeomP1P1_avx_128_fma_double.cpp
< src/gromacs/gmxlib/nonbonded/nb_kernel_avx_128_fma_double/nb_kernel_ElecNone_VdwLJEw_GeomP1P1_avx_128_fma_double.cpp
< src/gromacs/gmxlib/nonbonded/nb_kernel_avx_128_fma_double/nb_kernel_ElecNone_VdwLJEwSh_GeomP1P1_avx_128_fma_double.cpp
< src/gromacs/gmxlib/nonbonded/nb_kernel_avx_128_fma_double/nb_kernel_ElecNone_VdwLJ_GeomP1P1_avx_128_fma_double.cpp
< src/gromacs/gmxlib/nonbonded/nb_kernel_avx_128_fma_double/nb_kernel_ElecNone_VdwLJSh_GeomP1P1_avx_128_fma_double.cpp
< src/gromacs/gmxlib/nonbonded/nb_kernel_avx_128_fma_double/nb_kernel_ElecNone_VdwLJSw_GeomP1P1_avx_128_fma_double.cpp
< src/gromacs/gmxlib/nonbonded/nb_kernel_avx_128_fma_double/nb_kernel_ElecRFCut_VdwCSTab_GeomP1P1_avx_128_fma_double.cpp
< src/gromacs/gmxlib/nonbonded/nb_kernel_avx_128_fma_double/nb_kernel_ElecRFCut_VdwCSTab_GeomW3P1_avx_128_fma_double.cpp
< src/gromacs/gmxlib/nonbonded/nb_kernel_avx_128_fma_double/nb_kernel_ElecRFCut_VdwCSTab_GeomW3W3_avx_128_fma_double.cpp
< src/gromacs/gmxlib/nonbonded/nb_kernel_avx_128_fma_double/nb_kernel_ElecRFCut_VdwCSTab_GeomW4P1_avx_128_fma_double.cpp
< src/gromacs/gmxlib/nonbonded/nb_kernel_avx_128_fma_double/nb_kernel_ElecRFCut_VdwCSTab_GeomW4W4_avx_128_fma_double.cpp
< src/gromacs/gmxlib/nonbonded/nb_kernel_avx_128_fma_double/nb_kernel_ElecRFCut_VdwLJSh_GeomP1P1_avx_128_fma_double.cpp
< src/gromacs/gmxlib/nonbonded/nb_kernel_avx_128_fma_double/nb_kernel_ElecRFCut_VdwLJSh_GeomW3P1_avx_128_fma_double.cpp
< src/gromacs/gmxlib/nonbonded/nb_kernel_avx_128_fma_double/nb_kernel_ElecRFCut_VdwLJSh_GeomW3W3_avx_128_fma_double.cpp
< src/gromacs/gmxlib/nonbonded/nb_kernel_avx_128_fma_double/nb_kernel_ElecRFCut_VdwLJSh_GeomW4P1_avx_128_fma_double.cpp
< src/gromacs/gmxlib/nonbonded/nb_kernel_avx_128_fma_double/nb_kernel_ElecRFCut_VdwLJSh_GeomW4W4_avx_128_fma_double.cpp
< src/gromacs/gmxlib/nonbonded/nb_kernel_avx_128_fma_double/nb_kernel_ElecRFCut_VdwLJSw_GeomP1P1_avx_128_fma_double.cpp
< src/gromacs/gmxlib/nonbonded/nb_kernel_avx_128_fma_double/nb_kernel_ElecRFCut_VdwLJSw_GeomW3P1_avx_128_fma_double.cpp
< src/gromacs/gmxlib/nonbonded/nb_kernel_avx_128_fma_double/nb_kernel_ElecRFCut_VdwLJSw_GeomW3W3_avx_128_fma_double.cpp
< src/gromacs/gmxlib/nonbonded/nb_kernel_avx_128_fma_double/nb_kernel_ElecRFCut_VdwLJSw_GeomW4P1_avx_128_fma_double.cpp
< src/gromacs/gmxlib/nonbonded/nb_kernel_avx_128_fma_double/nb_kernel_ElecRFCut_VdwLJSw_GeomW4W4_avx_128_fma_double.cpp
< src/gromacs/gmxlib/nonbonded/nb_kernel_avx_128_fma_double/nb_kernel_ElecRFCut_VdwNone_GeomP1P1_avx_128_fma_double.cpp
< src/gromacs/gmxlib/nonbonded/nb_kernel_avx_128_fma_double/nb_kernel_ElecRFCut_VdwNone_GeomW3P1_avx_128_fma_double.cpp
< src/gromacs/gmxlib/nonbonded/nb_kernel_avx_128_fma_double/nb_kernel_ElecRFCut_VdwNone_GeomW3W3_avx_128_fma_double.cpp
< src/gromacs/gmxlib/nonbonded/nb_kernel_avx_128_fma_double/nb_kernel_ElecRFCut_VdwNone_GeomW4P1_avx_128_fma_double.cpp
< src/gromacs/gmxlib/nonbonded/nb_kernel_avx_128_fma_double/nb_kernel_ElecRFCut_VdwNone_GeomW4W4_avx_128_fma_double.cpp
< src/gromacs/gmxlib/nonbonded/nb_kernel_avx_128_fma_double/nb_kernel_ElecRF_VdwCSTab_GeomP1P1_avx_128_fma_double.cpp
< src/gromacs/gmxlib/nonbonded/nb_kernel_avx_128_fma_double/nb_kernel_ElecRF_VdwCSTab_GeomW3P1_avx_128_fma_double.cpp
< src/gromacs/gmxlib/nonbonded/nb_kernel_avx_128_fma_double/nb_kernel_ElecRF_VdwCSTab_GeomW3W3_avx_128_fma_double.cpp
< src/gromacs/gmxlib/nonbonded/nb_kernel_avx_128_fma_double/nb_kernel_ElecRF_VdwCSTab_GeomW4P1_avx_128_fma_double.cpp
< src/gromacs/gmxlib/nonbonded/nb_kernel_avx_128_fma_double/nb_kernel_ElecRF_VdwCSTab_GeomW4W4_avx_128_fma_double.cpp
< src/gromacs/gmxlib/nonbonded/nb_kernel_avx_128_fma_double/nb_kernel_ElecRF_VdwLJ_GeomP1P1_avx_128_fma_double.cpp
< src/gromacs/gmxlib/nonbonded/nb_kernel_avx_128_fma_double/nb_kernel_ElecRF_VdwLJ_GeomW3P1_avx_128_fma_double.cpp
< src/gromacs/gmxlib/nonbonded/nb_kernel_avx_128_fma_double/nb_kernel_ElecRF_VdwLJ_GeomW3W3_avx_128_fma_double.cpp
< src/gromacs/gmxlib/nonbonded/nb_kernel_avx_128_fma_double/nb_kernel_ElecRF_VdwLJ_GeomW4P1_avx_128_fma_double.cpp
< src/gromacs/gmxlib/nonbonded/nb_kernel_avx_128_fma_double/nb_kernel_ElecRF_VdwLJ_GeomW4W4_avx_128_fma_double.cpp
< src/gromacs/gmxlib/nonbonded/nb_kernel_avx_128_fma_double/nb_kernel_ElecRF_VdwNone_GeomP1P1_avx_128_fma_double.cpp
< src/gromacs/gmxlib/nonbonded/nb_kernel_avx_128_fma_double/nb_kernel_ElecRF_VdwNone_GeomW3P1_avx_128_fma_double.cpp
< src/gromacs/gmxlib/nonbonded/nb_kernel_avx_128_fma_double/nb_kernel_ElecRF_VdwNone_GeomW3W3_avx_128_fma_double.cpp
< src/gromacs/gmxlib/nonbonded/nb_kernel_avx_128_fma_double/nb_kernel_ElecRF_VdwNone_GeomW4P1_avx_128_fma_double.cpp
< src/gromacs/gmxlib/nonbonded/nb_kernel_avx_128_fma_double/nb_kernel_ElecRF_VdwNone_GeomW4W4_avx_128_fma_double.cpp
645d522
< src/gromacs/gmxlib/nonbonded/nb_kernel_avx_128_fma_single/nb_kernel_avx_128_fma_single.cpp
647,765d523
< src/gromacs/gmxlib/nonbonded/nb_kernel_avx_128_fma_single/nb_kernel_ElecCoul_VdwCSTab_GeomP1P1_avx_128_fma_single.cpp
< src/gromacs/gmxlib/nonbonded/nb_kernel_avx_128_fma_single/nb_kernel_ElecCoul_VdwCSTab_GeomW3P1_avx_128_fma_single.cpp
< src/gromacs/gmxlib/nonbonded/nb_kernel_avx_128_fma_single/nb_kernel_ElecCoul_VdwCSTab_GeomW3W3_avx_128_fma_single.cpp
< src/gromacs/gmxlib/nonbonded/nb_kernel_avx_128_fma_single/nb_kernel_ElecCoul_VdwCSTab_GeomW4P1_avx_128_fma_single.cpp
< src/gromacs/gmxlib/nonbonded/nb_kernel_avx_128_fma_single/nb_kernel_ElecCoul_VdwCSTab_GeomW4W4_avx_128_fma_single.cpp
< src/gromacs/gmxlib/nonbonded/nb_kernel_avx_128_fma_single/nb_kernel_ElecCoul_VdwLJ_GeomP1P1_avx_128_fma_single.cpp
< src/gromacs/gmxlib/nonbonded/nb_kernel_avx_128_fma_single/nb_kernel_ElecCoul_VdwLJ_GeomW3P1_avx_128_fma_single.cpp
< src/gromacs/gmxlib/nonbonded/nb_kernel_avx_128_fma_single/nb_kernel_ElecCoul_VdwLJ_GeomW3W3_avx_128_fma_single.cpp
< src/gromacs/gmxlib/nonbonded/nb_kernel_avx_128_fma_single/nb_kernel_ElecCoul_VdwLJ_GeomW4P1_avx_128_fma_single.cpp
< src/gromacs/gmxlib/nonbonded/nb_kernel_avx_128_fma_single/nb_kernel_ElecCoul_VdwLJ_GeomW4W4_avx_128_fma_single.cpp
< src/gromacs/gmxlib/nonbonded/nb_kernel_avx_128_fma_single/nb_kernel_ElecCoul_VdwNone_GeomP1P1_avx_128_fma_single.cpp
< src/gromacs/gmxlib/nonbonded/nb_kernel_avx_128_fma_single/nb_kernel_ElecCoul_VdwNone_GeomW3P1_avx_128_fma_single.cpp
< src/gromacs/gmxlib/nonbonded/nb_kernel_avx_128_fma_single/nb_kernel_ElecCoul_VdwNone_GeomW3W3_avx_128_fma_single.cpp
< src/gromacs/gmxlib/nonbonded/nb_kernel_avx_128_fma_single/nb_kernel_ElecCoul_VdwNone_GeomW4P1_avx_128_fma_single.cpp
< src/gromacs/gmxlib/nonbonded/nb_kernel_avx_128_fma_single/nb_kernel_ElecCoul_VdwNone_GeomW4W4_avx_128_fma_single.cpp
< src/gromacs/gmxlib/nonbonded/nb_kernel_avx_128_fma_single/nb_kernel_ElecCSTab_VdwCSTab_GeomP1P1_avx_128_fma_single.cpp
< src/gromacs/gmxlib/nonbonded/nb_kernel_avx_128_fma_single/nb_kernel_ElecCSTab_VdwCSTab_GeomW3P1_avx_128_fma_single.cpp
< src/gromacs/gmxlib/nonbonded/nb_kernel_avx_128_fma_single/nb_kernel_ElecCSTab_VdwCSTab_GeomW3W3_avx_128_fma_single.cpp
< src/gromacs/gmxlib/nonbonded/nb_kernel_avx_128_fma_single/nb_kernel_ElecCSTab_VdwCSTab_GeomW4P1_avx_128_fma_single.cpp
< src/gromacs/gmxlib/nonbonded/nb_kernel_avx_128_fma_single/nb_kernel_ElecCSTab_VdwCSTab_GeomW4W4_avx_128_fma_single.cpp
< src/gromacs/gmxlib/nonbonded/nb_kernel_avx_128_fma_single/nb_kernel_ElecCSTab_VdwLJ_GeomP1P1_avx_128_fma_single.cpp
< src/gromacs/gmxlib/nonbonded/nb_kernel_avx_128_fma_single/nb_kernel_ElecCSTab_VdwLJ_GeomW3P1_avx_128_fma_single.cpp
< src/gromacs/gmxlib/nonbonded/nb_kernel_avx_128_fma_single/nb_kernel_ElecCSTab_VdwLJ_GeomW3W3_avx_128_fma_single.cpp
< src/gromacs/gmxlib/nonbonded/nb_kernel_avx_128_fma_single/nb_kernel_ElecCSTab_VdwLJ_GeomW4P1_avx_128_fma_single.cpp
< src/gromacs/gmxlib/nonbonded/nb_kernel_avx_128_fma_single/nb_kernel_ElecCSTab_VdwLJ_GeomW4W4_avx_128_fma_single.cpp
< src/gromacs/gmxlib/nonbonded/nb_kernel_avx_128_fma_single/nb_kernel_ElecCSTab_VdwNone_GeomP1P1_avx_128_fma_single.cpp
< src/gromacs/gmxlib/nonbonded/nb_kernel_avx_128_fma_single/nb_kernel_ElecCSTab_VdwNone_GeomW3P1_avx_128_fma_single.cpp
< src/gromacs/gmxlib/nonbonded/nb_kernel_avx_128_fma_single/nb_kernel_ElecCSTab_VdwNone_GeomW3W3_avx_128_fma_single.cpp
< src/gromacs/gmxlib/nonbonded/nb_kernel_avx_128_fma_single/nb_kernel_ElecCSTab_VdwNone_GeomW4P1_avx_128_fma_single.cpp
< src/gromacs/gmxlib/nonbonded/nb_kernel_avx_128_fma_single/nb_kernel_ElecCSTab_VdwNone_GeomW4W4_avx_128_fma_single.cpp
< src/gromacs/gmxlib/nonbonded/nb_kernel_avx_128_fma_single/nb_kernel_ElecEwSh_VdwLJEwSh_GeomP1P1_avx_128_fma_single.cpp
< src/gromacs/gmxlib/nonbonded/nb_kernel_avx_128_fma_single/nb_kernel_ElecEwSh_VdwLJEwSh_GeomW3P1_avx_128_fma_single.cpp
< src/gromacs/gmxlib/nonbonded/nb_kernel_avx_128_fma_single/nb_kernel_ElecEwSh_VdwLJEwSh_GeomW3W3_avx_128_fma_single.cpp
< src/gromacs/gmxlib/nonbonded/nb_kernel_avx_128_fma_single/nb_kernel_ElecEwSh_VdwLJEwSh_GeomW4P1_avx_128_fma_single.cpp
< src/gromacs/gmxlib/nonbonded/nb_kernel_avx_128_fma_single/nb_kernel_ElecEwSh_VdwLJEwSh_GeomW4W4_avx_128_fma_single.cpp
< src/gromacs/gmxlib/nonbonded/nb_kernel_avx_128_fma_single/nb_kernel_ElecEwSh_VdwLJSh_GeomP1P1_avx_128_fma_single.cpp
< src/gromacs/gmxlib/nonbonded/nb_kernel_avx_128_fma_single/nb_kernel_ElecEwSh_VdwLJSh_GeomW3P1_avx_128_fma_single.cpp
< src/gromacs/gmxlib/nonbonded/nb_kernel_avx_128_fma_single/nb_kernel_ElecEwSh_VdwLJSh_GeomW3W3_avx_128_fma_single.cpp
< src/gromacs/gmxlib/nonbonded/nb_kernel_avx_128_fma_single/nb_kernel_ElecEwSh_VdwLJSh_GeomW4P1_avx_128_fma_single.cpp
< src/gromacs/gmxlib/nonbonded/nb_kernel_avx_128_fma_single/nb_kernel_ElecEwSh_VdwLJSh_GeomW4W4_avx_128_fma_single.cpp
< src/gromacs/gmxlib/nonbonded/nb_kernel_avx_128_fma_single/nb_kernel_ElecEwSh_VdwNone_GeomP1P1_avx_128_fma_single.cpp
< src/gromacs/gmxlib/nonbonded/nb_kernel_avx_128_fma_single/nb_kernel_ElecEwSh_VdwNone_GeomW3P1_avx_128_fma_single.cpp
< src/gromacs/gmxlib/nonbonded/nb_kernel_avx_128_fma_single/nb_kernel_ElecEwSh_VdwNone_GeomW3W3_avx_128_fma_single.cpp
< src/gromacs/gmxlib/nonbonded/nb_kernel_avx_128_fma_single/nb_kernel_ElecEwSh_VdwNone_GeomW4P1_avx_128_fma_single.cpp
< src/gromacs/gmxlib/nonbonded/nb_kernel_avx_128_fma_single/nb_kernel_ElecEwSh_VdwNone_GeomW4W4_avx_128_fma_single.cpp
< src/gromacs/gmxlib/nonbonded/nb_kernel_avx_128_fma_single/nb_kernel_ElecEwSw_VdwLJSw_GeomP1P1_avx_128_fma_single.cpp
< src/gromacs/gmxlib/nonbonded/nb_kernel_avx_128_fma_single/nb_kernel_ElecEwSw_VdwLJSw_GeomW3P1_avx_128_fma_single.cpp
< src/gromacs/gmxlib/nonbonded/nb_kernel_avx_128_fma_single/nb_kernel_ElecEwSw_VdwLJSw_GeomW3W3_avx_128_fma_single.cpp
< src/gromacs/gmxlib/nonbonded/nb_kernel_avx_128_fma_single/nb_kernel_ElecEwSw_VdwLJSw_GeomW4P1_avx_128_fma_single.cpp
< src/gromacs/gmxlib/nonbonded/nb_kernel_avx_128_fma_single/nb_kernel_ElecEwSw_VdwLJSw_GeomW4W4_avx_128_fma_single.cpp
< src/gromacs/gmxlib/nonbonded/nb_kernel_avx_128_fma_single/nb_kernel_ElecEwSw_VdwNone_GeomP1P1_avx_128_fma_single.cpp
< src/gromacs/gmxlib/nonbonded/nb_kernel_avx_128_fma_single/nb_kernel_ElecEwSw_VdwNone_GeomW3P1_avx_128_fma_single.cpp
< src/gromacs/gmxlib/nonbonded/nb_kernel_avx_128_fma_single/nb_kernel_ElecEwSw_VdwNone_GeomW3W3_avx_128_fma_single.cpp
< src/gromacs/gmxlib/nonbonded/nb_kernel_avx_128_fma_single/nb_kernel_ElecEwSw_VdwNone_GeomW4P1_avx_128_fma_single.cpp
< src/gromacs/gmxlib/nonbonded/nb_kernel_avx_128_fma_single/nb_kernel_ElecEwSw_VdwNone_GeomW4W4_avx_128_fma_single.cpp
< src/gromacs/gmxlib/nonbonded/nb_kernel_avx_128_fma_single/nb_kernel_ElecEw_VdwCSTab_GeomP1P1_avx_128_fma_single.cpp
< src/gromacs/gmxlib/nonbonded/nb_kernel_avx_128_fma_single/nb_kernel_ElecEw_VdwCSTab_GeomW3P1_avx_128_fma_single.cpp
< src/gromacs/gmxlib/nonbonded/nb_kernel_avx_128_fma_single/nb_kernel_ElecEw_VdwCSTab_GeomW3W3_avx_128_fma_single.cpp
< src/gromacs/gmxlib/nonbonded/nb_kernel_avx_128_fma_single/nb_kernel_ElecEw_VdwCSTab_GeomW4P1_avx_128_fma_single.cpp
< src/gromacs/gmxlib/nonbonded/nb_kernel_avx_128_fma_single/nb_kernel_ElecEw_VdwCSTab_GeomW4W4_avx_128_fma_single.cpp
< src/gromacs/gmxlib/nonbonded/nb_kernel_avx_128_fma_single/nb_kernel_ElecEw_VdwLJEw_GeomP1P1_avx_128_fma_single.cpp
< src/gromacs/gmxlib/nonbonded/nb_kernel_avx_128_fma_single/nb_kernel_ElecEw_VdwLJEw_GeomW3P1_avx_128_fma_single.cpp
< src/gromacs/gmxlib/nonbonded/nb_kernel_avx_128_fma_single/nb_kernel_ElecEw_VdwLJEw_GeomW3W3_avx_128_fma_single.cpp
< src/gromacs/gmxlib/nonbonded/nb_kernel_avx_128_fma_single/nb_kernel_ElecEw_VdwLJEw_GeomW4P1_avx_128_fma_single.cpp
< src/gromacs/gmxlib/nonbonded/nb_kernel_avx_128_fma_single/nb_kernel_ElecEw_VdwLJEw_GeomW4W4_avx_128_fma_single.cpp
< src/gromacs/gmxlib/nonbonded/nb_kernel_avx_128_fma_single/nb_kernel_ElecEw_VdwLJ_GeomP1P1_avx_128_fma_single.cpp
< src/gromacs/gmxlib/nonbonded/nb_kernel_avx_128_fma_single/nb_kernel_ElecEw_VdwLJ_GeomW3P1_avx_128_fma_single.cpp
< src/gromacs/gmxlib/nonbonded/nb_kernel_avx_128_fma_single/nb_kernel_ElecEw_VdwLJ_GeomW3W3_avx_128_fma_single.cpp
< src/gromacs/gmxlib/nonbonded/nb_kernel_avx_128_fma_single/nb_kernel_ElecEw_VdwLJ_GeomW4P1_avx_128_fma_single.cpp
< src/gromacs/gmxlib/nonbonded/nb_kernel_avx_128_fma_single/nb_kernel_ElecEw_VdwLJ_GeomW4W4_avx_128_fma_single.cpp
< src/gromacs/gmxlib/nonbonded/nb_kernel_avx_128_fma_single/nb_kernel_ElecEw_VdwNone_GeomP1P1_avx_128_fma_single.cpp
< src/gromacs/gmxlib/nonbonded/nb_kernel_avx_128_fma_single/nb_kernel_ElecEw_VdwNone_GeomW3P1_avx_128_fma_single.cpp
< src/gromacs/gmxlib/nonbonded/nb_kernel_avx_128_fma_single/nb_kernel_ElecEw_VdwNone_GeomW3W3_avx_128_fma_single.cpp
< src/gromacs/gmxlib/nonbonded/nb_kernel_avx_128_fma_single/nb_kernel_ElecEw_VdwNone_GeomW4P1_avx_128_fma_single.cpp
< src/gromacs/gmxlib/nonbonded/nb_kernel_avx_128_fma_single/nb_kernel_ElecEw_VdwNone_GeomW4W4_avx_128_fma_single.cpp
< src/gromacs/gmxlib/nonbonded/nb_kernel_avx_128_fma_single/nb_kernel_ElecGB_VdwCSTab_GeomP1P1_avx_128_fma_single.cpp
< src/gromacs/gmxlib/nonbonded/nb_kernel_avx_128_fma_single/nb_kernel_ElecGB_VdwLJ_GeomP1P1_avx_128_fma_single.cpp
< src/gromacs/gmxlib/nonbonded/nb_kernel_avx_128_fma_single/nb_kernel_ElecGB_VdwNone_GeomP1P1_avx_128_fma_single.cpp
< src/gromacs/gmxlib/nonbonded/nb_kernel_avx_128_fma_single/nb_kernel_ElecNone_VdwCSTab_GeomP1P1_avx_128_fma_single.cpp
< src/gromacs/gmxlib/nonbonded/nb_kernel_avx_128_fma_single/nb_kernel_ElecNone_VdwLJEw_GeomP1P1_avx_128_fma_single.cpp
< src/gromacs/gmxlib/nonbonded/nb_kernel_avx_128_fma_single/nb_kernel_ElecNone_VdwLJEwSh_GeomP1P1_avx_128_fma_single.cpp
< src/gromacs/gmxlib/nonbonded/nb_kernel_avx_128_fma_single/nb_kernel_ElecNone_VdwLJ_GeomP1P1_avx_128_fma_single.cpp
< src/gromacs/gmxlib/nonbonded/nb_kernel_avx_128_fma_single/nb_kernel_ElecNone_VdwLJSh_GeomP1P1_avx_128_fma_single.cpp
< src/gromacs/gmxlib/nonbonded/nb_kernel_avx_128_fma_single/nb_kernel_ElecNone_VdwLJSw_GeomP1P1_avx_128_fma_single.cpp
< src/gromacs/gmxlib/nonbonded/nb_kernel_avx_128_fma_single/nb_kernel_ElecRFCut_VdwCSTab_GeomP1P1_avx_128_fma_single.cpp
< src/gromacs/gmxlib/nonbonded/nb_kernel_avx_128_fma_single/nb_kernel_ElecRFCut_VdwCSTab_GeomW3P1_avx_128_fma_single.cpp
< src/gromacs/gmxlib/nonbonded/nb_kernel_avx_128_fma_single/nb_kernel_ElecRFCut_VdwCSTab_GeomW3W3_avx_128_fma_single.cpp
< src/gromacs/gmxlib/nonbonded/nb_kernel_avx_128_fma_single/nb_kernel_ElecRFCut_VdwCSTab_GeomW4P1_avx_128_fma_single.cpp
< src/gromacs/gmxlib/nonbonded/nb_kernel_avx_128_fma_single/nb_kernel_ElecRFCut_VdwCSTab_GeomW4W4_avx_128_fma_single.cpp
< src/gromacs/gmxlib/nonbonded/nb_kernel_avx_128_fma_single/nb_kernel_ElecRFCut_VdwLJSh_GeomP1P1_avx_128_fma_single.cpp
< src/gromacs/gmxlib/nonbonded/nb_kernel_avx_128_fma_single/nb_kernel_ElecRFCut_VdwLJSh_GeomW3P1_avx_128_fma_single.cpp
< src/gromacs/gmxlib/nonbonded/nb_kernel_avx_128_fma_single/nb_kernel_ElecRFCut_VdwLJSh_GeomW3W3_avx_128_fma_single.cpp
< src/gromacs/gmxlib/nonbonded/nb_kernel_avx_128_fma_single/nb_kernel_ElecRFCut_VdwLJSh_GeomW4P1_avx_128_fma_single.cpp
< src/gromacs/gmxlib/nonbonded/nb_kernel_avx_128_fma_single/nb_kernel_ElecRFCut_VdwLJSh_GeomW4W4_avx_128_fma_single.cpp
< src/gromacs/gmxlib/nonbonded/nb_kernel_avx_128_fma_single/nb_kernel_ElecRFCut_VdwLJSw_GeomP1P1_avx_128_fma_single.cpp
< src/gromacs/gmxlib/nonbonded/nb_kernel_avx_128_fma_single/nb_kernel_ElecRFCut_VdwLJSw_GeomW3P1_avx_128_fma_single.cpp
< src/gromacs/gmxlib/nonbonded/nb_kernel_avx_128_fma_single/nb_kernel_ElecRFCut_VdwLJSw_GeomW3W3_avx_128_fma_single.cpp
< src/gromacs/gmxlib/nonbonded/nb_kernel_avx_128_fma_single/nb_kernel_ElecRFCut_VdwLJSw_GeomW4P1_avx_128_fma_single.cpp
< src/gromacs/gmxlib/nonbonded/nb_kernel_avx_128_fma_single/nb_kernel_ElecRFCut_VdwLJSw_GeomW4W4_avx_128_fma_single.cpp
< src/gromacs/gmxlib/nonbonded/nb_kernel_avx_128_fma_single/nb_kernel_ElecRFCut_VdwNone_GeomP1P1_avx_128_fma_single.cpp
< src/gromacs/gmxlib/nonbonded/nb_kernel_avx_128_fma_single/nb_kernel_ElecRFCut_VdwNone_GeomW3P1_avx_128_fma_single.cpp
< src/gromacs/gmxlib/nonbonded/nb_kernel_avx_128_fma_single/nb_kernel_ElecRFCut_VdwNone_GeomW3W3_avx_128_fma_single.cpp
< src/gromacs/gmxlib/nonbonded/nb_kernel_avx_128_fma_single/nb_kernel_ElecRFCut_VdwNone_GeomW4P1_avx_128_fma_single.cpp
< src/gromacs/gmxlib/nonbonded/nb_kernel_avx_128_fma_single/nb_kernel_ElecRFCut_VdwNone_GeomW4W4_avx_128_fma_single.cpp
< src/gromacs/gmxlib/nonbonded/nb_kernel_avx_128_fma_single/nb_kernel_ElecRF_VdwCSTab_GeomP1P1_avx_128_fma_single.cpp
< src/gromacs/gmxlib/nonbonded/nb_kernel_avx_128_fma_single/nb_kernel_ElecRF_VdwCSTab_GeomW3P1_avx_128_fma_single.cpp
< src/gromacs/gmxlib/nonbonded/nb_kernel_avx_128_fma_single/nb_kernel_ElecRF_VdwCSTab_GeomW3W3_avx_128_fma_single.cpp
< src/gromacs/gmxlib/nonbonded/nb_kernel_avx_128_fma_single/nb_kernel_ElecRF_VdwCSTab_GeomW4P1_avx_128_fma_single.cpp
< src/gromacs/gmxlib/nonbonded/nb_kernel_avx_128_fma_single/nb_kernel_ElecRF_VdwCSTab_GeomW4W4_avx_128_fma_single.cpp
< src/gromacs/gmxlib/nonbonded/nb_kernel_avx_128_fma_single/nb_kernel_ElecRF_VdwLJ_GeomP1P1_avx_128_fma_single.cpp
< src/gromacs/gmxlib/nonbonded/nb_kernel_avx_128_fma_single/nb_kernel_ElecRF_VdwLJ_GeomW3P1_avx_128_fma_single.cpp
< src/gromacs/gmxlib/nonbonded/nb_kernel_avx_128_fma_single/nb_kernel_ElecRF_VdwLJ_GeomW3W3_avx_128_fma_single.cpp
< src/gromacs/gmxlib/nonbonded/nb_kernel_avx_128_fma_single/nb_kernel_ElecRF_VdwLJ_GeomW4P1_avx_128_fma_single.cpp
< src/gromacs/gmxlib/nonbonded/nb_kernel_avx_128_fma_single/nb_kernel_ElecRF_VdwLJ_GeomW4W4_avx_128_fma_single.cpp
< src/gromacs/gmxlib/nonbonded/nb_kernel_avx_128_fma_single/nb_kernel_ElecRF_VdwNone_GeomP1P1_avx_128_fma_single.cpp
< src/gromacs/gmxlib/nonbonded/nb_kernel_avx_128_fma_single/nb_kernel_ElecRF_VdwNone_GeomW3P1_avx_128_fma_single.cpp
< src/gromacs/gmxlib/nonbonded/nb_kernel_avx_128_fma_single/nb_kernel_ElecRF_VdwNone_GeomW3W3_avx_128_fma_single.cpp
< src/gromacs/gmxlib/nonbonded/nb_kernel_avx_128_fma_single/nb_kernel_ElecRF_VdwNone_GeomW4P1_avx_128_fma_single.cpp
< src/gromacs/gmxlib/nonbonded/nb_kernel_avx_128_fma_single/nb_kernel_ElecRF_VdwNone_GeomW4W4_avx_128_fma_single.cpp
769d526
< src/gromacs/gmxlib/nonbonded/nb_kernel_avx_256_single/nb_kernel_avx_256_single.cpp
771,889d527
< src/gromacs/gmxlib/nonbonded/nb_kernel_avx_256_single/nb_kernel_ElecCoul_VdwCSTab_GeomP1P1_avx_256_single.cpp
< src/gromacs/gmxlib/nonbonded/nb_kernel_avx_256_single/nb_kernel_ElecCoul_VdwCSTab_GeomW3P1_avx_256_single.cpp
< src/gromacs/gmxlib/nonbonded/nb_kernel_avx_256_single/nb_kernel_ElecCoul_VdwCSTab_GeomW3W3_avx_256_single.cpp
< src/gromacs/gmxlib/nonbonded/nb_kernel_avx_256_single/nb_kernel_ElecCoul_VdwCSTab_GeomW4P1_avx_256_single.cpp
< src/gromacs/gmxlib/nonbonded/nb_kernel_avx_256_single/nb_kernel_ElecCoul_VdwCSTab_GeomW4W4_avx_256_single.cpp
< src/gromacs/gmxlib/nonbonded/nb_kernel_avx_256_single/nb_kernel_ElecCoul_VdwLJ_GeomP1P1_avx_256_single.cpp
< src/gromacs/gmxlib/nonbonded/nb_kernel_avx_256_single/nb_kernel_ElecCoul_VdwLJ_GeomW3P1_avx_256_single.cpp
< src/gromacs/gmxlib/nonbonded/nb_kernel_avx_256_single/nb_kernel_ElecCoul_VdwLJ_GeomW3W3_avx_256_single.cpp
< src/gromacs/gmxlib/nonbonded/nb_kernel_avx_256_single/nb_kernel_ElecCoul_VdwLJ_GeomW4P1_avx_256_single.cpp
< src/gromacs/gmxlib/nonbonded/nb_kernel_avx_256_single/nb_kernel_ElecCoul_VdwLJ_GeomW4W4_avx_256_single.cpp
< src/gromacs/gmxlib/nonbonded/nb_kernel_avx_256_single/nb_kernel_ElecCoul_VdwNone_GeomP1P1_avx_256_single.cpp
< src/gromacs/gmxlib/nonbonded/nb_kernel_avx_256_single/nb_kernel_ElecCoul_VdwNone_GeomW3P1_avx_256_single.cpp
< src/gromacs/gmxlib/nonbonded/nb_kernel_avx_256_single/nb_kernel_ElecCoul_VdwNone_GeomW3W3_avx_256_single.cpp
< src/gromacs/gmxlib/nonbonded/nb_kernel_avx_256_single/nb_kernel_ElecCoul_VdwNone_GeomW4P1_avx_256_single.cpp
< src/gromacs/gmxlib/nonbonded/nb_kernel_avx_256_single/nb_kernel_ElecCoul_VdwNone_GeomW4W4_avx_256_single.cpp
< src/gromacs/gmxlib/nonbonded/nb_kernel_avx_256_single/nb_kernel_ElecCSTab_VdwCSTab_GeomP1P1_avx_256_single.cpp
< src/gromacs/gmxlib/nonbonded/nb_kernel_avx_256_single/nb_kernel_ElecCSTab_VdwCSTab_GeomW3P1_avx_256_single.cpp
< src/gromacs/gmxlib/nonbonded/nb_kernel_avx_256_single/nb_kernel_ElecCSTab_VdwCSTab_GeomW3W3_avx_256_single.cpp
< src/gromacs/gmxlib/nonbonded/nb_kernel_avx_256_single/nb_kernel_ElecCSTab_VdwCSTab_GeomW4P1_avx_256_single.cpp
< src/gromacs/gmxlib/nonbonded/nb_kernel_avx_256_single/nb_kernel_ElecCSTab_VdwCSTab_GeomW4W4_avx_256_single.cpp
< src/gromacs/gmxlib/nonbonded/nb_kernel_avx_256_single/nb_kernel_ElecCSTab_VdwLJ_GeomP1P1_avx_256_single.cpp
< src/gromacs/gmxlib/nonbonded/nb_kernel_avx_256_single/nb_kernel_ElecCSTab_VdwLJ_GeomW3P1_avx_256_single.cpp
< src/gromacs/gmxlib/nonbonded/nb_kernel_avx_256_single/nb_kernel_ElecCSTab_VdwLJ_GeomW3W3_avx_256_single.cpp
< src/gromacs/gmxlib/nonbonded/nb_kernel_avx_256_single/nb_kernel_ElecCSTab_VdwLJ_GeomW4P1_avx_256_single.cpp
< src/gromacs/gmxlib/nonbonded/nb_kernel_avx_256_single/nb_kernel_ElecCSTab_VdwLJ_GeomW4W4_avx_256_single.cpp
< src/gromacs/gmxlib/nonbonded/nb_kernel_avx_256_single/nb_kernel_ElecCSTab_VdwNone_GeomP1P1_avx_256_single.cpp
< src/gromacs/gmxlib/nonbonded/nb_kernel_avx_256_single/nb_kernel_ElecCSTab_VdwNone_GeomW3P1_avx_256_single.cpp
< src/gromacs/gmxlib/nonbonded/nb_kernel_avx_256_single/nb_kernel_ElecCSTab_VdwNone_GeomW3W3_avx_256_single.cpp
< src/gromacs/gmxlib/nonbonded/nb_kernel_avx_256_single/nb_kernel_ElecCSTab_VdwNone_GeomW4P1_avx_256_single.cpp
< src/gromacs/gmxlib/nonbonded/nb_kernel_avx_256_single/nb_kernel_ElecCSTab_VdwNone_GeomW4W4_avx_256_single.cpp
< src/gromacs/gmxlib/nonbonded/nb_kernel_avx_256_single/nb_kernel_ElecEwSh_VdwLJEwSh_GeomP1P1_avx_256_single.cpp
< src/gromacs/gmxlib/nonbonded/nb_kernel_avx_256_single/nb_kernel_ElecEwSh_VdwLJEwSh_GeomW3P1_avx_256_single.cpp
< src/gromacs/gmxlib/nonbonded/nb_kernel_avx_256_single/nb_kernel_ElecEwSh_VdwLJEwSh_GeomW3W3_avx_256_single.cpp
< src/gromacs/gmxlib/nonbonded/nb_kernel_avx_256_single/nb_kernel_ElecEwSh_VdwLJEwSh_GeomW4P1_avx_256_single.cpp
< src/gromacs/gmxlib/nonbonded/nb_kernel_avx_256_single/nb_kernel_ElecEwSh_VdwLJEwSh_GeomW4W4_avx_256_single.cpp
< src/gromacs/gmxlib/nonbonded/nb_kernel_avx_256_single/nb_kernel_ElecEwSh_VdwLJSh_GeomP1P1_avx_256_single.cpp
< src/gromacs/gmxlib/nonbonded/nb_kernel_avx_256_single/nb_kernel_ElecEwSh_VdwLJSh_GeomW3P1_avx_256_single.cpp
< src/gromacs/gmxlib/nonbonded/nb_kernel_avx_256_single/nb_kernel_ElecEwSh_VdwLJSh_GeomW3W3_avx_256_single.cpp
< src/gromacs/gmxlib/nonbonded/nb_kernel_avx_256_single/nb_kernel_ElecEwSh_VdwLJSh_GeomW4P1_avx_256_single.cpp
< src/gromacs/gmxlib/nonbonded/nb_kernel_avx_256_single/nb_kernel_ElecEwSh_VdwLJSh_GeomW4W4_avx_256_single.cpp
< src/gromacs/gmxlib/nonbonded/nb_kernel_avx_256_single/nb_kernel_ElecEwSh_VdwNone_GeomP1P1_avx_256_single.cpp
< src/gromacs/gmxlib/nonbonded/nb_kernel_avx_256_single/nb_kernel_ElecEwSh_VdwNone_GeomW3P1_avx_256_single.cpp
< src/gromacs/gmxlib/nonbonded/nb_kernel_avx_256_single/nb_kernel_ElecEwSh_VdwNone_GeomW3W3_avx_256_single.cpp
< src/gromacs/gmxlib/nonbonded/nb_kernel_avx_256_single/nb_kernel_ElecEwSh_VdwNone_GeomW4P1_avx_256_single.cpp
< src/gromacs/gmxlib/nonbonded/nb_kernel_avx_256_single/nb_kernel_ElecEwSh_VdwNone_GeomW4W4_avx_256_single.cpp
< src/gromacs/gmxlib/nonbonded/nb_kernel_avx_256_single/nb_kernel_ElecEwSw_VdwLJSw_GeomP1P1_avx_256_single.cpp
< src/gromacs/gmxlib/nonbonded/nb_kernel_avx_256_single/nb_kernel_ElecEwSw_VdwLJSw_GeomW3P1_avx_256_single.cpp
< src/gromacs/gmxlib/nonbonded/nb_kernel_avx_256_single/nb_kernel_ElecEwSw_VdwLJSw_GeomW3W3_avx_256_single.cpp
< src/gromacs/gmxlib/nonbonded/nb_kernel_avx_256_single/nb_kernel_ElecEwSw_VdwLJSw_GeomW4P1_avx_256_single.cpp
< src/gromacs/gmxlib/nonbonded/nb_kernel_avx_256_single/nb_kernel_ElecEwSw_VdwLJSw_GeomW4W4_avx_256_single.cpp
< src/gromacs/gmxlib/nonbonded/nb_kernel_avx_256_single/nb_kernel_ElecEwSw_VdwNone_GeomP1P1_avx_256_single.cpp
< src/gromacs/gmxlib/nonbonded/nb_kernel_avx_256_single/nb_kernel_ElecEwSw_VdwNone_GeomW3P1_avx_256_single.cpp
< src/gromacs/gmxlib/nonbonded/nb_kernel_avx_256_single/nb_kernel_ElecEwSw_VdwNone_GeomW3W3_avx_256_single.cpp
< src/gromacs/gmxlib/nonbonded/nb_kernel_avx_256_single/nb_kernel_ElecEwSw_VdwNone_GeomW4P1_avx_256_single.cpp
< src/gromacs/gmxlib/nonbonded/nb_kernel_avx_256_single/nb_kernel_ElecEwSw_VdwNone_GeomW4W4_avx_256_single.cpp
< src/gromacs/gmxlib/nonbonded/nb_kernel_avx_256_single/nb_kernel_ElecEw_VdwCSTab_GeomP1P1_avx_256_single.cpp
< src/gromacs/gmxlib/nonbonded/nb_kernel_avx_256_single/nb_kernel_ElecEw_VdwCSTab_GeomW3P1_avx_256_single.cpp
< src/gromacs/gmxlib/nonbonded/nb_kernel_avx_256_single/nb_kernel_ElecEw_VdwCSTab_GeomW3W3_avx_256_single.cpp
< src/gromacs/gmxlib/nonbonded/nb_kernel_avx_256_single/nb_kernel_ElecEw_VdwCSTab_GeomW4P1_avx_256_single.cpp
< src/gromacs/gmxlib/nonbonded/nb_kernel_avx_256_single/nb_kernel_ElecEw_VdwCSTab_GeomW4W4_avx_256_single.cpp
< src/gromacs/gmxlib/nonbonded/nb_kernel_avx_256_single/nb_kernel_ElecEw_VdwLJEw_GeomP1P1_avx_256_single.cpp
< src/gromacs/gmxlib/nonbonded/nb_kernel_avx_256_single/nb_kernel_ElecEw_VdwLJEw_GeomW3P1_avx_256_single.cpp
< src/gromacs/gmxlib/nonbonded/nb_kernel_avx_256_single/nb_kernel_ElecEw_VdwLJEw_GeomW3W3_avx_256_single.cpp
< src/gromacs/gmxlib/nonbonded/nb_kernel_avx_256_single/nb_kernel_ElecEw_VdwLJEw_GeomW4P1_avx_256_single.cpp
< src/gromacs/gmxlib/nonbonded/nb_kernel_avx_256_single/nb_kernel_ElecEw_VdwLJEw_GeomW4W4_avx_256_single.cpp
< src/gromacs/gmxlib/nonbonded/nb_kernel_avx_256_single/nb_kernel_ElecEw_VdwLJ_GeomP1P1_avx_256_single.cpp
< src/gromacs/gmxlib/nonbonded/nb_kernel_avx_256_single/nb_kernel_ElecEw_VdwLJ_GeomW3P1_avx_256_single.cpp
< src/gromacs/gmxlib/nonbonded/nb_kernel_avx_256_single/nb_kernel_ElecEw_VdwLJ_GeomW3W3_avx_256_single.cpp
< src/gromacs/gmxlib/nonbonded/nb_kernel_avx_256_single/nb_kernel_ElecEw_VdwLJ_GeomW4P1_avx_256_single.cpp
< src/gromacs/gmxlib/nonbonded/nb_kernel_avx_256_single/nb_kernel_ElecEw_VdwLJ_GeomW4W4_avx_256_single.cpp
< src/gromacs/gmxlib/nonbonded/nb_kernel_avx_256_single/nb_kernel_ElecEw_VdwNone_GeomP1P1_avx_256_single.cpp
< src/gromacs/gmxlib/nonbonded/nb_kernel_avx_256_single/nb_kernel_ElecEw_VdwNone_GeomW3P1_avx_256_single.cpp
< src/gromacs/gmxlib/nonbonded/nb_kernel_avx_256_single/nb_kernel_ElecEw_VdwNone_GeomW3W3_avx_256_single.cpp
< src/gromacs/gmxlib/nonbonded/nb_kernel_avx_256_single/nb_kernel_ElecEw_VdwNone_GeomW4P1_avx_256_single.cpp
< src/gromacs/gmxlib/nonbonded/nb_kernel_avx_256_single/nb_kernel_ElecEw_VdwNone_GeomW4W4_avx_256_single.cpp
< src/gromacs/gmxlib/nonbonded/nb_kernel_avx_256_single/nb_kernel_ElecGB_VdwCSTab_GeomP1P1_avx_256_single.cpp
< src/gromacs/gmxlib/nonbonded/nb_kernel_avx_256_single/nb_kernel_ElecGB_VdwLJ_GeomP1P1_avx_256_single.cpp
< src/gromacs/gmxlib/nonbonded/nb_kernel_avx_256_single/nb_kernel_ElecGB_VdwNone_GeomP1P1_avx_256_single.cpp
< src/gromacs/gmxlib/nonbonded/nb_kernel_avx_256_single/nb_kernel_ElecNone_VdwCSTab_GeomP1P1_avx_256_single.cpp
< src/gromacs/gmxlib/nonbonded/nb_kernel_avx_256_single/nb_kernel_ElecNone_VdwLJEw_GeomP1P1_avx_256_single.cpp
< src/gromacs/gmxlib/nonbonded/nb_kernel_avx_256_single/nb_kernel_ElecNone_VdwLJEwSh_GeomP1P1_avx_256_single.cpp
< src/gromacs/gmxlib/nonbonded/nb_kernel_avx_256_single/nb_kernel_ElecNone_VdwLJ_GeomP1P1_avx_256_single.cpp
< src/gromacs/gmxlib/nonbonded/nb_kernel_avx_256_single/nb_kernel_ElecNone_VdwLJSh_GeomP1P1_avx_256_single.cpp
< src/gromacs/gmxlib/nonbonded/nb_kernel_avx_256_single/nb_kernel_ElecNone_VdwLJSw_GeomP1P1_avx_256_single.cpp
< src/gromacs/gmxlib/nonbonded/nb_kernel_avx_256_single/nb_kernel_ElecRFCut_VdwCSTab_GeomP1P1_avx_256_single.cpp
< src/gromacs/gmxlib/nonbonded/nb_kernel_avx_256_single/nb_kernel_ElecRFCut_VdwCSTab_GeomW3P1_avx_256_single.cpp
< src/gromacs/gmxlib/nonbonded/nb_kernel_avx_256_single/nb_kernel_ElecRFCut_VdwCSTab_GeomW3W3_avx_256_single.cpp
< src/gromacs/gmxlib/nonbonded/nb_kernel_avx_256_single/nb_kernel_ElecRFCut_VdwCSTab_GeomW4P1_avx_256_single.cpp
< src/gromacs/gmxlib/nonbonded/nb_kernel_avx_256_single/nb_kernel_ElecRFCut_VdwCSTab_GeomW4W4_avx_256_single.cpp
< src/gromacs/gmxlib/nonbonded/nb_kernel_avx_256_single/nb_kernel_ElecRFCut_VdwLJSh_GeomP1P1_avx_256_single.cpp
< src/gromacs/gmxlib/nonbonded/nb_kernel_avx_256_single/nb_kernel_ElecRFCut_VdwLJSh_GeomW3P1_avx_256_single.cpp
< src/gromacs/gmxlib/nonbonded/nb_kernel_avx_256_single/nb_kernel_ElecRFCut_VdwLJSh_GeomW3W3_avx_256_single.cpp
< src/gromacs/gmxlib/nonbonded/nb_kernel_avx_256_single/nb_kernel_ElecRFCut_VdwLJSh_GeomW4P1_avx_256_single.cpp
< src/gromacs/gmxlib/nonbonded/nb_kernel_avx_256_single/nb_kernel_ElecRFCut_VdwLJSh_GeomW4W4_avx_256_single.cpp
< src/gromacs/gmxlib/nonbonded/nb_kernel_avx_256_single/nb_kernel_ElecRFCut_VdwLJSw_GeomP1P1_avx_256_single.cpp
< src/gromacs/gmxlib/nonbonded/nb_kernel_avx_256_single/nb_kernel_ElecRFCut_VdwLJSw_GeomW3P1_avx_256_single.cpp
< src/gromacs/gmxlib/nonbonded/nb_kernel_avx_256_single/nb_kernel_ElecRFCut_VdwLJSw_GeomW3W3_avx_256_single.cpp
< src/gromacs/gmxlib/nonbonded/nb_kernel_avx_256_single/nb_kernel_ElecRFCut_VdwLJSw_GeomW4P1_avx_256_single.cpp
< src/gromacs/gmxlib/nonbonded/nb_kernel_avx_256_single/nb_kernel_ElecRFCut_VdwLJSw_GeomW4W4_avx_256_single.cpp
< src/gromacs/gmxlib/nonbonded/nb_kernel_avx_256_single/nb_kernel_ElecRFCut_VdwNone_GeomP1P1_avx_256_single.cpp
< src/gromacs/gmxlib/nonbonded/nb_kernel_avx_256_single/nb_kernel_ElecRFCut_VdwNone_GeomW3P1_avx_256_single.cpp
< src/gromacs/gmxlib/nonbonded/nb_kernel_avx_256_single/nb_kernel_ElecRFCut_VdwNone_GeomW3W3_avx_256_single.cpp
< src/gromacs/gmxlib/nonbonded/nb_kernel_avx_256_single/nb_kernel_ElecRFCut_VdwNone_GeomW4P1_avx_256_single.cpp
< src/gromacs/gmxlib/nonbonded/nb_kernel_avx_256_single/nb_kernel_ElecRFCut_VdwNone_GeomW4W4_avx_256_single.cpp
< src/gromacs/gmxlib/nonbonded/nb_kernel_avx_256_single/nb_kernel_ElecRF_VdwCSTab_GeomP1P1_avx_256_single.cpp
< src/gromacs/gmxlib/nonbonded/nb_kernel_avx_256_single/nb_kernel_ElecRF_VdwCSTab_GeomW3P1_avx_256_single.cpp
< src/gromacs/gmxlib/nonbonded/nb_kernel_avx_256_single/nb_kernel_ElecRF_VdwCSTab_GeomW3W3_avx_256_single.cpp
< src/gromacs/gmxlib/nonbonded/nb_kernel_avx_256_single/nb_kernel_ElecRF_VdwCSTab_GeomW4P1_avx_256_single.cpp
< src/gromacs/gmxlib/nonbonded/nb_kernel_avx_256_single/nb_kernel_ElecRF_VdwCSTab_GeomW4W4_avx_256_single.cpp
< src/gromacs/gmxlib/nonbonded/nb_kernel_avx_256_single/nb_kernel_ElecRF_VdwLJ_GeomP1P1_avx_256_single.cpp
< src/gromacs/gmxlib/nonbonded/nb_kernel_avx_256_single/nb_kernel_ElecRF_VdwLJ_GeomW3P1_avx_256_single.cpp
< src/gromacs/gmxlib/nonbonded/nb_kernel_avx_256_single/nb_kernel_ElecRF_VdwLJ_GeomW3W3_avx_256_single.cpp
< src/gromacs/gmxlib/nonbonded/nb_kernel_avx_256_single/nb_kernel_ElecRF_VdwLJ_GeomW4P1_avx_256_single.cpp
< src/gromacs/gmxlib/nonbonded/nb_kernel_avx_256_single/nb_kernel_ElecRF_VdwLJ_GeomW4W4_avx_256_single.cpp
< src/gromacs/gmxlib/nonbonded/nb_kernel_avx_256_single/nb_kernel_ElecRF_VdwNone_GeomP1P1_avx_256_single.cpp
< src/gromacs/gmxlib/nonbonded/nb_kernel_avx_256_single/nb_kernel_ElecRF_VdwNone_GeomW3P1_avx_256_single.cpp
< src/gromacs/gmxlib/nonbonded/nb_kernel_avx_256_single/nb_kernel_ElecRF_VdwNone_GeomW3W3_avx_256_single.cpp
< src/gromacs/gmxlib/nonbonded/nb_kernel_avx_256_single/nb_kernel_ElecRF_VdwNone_GeomW4P1_avx_256_single.cpp
< src/gromacs/gmxlib/nonbonded/nb_kernel_avx_256_single/nb_kernel_ElecRF_VdwNone_GeomW4W4_avx_256_single.cpp
896,1015d533
< src/gromacs/gmxlib/nonbonded/nb_kernel_sparc64_hpc_ace_double/nb_kernel_ElecCoul_VdwCSTab_GeomP1P1_sparc64_hpc_ace_double.cpp
< src/gromacs/gmxlib/nonbonded/nb_kernel_sparc64_hpc_ace_double/nb_kernel_ElecCoul_VdwCSTab_GeomW3P1_sparc64_hpc_ace_double.cpp
< src/gromacs/gmxlib/nonbonded/nb_kernel_sparc64_hpc_ace_double/nb_kernel_ElecCoul_VdwCSTab_GeomW3W3_sparc64_hpc_ace_double.cpp
< src/gromacs/gmxlib/nonbonded/nb_kernel_sparc64_hpc_ace_double/nb_kernel_ElecCoul_VdwCSTab_GeomW4P1_sparc64_hpc_ace_double.cpp
< src/gromacs/gmxlib/nonbonded/nb_kernel_sparc64_hpc_ace_double/nb_kernel_ElecCoul_VdwCSTab_GeomW4W4_sparc64_hpc_ace_double.cpp
< src/gromacs/gmxlib/nonbonded/nb_kernel_sparc64_hpc_ace_double/nb_kernel_ElecCoul_VdwLJ_GeomP1P1_sparc64_hpc_ace_double.cpp
< src/gromacs/gmxlib/nonbonded/nb_kernel_sparc64_hpc_ace_double/nb_kernel_ElecCoul_VdwLJ_GeomW3P1_sparc64_hpc_ace_double.cpp
< src/gromacs/gmxlib/nonbonded/nb_kernel_sparc64_hpc_ace_double/nb_kernel_ElecCoul_VdwLJ_GeomW3W3_sparc64_hpc_ace_double.cpp
< src/gromacs/gmxlib/nonbonded/nb_kernel_sparc64_hpc_ace_double/nb_kernel_ElecCoul_VdwLJ_GeomW4P1_sparc64_hpc_ace_double.cpp
< src/gromacs/gmxlib/nonbonded/nb_kernel_sparc64_hpc_ace_double/nb_kernel_ElecCoul_VdwLJ_GeomW4W4_sparc64_hpc_ace_double.cpp
< src/gromacs/gmxlib/nonbonded/nb_kernel_sparc64_hpc_ace_double/nb_kernel_ElecCoul_VdwNone_GeomP1P1_sparc64_hpc_ace_double.cpp
< src/gromacs/gmxlib/nonbonded/nb_kernel_sparc64_hpc_ace_double/nb_kernel_ElecCoul_VdwNone_GeomW3P1_sparc64_hpc_ace_double.cpp
< src/gromacs/gmxlib/nonbonded/nb_kernel_sparc64_hpc_ace_double/nb_kernel_ElecCoul_VdwNone_GeomW3W3_sparc64_hpc_ace_double.cpp
< src/gromacs/gmxlib/nonbonded/nb_kernel_sparc64_hpc_ace_double/nb_kernel_ElecCoul_VdwNone_GeomW4P1_sparc64_hpc_ace_double.cpp
< src/gromacs/gmxlib/nonbonded/nb_kernel_sparc64_hpc_ace_double/nb_kernel_ElecCoul_VdwNone_GeomW4W4_sparc64_hpc_ace_double.cpp
< src/gromacs/gmxlib/nonbonded/nb_kernel_sparc64_hpc_ace_double/nb_kernel_ElecCSTab_VdwCSTab_GeomP1P1_sparc64_hpc_ace_double.cpp
< src/gromacs/gmxlib/nonbonded/nb_kernel_sparc64_hpc_ace_double/nb_kernel_ElecCSTab_VdwCSTab_GeomW3P1_sparc64_hpc_ace_double.cpp
< src/gromacs/gmxlib/nonbonded/nb_kernel_sparc64_hpc_ace_double/nb_kernel_ElecCSTab_VdwCSTab_GeomW3W3_sparc64_hpc_ace_double.cpp
< src/gromacs/gmxlib/nonbonded/nb_kernel_sparc64_hpc_ace_double/nb_kernel_ElecCSTab_VdwCSTab_GeomW4P1_sparc64_hpc_ace_double.cpp
< src/gromacs/gmxlib/nonbonded/nb_kernel_sparc64_hpc_ace_double/nb_kernel_ElecCSTab_VdwCSTab_GeomW4W4_sparc64_hpc_ace_double.cpp
< src/gromacs/gmxlib/nonbonded/nb_kernel_sparc64_hpc_ace_double/nb_kernel_ElecCSTab_VdwLJ_GeomP1P1_sparc64_hpc_ace_double.cpp
< src/gromacs/gmxlib/nonbonded/nb_kernel_sparc64_hpc_ace_double/nb_kernel_ElecCSTab_VdwLJ_GeomW3P1_sparc64_hpc_ace_double.cpp
< src/gromacs/gmxlib/nonbonded/nb_kernel_sparc64_hpc_ace_double/nb_kernel_ElecCSTab_VdwLJ_GeomW3W3_sparc64_hpc_ace_double.cpp
< src/gromacs/gmxlib/nonbonded/nb_kernel_sparc64_hpc_ace_double/nb_kernel_ElecCSTab_VdwLJ_GeomW4P1_sparc64_hpc_ace_double.cpp
< src/gromacs/gmxlib/nonbonded/nb_kernel_sparc64_hpc_ace_double/nb_kernel_ElecCSTab_VdwLJ_GeomW4W4_sparc64_hpc_ace_double.cpp
< src/gromacs/gmxlib/nonbonded/nb_kernel_sparc64_hpc_ace_double/nb_kernel_ElecCSTab_VdwNone_GeomP1P1_sparc64_hpc_ace_double.cpp
< src/gromacs/gmxlib/nonbonded/nb_kernel_sparc64_hpc_ace_double/nb_kernel_ElecCSTab_VdwNone_GeomW3P1_sparc64_hpc_ace_double.cpp
< src/gromacs/gmxlib/nonbonded/nb_kernel_sparc64_hpc_ace_double/nb_kernel_ElecCSTab_VdwNone_GeomW3W3_sparc64_hpc_ace_double.cpp
< src/gromacs/gmxlib/nonbonded/nb_kernel_sparc64_hpc_ace_double/nb_kernel_ElecCSTab_VdwNone_GeomW4P1_sparc64_hpc_ace_double.cpp
< src/gromacs/gmxlib/nonbonded/nb_kernel_sparc64_hpc_ace_double/nb_kernel_ElecCSTab_VdwNone_GeomW4W4_sparc64_hpc_ace_double.cpp
< src/gromacs/gmxlib/nonbonded/nb_kernel_sparc64_hpc_ace_double/nb_kernel_ElecEwSh_VdwLJEwSh_GeomP1P1_sparc64_hpc_ace_double.cpp
< src/gromacs/gmxlib/nonbonded/nb_kernel_sparc64_hpc_ace_double/nb_kernel_ElecEwSh_VdwLJEwSh_GeomW3P1_sparc64_hpc_ace_double.cpp
< src/gromacs/gmxlib/nonbonded/nb_kernel_sparc64_hpc_ace_double/nb_kernel_ElecEwSh_VdwLJEwSh_GeomW3W3_sparc64_hpc_ace_double.cpp
< src/gromacs/gmxlib/nonbonded/nb_kernel_sparc64_hpc_ace_double/nb_kernel_ElecEwSh_VdwLJEwSh_GeomW4P1_sparc64_hpc_ace_double.cpp
< src/gromacs/gmxlib/nonbonded/nb_kernel_sparc64_hpc_ace_double/nb_kernel_ElecEwSh_VdwLJEwSh_GeomW4W4_sparc64_hpc_ace_double.cpp
< src/gromacs/gmxlib/nonbonded/nb_kernel_sparc64_hpc_ace_double/nb_kernel_ElecEwSh_VdwLJSh_GeomP1P1_sparc64_hpc_ace_double.cpp
< src/gromacs/gmxlib/nonbonded/nb_kernel_sparc64_hpc_ace_double/nb_kernel_ElecEwSh_VdwLJSh_GeomW3P1_sparc64_hpc_ace_double.cpp
< src/gromacs/gmxlib/nonbonded/nb_kernel_sparc64_hpc_ace_double/nb_kernel_ElecEwSh_VdwLJSh_GeomW3W3_sparc64_hpc_ace_double.cpp
< src/gromacs/gmxlib/nonbonded/nb_kernel_sparc64_hpc_ace_double/nb_kernel_ElecEwSh_VdwLJSh_GeomW4P1_sparc64_hpc_ace_double.cpp
< src/gromacs/gmxlib/nonbonded/nb_kernel_sparc64_hpc_ace_double/nb_kernel_ElecEwSh_VdwLJSh_GeomW4W4_sparc64_hpc_ace_double.cpp
< src/gromacs/gmxlib/nonbonded/nb_kernel_sparc64_hpc_ace_double/nb_kernel_ElecEwSh_VdwNone_GeomP1P1_sparc64_hpc_ace_double.cpp
< src/gromacs/gmxlib/nonbonded/nb_kernel_sparc64_hpc_ace_double/nb_kernel_ElecEwSh_VdwNone_GeomW3P1_sparc64_hpc_ace_double.cpp
< src/gromacs/gmxlib/nonbonded/nb_kernel_sparc64_hpc_ace_double/nb_kernel_ElecEwSh_VdwNone_GeomW3W3_sparc64_hpc_ace_double.cpp
< src/gromacs/gmxlib/nonbonded/nb_kernel_sparc64_hpc_ace_double/nb_kernel_ElecEwSh_VdwNone_GeomW4P1_sparc64_hpc_ace_double.cpp
< src/gromacs/gmxlib/nonbonded/nb_kernel_sparc64_hpc_ace_double/nb_kernel_ElecEwSh_VdwNone_GeomW4W4_sparc64_hpc_ace_double.cpp
< src/gromacs/gmxlib/nonbonded/nb_kernel_sparc64_hpc_ace_double/nb_kernel_ElecEwSw_VdwLJSw_GeomP1P1_sparc64_hpc_ace_double.cpp
< src/gromacs/gmxlib/nonbonded/nb_kernel_sparc64_hpc_ace_double/nb_kernel_ElecEwSw_VdwLJSw_GeomW3P1_sparc64_hpc_ace_double.cpp
< src/gromacs/gmxlib/nonbonded/nb_kernel_sparc64_hpc_ace_double/nb_kernel_ElecEwSw_VdwLJSw_GeomW3W3_sparc64_hpc_ace_double.cpp
< src/gromacs/gmxlib/nonbonded/nb_kernel_sparc64_hpc_ace_double/nb_kernel_ElecEwSw_VdwLJSw_GeomW4P1_sparc64_hpc_ace_double.cpp
< src/gromacs/gmxlib/nonbonded/nb_kernel_sparc64_hpc_ace_double/nb_kernel_ElecEwSw_VdwLJSw_GeomW4W4_sparc64_hpc_ace_double.cpp
< src/gromacs/gmxlib/nonbonded/nb_kernel_sparc64_hpc_ace_double/nb_kernel_ElecEwSw_VdwNone_GeomP1P1_sparc64_hpc_ace_double.cpp
< src/gromacs/gmxlib/nonbonded/nb_kernel_sparc64_hpc_ace_double/nb_kernel_ElecEwSw_VdwNone_GeomW3P1_sparc64_hpc_ace_double.cpp
< src/gromacs/gmxlib/nonbonded/nb_kernel_sparc64_hpc_ace_double/nb_kernel_ElecEwSw_VdwNone_GeomW3W3_sparc64_hpc_ace_double.cpp
< src/gromacs/gmxlib/nonbonded/nb_kernel_sparc64_hpc_ace_double/nb_kernel_ElecEwSw_VdwNone_GeomW4P1_sparc64_hpc_ace_double.cpp
< src/gromacs/gmxlib/nonbonded/nb_kernel_sparc64_hpc_ace_double/nb_kernel_ElecEwSw_VdwNone_GeomW4W4_sparc64_hpc_ace_double.cpp
< src/gromacs/gmxlib/nonbonded/nb_kernel_sparc64_hpc_ace_double/nb_kernel_ElecEw_VdwCSTab_GeomP1P1_sparc64_hpc_ace_double.cpp
< src/gromacs/gmxlib/nonbonded/nb_kernel_sparc64_hpc_ace_double/nb_kernel_ElecEw_VdwCSTab_GeomW3P1_sparc64_hpc_ace_double.cpp
< src/gromacs/gmxlib/nonbonded/nb_kernel_sparc64_hpc_ace_double/nb_kernel_ElecEw_VdwCSTab_GeomW3W3_sparc64_hpc_ace_double.cpp
< src/gromacs/gmxlib/nonbonded/nb_kernel_sparc64_hpc_ace_double/nb_kernel_ElecEw_VdwCSTab_GeomW4P1_sparc64_hpc_ace_double.cpp
< src/gromacs/gmxlib/nonbonded/nb_kernel_sparc64_hpc_ace_double/nb_kernel_ElecEw_VdwCSTab_GeomW4W4_sparc64_hpc_ace_double.cpp
< src/gromacs/gmxlib/nonbonded/nb_kernel_sparc64_hpc_ace_double/nb_kernel_ElecEw_VdwLJEw_GeomP1P1_sparc64_hpc_ace_double.cpp
< src/gromacs/gmxlib/nonbonded/nb_kernel_sparc64_hpc_ace_double/nb_kernel_ElecEw_VdwLJEw_GeomW3P1_sparc64_hpc_ace_double.cpp
< src/gromacs/gmxlib/nonbonded/nb_kernel_sparc64_hpc_ace_double/nb_kernel_ElecEw_VdwLJEw_GeomW3W3_sparc64_hpc_ace_double.cpp
< src/gromacs/gmxlib/nonbonded/nb_kernel_sparc64_hpc_ace_double/nb_kernel_ElecEw_VdwLJEw_GeomW4P1_sparc64_hpc_ace_double.cpp
< src/gromacs/gmxlib/nonbonded/nb_kernel_sparc64_hpc_ace_double/nb_kernel_ElecEw_VdwLJEw_GeomW4W4_sparc64_hpc_ace_double.cpp
< src/gromacs/gmxlib/nonbonded/nb_kernel_sparc64_hpc_ace_double/nb_kernel_ElecEw_VdwLJ_GeomP1P1_sparc64_hpc_ace_double.cpp
< src/gromacs/gmxlib/nonbonded/nb_kernel_sparc64_hpc_ace_double/nb_kernel_ElecEw_VdwLJ_GeomW3P1_sparc64_hpc_ace_double.cpp
< src/gromacs/gmxlib/nonbonded/nb_kernel_sparc64_hpc_ace_double/nb_kernel_ElecEw_VdwLJ_GeomW3W3_sparc64_hpc_ace_double.cpp
< src/gromacs/gmxlib/nonbonded/nb_kernel_sparc64_hpc_ace_double/nb_kernel_ElecEw_VdwLJ_GeomW4P1_sparc64_hpc_ace_double.cpp
< src/gromacs/gmxlib/nonbonded/nb_kernel_sparc64_hpc_ace_double/nb_kernel_ElecEw_VdwLJ_GeomW4W4_sparc64_hpc_ace_double.cpp
< src/gromacs/gmxlib/nonbonded/nb_kernel_sparc64_hpc_ace_double/nb_kernel_ElecEw_VdwNone_GeomP1P1_sparc64_hpc_ace_double.cpp
< src/gromacs/gmxlib/nonbonded/nb_kernel_sparc64_hpc_ace_double/nb_kernel_ElecEw_VdwNone_GeomW3P1_sparc64_hpc_ace_double.cpp
< src/gromacs/gmxlib/nonbonded/nb_kernel_sparc64_hpc_ace_double/nb_kernel_ElecEw_VdwNone_GeomW3W3_sparc64_hpc_ace_double.cpp
< src/gromacs/gmxlib/nonbonded/nb_kernel_sparc64_hpc_ace_double/nb_kernel_ElecEw_VdwNone_GeomW4P1_sparc64_hpc_ace_double.cpp
< src/gromacs/gmxlib/nonbonded/nb_kernel_sparc64_hpc_ace_double/nb_kernel_ElecEw_VdwNone_GeomW4W4_sparc64_hpc_ace_double.cpp
< src/gromacs/gmxlib/nonbonded/nb_kernel_sparc64_hpc_ace_double/nb_kernel_ElecGB_VdwCSTab_GeomP1P1_sparc64_hpc_ace_double.cpp
< src/gromacs/gmxlib/nonbonded/nb_kernel_sparc64_hpc_ace_double/nb_kernel_ElecGB_VdwLJ_GeomP1P1_sparc64_hpc_ace_double.cpp
< src/gromacs/gmxlib/nonbonded/nb_kernel_sparc64_hpc_ace_double/nb_kernel_ElecGB_VdwNone_GeomP1P1_sparc64_hpc_ace_double.cpp
< src/gromacs/gmxlib/nonbonded/nb_kernel_sparc64_hpc_ace_double/nb_kernel_ElecNone_VdwCSTab_GeomP1P1_sparc64_hpc_ace_double.cpp
< src/gromacs/gmxlib/nonbonded/nb_kernel_sparc64_hpc_ace_double/nb_kernel_ElecNone_VdwLJEw_GeomP1P1_sparc64_hpc_ace_double.cpp
< src/gromacs/gmxlib/nonbonded/nb_kernel_sparc64_hpc_ace_double/nb_kernel_ElecNone_VdwLJEwSh_GeomP1P1_sparc64_hpc_ace_double.cpp
< src/gromacs/gmxlib/nonbonded/nb_kernel_sparc64_hpc_ace_double/nb_kernel_ElecNone_VdwLJ_GeomP1P1_sparc64_hpc_ace_double.cpp
< src/gromacs/gmxlib/nonbonded/nb_kernel_sparc64_hpc_ace_double/nb_kernel_ElecNone_VdwLJSh_GeomP1P1_sparc64_hpc_ace_double.cpp
< src/gromacs/gmxlib/nonbonded/nb_kernel_sparc64_hpc_ace_double/nb_kernel_ElecNone_VdwLJSw_GeomP1P1_sparc64_hpc_ace_double.cpp
< src/gromacs/gmxlib/nonbonded/nb_kernel_sparc64_hpc_ace_double/nb_kernel_ElecRFCut_VdwCSTab_GeomP1P1_sparc64_hpc_ace_double.cpp
< src/gromacs/gmxlib/nonbonded/nb_kernel_sparc64_hpc_ace_double/nb_kernel_ElecRFCut_VdwCSTab_GeomW3P1_sparc64_hpc_ace_double.cpp
< src/gromacs/gmxlib/nonbonded/nb_kernel_sparc64_hpc_ace_double/nb_kernel_ElecRFCut_VdwCSTab_GeomW3W3_sparc64_hpc_ace_double.cpp
< src/gromacs/gmxlib/nonbonded/nb_kernel_sparc64_hpc_ace_double/nb_kernel_ElecRFCut_VdwCSTab_GeomW4P1_sparc64_hpc_ace_double.cpp
< src/gromacs/gmxlib/nonbonded/nb_kernel_sparc64_hpc_ace_double/nb_kernel_ElecRFCut_VdwCSTab_GeomW4W4_sparc64_hpc_ace_double.cpp
< src/gromacs/gmxlib/nonbonded/nb_kernel_sparc64_hpc_ace_double/nb_kernel_ElecRFCut_VdwLJSh_GeomP1P1_sparc64_hpc_ace_double.cpp
< src/gromacs/gmxlib/nonbonded/nb_kernel_sparc64_hpc_ace_double/nb_kernel_ElecRFCut_VdwLJSh_GeomW3P1_sparc64_hpc_ace_double.cpp
< src/gromacs/gmxlib/nonbonded/nb_kernel_sparc64_hpc_ace_double/nb_kernel_ElecRFCut_VdwLJSh_GeomW3W3_sparc64_hpc_ace_double.cpp
< src/gromacs/gmxlib/nonbonded/nb_kernel_sparc64_hpc_ace_double/nb_kernel_ElecRFCut_VdwLJSh_GeomW4P1_sparc64_hpc_ace_double.cpp
< src/gromacs/gmxlib/nonbonded/nb_kernel_sparc64_hpc_ace_double/nb_kernel_ElecRFCut_VdwLJSh_GeomW4W4_sparc64_hpc_ace_double.cpp
< src/gromacs/gmxlib/nonbonded/nb_kernel_sparc64_hpc_ace_double/nb_kernel_ElecRFCut_VdwLJSw_GeomP1P1_sparc64_hpc_ace_double.cpp
< src/gromacs/gmxlib/nonbonded/nb_kernel_sparc64_hpc_ace_double/nb_kernel_ElecRFCut_VdwLJSw_GeomW3P1_sparc64_hpc_ace_double.cpp
< src/gromacs/gmxlib/nonbonded/nb_kernel_sparc64_hpc_ace_double/nb_kernel_ElecRFCut_VdwLJSw_GeomW3W3_sparc64_hpc_ace_double.cpp
< src/gromacs/gmxlib/nonbonded/nb_kernel_sparc64_hpc_ace_double/nb_kernel_ElecRFCut_VdwLJSw_GeomW4P1_sparc64_hpc_ace_double.cpp
< src/gromacs/gmxlib/nonbonded/nb_kernel_sparc64_hpc_ace_double/nb_kernel_ElecRFCut_VdwLJSw_GeomW4W4_sparc64_hpc_ace_double.cpp
< src/gromacs/gmxlib/nonbonded/nb_kernel_sparc64_hpc_ace_double/nb_kernel_ElecRFCut_VdwNone_GeomP1P1_sparc64_hpc_ace_double.cpp
< src/gromacs/gmxlib/nonbonded/nb_kernel_sparc64_hpc_ace_double/nb_kernel_ElecRFCut_VdwNone_GeomW3P1_sparc64_hpc_ace_double.cpp
< src/gromacs/gmxlib/nonbonded/nb_kernel_sparc64_hpc_ace_double/nb_kernel_ElecRFCut_VdwNone_GeomW3W3_sparc64_hpc_ace_double.cpp
< src/gromacs/gmxlib/nonbonded/nb_kernel_sparc64_hpc_ace_double/nb_kernel_ElecRFCut_VdwNone_GeomW4P1_sparc64_hpc_ace_double.cpp
< src/gromacs/gmxlib/nonbonded/nb_kernel_sparc64_hpc_ace_double/nb_kernel_ElecRFCut_VdwNone_GeomW4W4_sparc64_hpc_ace_double.cpp
< src/gromacs/gmxlib/nonbonded/nb_kernel_sparc64_hpc_ace_double/nb_kernel_ElecRF_VdwCSTab_GeomP1P1_sparc64_hpc_ace_double.cpp
< src/gromacs/gmxlib/nonbonded/nb_kernel_sparc64_hpc_ace_double/nb_kernel_ElecRF_VdwCSTab_GeomW3P1_sparc64_hpc_ace_double.cpp
< src/gromacs/gmxlib/nonbonded/nb_kernel_sparc64_hpc_ace_double/nb_kernel_ElecRF_VdwCSTab_GeomW3W3_sparc64_hpc_ace_double.cpp
< src/gromacs/gmxlib/nonbonded/nb_kernel_sparc64_hpc_ace_double/nb_kernel_ElecRF_VdwCSTab_GeomW4P1_sparc64_hpc_ace_double.cpp
< src/gromacs/gmxlib/nonbonded/nb_kernel_sparc64_hpc_ace_double/nb_kernel_ElecRF_VdwCSTab_GeomW4W4_sparc64_hpc_ace_double.cpp
< src/gromacs/gmxlib/nonbonded/nb_kernel_sparc64_hpc_ace_double/nb_kernel_ElecRF_VdwLJ_GeomP1P1_sparc64_hpc_ace_double.cpp
< src/gromacs/gmxlib/nonbonded/nb_kernel_sparc64_hpc_ace_double/nb_kernel_ElecRF_VdwLJ_GeomW3P1_sparc64_hpc_ace_double.cpp
< src/gromacs/gmxlib/nonbonded/nb_kernel_sparc64_hpc_ace_double/nb_kernel_ElecRF_VdwLJ_GeomW3W3_sparc64_hpc_ace_double.cpp
< src/gromacs/gmxlib/nonbonded/nb_kernel_sparc64_hpc_ace_double/nb_kernel_ElecRF_VdwLJ_GeomW4P1_sparc64_hpc_ace_double.cpp
< src/gromacs/gmxlib/nonbonded/nb_kernel_sparc64_hpc_ace_double/nb_kernel_ElecRF_VdwLJ_GeomW4W4_sparc64_hpc_ace_double.cpp
< src/gromacs/gmxlib/nonbonded/nb_kernel_sparc64_hpc_ace_double/nb_kernel_ElecRF_VdwNone_GeomP1P1_sparc64_hpc_ace_double.cpp
< src/gromacs/gmxlib/nonbonded/nb_kernel_sparc64_hpc_ace_double/nb_kernel_ElecRF_VdwNone_GeomW3P1_sparc64_hpc_ace_double.cpp
< src/gromacs/gmxlib/nonbonded/nb_kernel_sparc64_hpc_ace_double/nb_kernel_ElecRF_VdwNone_GeomW3W3_sparc64_hpc_ace_double.cpp
< src/gromacs/gmxlib/nonbonded/nb_kernel_sparc64_hpc_ace_double/nb_kernel_ElecRF_VdwNone_GeomW4P1_sparc64_hpc_ace_double.cpp
< src/gromacs/gmxlib/nonbonded/nb_kernel_sparc64_hpc_ace_double/nb_kernel_ElecRF_VdwNone_GeomW4W4_sparc64_hpc_ace_double.cpp
< src/gromacs/gmxlib/nonbonded/nb_kernel_sparc64_hpc_ace_double/nb_kernel_sparc64_hpc_ace_double.cpp
1018,1137d535
< src/gromacs/gmxlib/nonbonded/nb_kernel_sse2_double/nb_kernel_ElecCoul_VdwCSTab_GeomP1P1_sse2_double.cpp
< src/gromacs/gmxlib/nonbonded/nb_kernel_sse2_double/nb_kernel_ElecCoul_VdwCSTab_GeomW3P1_sse2_double.cpp
< src/gromacs/gmxlib/nonbonded/nb_kernel_sse2_double/nb_kernel_ElecCoul_VdwCSTab_GeomW3W3_sse2_double.cpp
< src/gromacs/gmxlib/nonbonded/nb_kernel_sse2_double/nb_kernel_ElecCoul_VdwCSTab_GeomW4P1_sse2_double.cpp
< src/gromacs/gmxlib/nonbonded/nb_kernel_sse2_double/nb_kernel_ElecCoul_VdwCSTab_GeomW4W4_sse2_double.cpp
< src/gromacs/gmxlib/nonbonded/nb_kernel_sse2_double/nb_kernel_ElecCoul_VdwLJ_GeomP1P1_sse2_double.cpp
< src/gromacs/gmxlib/nonbonded/nb_kernel_sse2_double/nb_kernel_ElecCoul_VdwLJ_GeomW3P1_sse2_double.cpp
< src/gromacs/gmxlib/nonbonded/nb_kernel_sse2_double/nb_kernel_ElecCoul_VdwLJ_GeomW3W3_sse2_double.cpp
< src/gromacs/gmxlib/nonbonded/nb_kernel_sse2_double/nb_kernel_ElecCoul_VdwLJ_GeomW4P1_sse2_double.cpp
< src/gromacs/gmxlib/nonbonded/nb_kernel_sse2_double/nb_kernel_ElecCoul_VdwLJ_GeomW4W4_sse2_double.cpp
< src/gromacs/gmxlib/nonbonded/nb_kernel_sse2_double/nb_kernel_ElecCoul_VdwNone_GeomP1P1_sse2_double.cpp
< src/gromacs/gmxlib/nonbonded/nb_kernel_sse2_double/nb_kernel_ElecCoul_VdwNone_GeomW3P1_sse2_double.cpp
< src/gromacs/gmxlib/nonbonded/nb_kernel_sse2_double/nb_kernel_ElecCoul_VdwNone_GeomW3W3_sse2_double.cpp
< src/gromacs/gmxlib/nonbonded/nb_kernel_sse2_double/nb_kernel_ElecCoul_VdwNone_GeomW4P1_sse2_double.cpp
< src/gromacs/gmxlib/nonbonded/nb_kernel_sse2_double/nb_kernel_ElecCoul_VdwNone_GeomW4W4_sse2_double.cpp
< src/gromacs/gmxlib/nonbonded/nb_kernel_sse2_double/nb_kernel_ElecCSTab_VdwCSTab_GeomP1P1_sse2_double.cpp
< src/gromacs/gmxlib/nonbonded/nb_kernel_sse2_double/nb_kernel_ElecCSTab_VdwCSTab_GeomW3P1_sse2_double.cpp
< src/gromacs/gmxlib/nonbonded/nb_kernel_sse2_double/nb_kernel_ElecCSTab_VdwCSTab_GeomW3W3_sse2_double.cpp
< src/gromacs/gmxlib/nonbonded/nb_kernel_sse2_double/nb_kernel_ElecCSTab_VdwCSTab_GeomW4P1_sse2_double.cpp
< src/gromacs/gmxlib/nonbonded/nb_kernel_sse2_double/nb_kernel_ElecCSTab_VdwCSTab_GeomW4W4_sse2_double.cpp
< src/gromacs/gmxlib/nonbonded/nb_kernel_sse2_double/nb_kernel_ElecCSTab_VdwLJ_GeomP1P1_sse2_double.cpp
< src/gromacs/gmxlib/nonbonded/nb_kernel_sse2_double/nb_kernel_ElecCSTab_VdwLJ_GeomW3P1_sse2_double.cpp
< src/gromacs/gmxlib/nonbonded/nb_kernel_sse2_double/nb_kernel_ElecCSTab_VdwLJ_GeomW3W3_sse2_double.cpp
< src/gromacs/gmxlib/nonbonded/nb_kernel_sse2_double/nb_kernel_ElecCSTab_VdwLJ_GeomW4P1_sse2_double.cpp
< src/gromacs/gmxlib/nonbonded/nb_kernel_sse2_double/nb_kernel_ElecCSTab_VdwLJ_GeomW4W4_sse2_double.cpp
< src/gromacs/gmxlib/nonbonded/nb_kernel_sse2_double/nb_kernel_ElecCSTab_VdwNone_GeomP1P1_sse2_double.cpp
< src/gromacs/gmxlib/nonbonded/nb_kernel_sse2_double/nb_kernel_ElecCSTab_VdwNone_GeomW3P1_sse2_double.cpp
< src/gromacs/gmxlib/nonbonded/nb_kernel_sse2_double/nb_kernel_ElecCSTab_VdwNone_GeomW3W3_sse2_double.cpp
< src/gromacs/gmxlib/nonbonded/nb_kernel_sse2_double/nb_kernel_ElecCSTab_VdwNone_GeomW4P1_sse2_double.cpp
< src/gromacs/gmxlib/nonbonded/nb_kernel_sse2_double/nb_kernel_ElecCSTab_VdwNone_GeomW4W4_sse2_double.cpp
< src/gromacs/gmxlib/nonbonded/nb_kernel_sse2_double/nb_kernel_ElecEwSh_VdwLJEwSh_GeomP1P1_sse2_double.cpp
< src/gromacs/gmxlib/nonbonded/nb_kernel_sse2_double/nb_kernel_ElecEwSh_VdwLJEwSh_GeomW3P1_sse2_double.cpp
< src/gromacs/gmxlib/nonbonded/nb_kernel_sse2_double/nb_kernel_ElecEwSh_VdwLJEwSh_GeomW3W3_sse2_double.cpp
< src/gromacs/gmxlib/nonbonded/nb_kernel_sse2_double/nb_kernel_ElecEwSh_VdwLJEwSh_GeomW4P1_sse2_double.cpp
< src/gromacs/gmxlib/nonbonded/nb_kernel_sse2_double/nb_kernel_ElecEwSh_VdwLJEwSh_GeomW4W4_sse2_double.cpp
< src/gromacs/gmxlib/nonbonded/nb_kernel_sse2_double/nb_kernel_ElecEwSh_VdwLJSh_GeomP1P1_sse2_double.cpp
< src/gromacs/gmxlib/nonbonded/nb_kernel_sse2_double/nb_kernel_ElecEwSh_VdwLJSh_GeomW3P1_sse2_double.cpp
< src/gromacs/gmxlib/nonbonded/nb_kernel_sse2_double/nb_kernel_ElecEwSh_VdwLJSh_GeomW3W3_sse2_double.cpp
< src/gromacs/gmxlib/nonbonded/nb_kernel_sse2_double/nb_kernel_ElecEwSh_VdwLJSh_GeomW4P1_sse2_double.cpp
< src/gromacs/gmxlib/nonbonded/nb_kernel_sse2_double/nb_kernel_ElecEwSh_VdwLJSh_GeomW4W4_sse2_double.cpp
< src/gromacs/gmxlib/nonbonded/nb_kernel_sse2_double/nb_kernel_ElecEwSh_VdwNone_GeomP1P1_sse2_double.cpp
< src/gromacs/gmxlib/nonbonded/nb_kernel_sse2_double/nb_kernel_ElecEwSh_VdwNone_GeomW3P1_sse2_double.cpp
< src/gromacs/gmxlib/nonbonded/nb_kernel_sse2_double/nb_kernel_ElecEwSh_VdwNone_GeomW3W3_sse2_double.cpp
< src/gromacs/gmxlib/nonbonded/nb_kernel_sse2_double/nb_kernel_ElecEwSh_VdwNone_GeomW4P1_sse2_double.cpp
< src/gromacs/gmxlib/nonbonded/nb_kernel_sse2_double/nb_kernel_ElecEwSh_VdwNone_GeomW4W4_sse2_double.cpp
< src/gromacs/gmxlib/nonbonded/nb_kernel_sse2_double/nb_kernel_ElecEwSw_VdwLJSw_GeomP1P1_sse2_double.cpp
< src/gromacs/gmxlib/nonbonded/nb_kernel_sse2_double/nb_kernel_ElecEwSw_VdwLJSw_GeomW3P1_sse2_double.cpp
< src/gromacs/gmxlib/nonbonded/nb_kernel_sse2_double/nb_kernel_ElecEwSw_VdwLJSw_GeomW3W3_sse2_double.cpp
< src/gromacs/gmxlib/nonbonded/nb_kernel_sse2_double/nb_kernel_ElecEwSw_VdwLJSw_GeomW4P1_sse2_double.cpp
< src/gromacs/gmxlib/nonbonded/nb_kernel_sse2_double/nb_kernel_ElecEwSw_VdwLJSw_GeomW4W4_sse2_double.cpp
< src/gromacs/gmxlib/nonbonded/nb_kernel_sse2_double/nb_kernel_ElecEwSw_VdwNone_GeomP1P1_sse2_double.cpp
< src/gromacs/gmxlib/nonbonded/nb_kernel_sse2_double/nb_kernel_ElecEwSw_VdwNone_GeomW3P1_sse2_double.cpp
< src/gromacs/gmxlib/nonbonded/nb_kernel_sse2_double/nb_kernel_ElecEwSw_VdwNone_GeomW3W3_sse2_double.cpp
< src/gromacs/gmxlib/nonbonded/nb_kernel_sse2_double/nb_kernel_ElecEwSw_VdwNone_GeomW4P1_sse2_double.cpp
< src/gromacs/gmxlib/nonbonded/nb_kernel_sse2_double/nb_kernel_ElecEwSw_VdwNone_GeomW4W4_sse2_double.cpp
< src/gromacs/gmxlib/nonbonded/nb_kernel_sse2_double/nb_kernel_ElecEw_VdwCSTab_GeomP1P1_sse2_double.cpp
< src/gromacs/gmxlib/nonbonded/nb_kernel_sse2_double/nb_kernel_ElecEw_VdwCSTab_GeomW3P1_sse2_double.cpp
< src/gromacs/gmxlib/nonbonded/nb_kernel_sse2_double/nb_kernel_ElecEw_VdwCSTab_GeomW3W3_sse2_double.cpp
< src/gromacs/gmxlib/nonbonded/nb_kernel_sse2_double/nb_kernel_ElecEw_VdwCSTab_GeomW4P1_sse2_double.cpp
< src/gromacs/gmxlib/nonbonded/nb_kernel_sse2_double/nb_kernel_ElecEw_VdwCSTab_GeomW4W4_sse2_double.cpp
< src/gromacs/gmxlib/nonbonded/nb_kernel_sse2_double/nb_kernel_ElecEw_VdwLJEw_GeomP1P1_sse2_double.cpp
< src/gromacs/gmxlib/nonbonded/nb_kernel_sse2_double/nb_kernel_ElecEw_VdwLJEw_GeomW3P1_sse2_double.cpp
< src/gromacs/gmxlib/nonbonded/nb_kernel_sse2_double/nb_kernel_ElecEw_VdwLJEw_GeomW3W3_sse2_double.cpp
< src/gromacs/gmxlib/nonbonded/nb_kernel_sse2_double/nb_kernel_ElecEw_VdwLJEw_GeomW4P1_sse2_double.cpp
< src/gromacs/gmxlib/nonbonded/nb_kernel_sse2_double/nb_kernel_ElecEw_VdwLJEw_GeomW4W4_sse2_double.cpp
< src/gromacs/gmxlib/nonbonded/nb_kernel_sse2_double/nb_kernel_ElecEw_VdwLJ_GeomP1P1_sse2_double.cpp
< src/gromacs/gmxlib/nonbonded/nb_kernel_sse2_double/nb_kernel_ElecEw_VdwLJ_GeomW3P1_sse2_double.cpp
< src/gromacs/gmxlib/nonbonded/nb_kernel_sse2_double/nb_kernel_ElecEw_VdwLJ_GeomW3W3_sse2_double.cpp
< src/gromacs/gmxlib/nonbonded/nb_kernel_sse2_double/nb_kernel_ElecEw_VdwLJ_GeomW4P1_sse2_double.cpp
< src/gromacs/gmxlib/nonbonded/nb_kernel_sse2_double/nb_kernel_ElecEw_VdwLJ_GeomW4W4_sse2_double.cpp
< src/gromacs/gmxlib/nonbonded/nb_kernel_sse2_double/nb_kernel_ElecEw_VdwNone_GeomP1P1_sse2_double.cpp
< src/gromacs/gmxlib/nonbonded/nb_kernel_sse2_double/nb_kernel_ElecEw_VdwNone_GeomW3P1_sse2_double.cpp
< src/gromacs/gmxlib/nonbonded/nb_kernel_sse2_double/nb_kernel_ElecEw_VdwNone_GeomW3W3_sse2_double.cpp
< src/gromacs/gmxlib/nonbonded/nb_kernel_sse2_double/nb_kernel_ElecEw_VdwNone_GeomW4P1_sse2_double.cpp
< src/gromacs/gmxlib/nonbonded/nb_kernel_sse2_double/nb_kernel_ElecEw_VdwNone_GeomW4W4_sse2_double.cpp
< src/gromacs/gmxlib/nonbonded/nb_kernel_sse2_double/nb_kernel_ElecGB_VdwCSTab_GeomP1P1_sse2_double.cpp
< src/gromacs/gmxlib/nonbonded/nb_kernel_sse2_double/nb_kernel_ElecGB_VdwLJ_GeomP1P1_sse2_double.cpp
< src/gromacs/gmxlib/nonbonded/nb_kernel_sse2_double/nb_kernel_ElecGB_VdwNone_GeomP1P1_sse2_double.cpp
< src/gromacs/gmxlib/nonbonded/nb_kernel_sse2_double/nb_kernel_ElecNone_VdwCSTab_GeomP1P1_sse2_double.cpp
< src/gromacs/gmxlib/nonbonded/nb_kernel_sse2_double/nb_kernel_ElecNone_VdwLJEw_GeomP1P1_sse2_double.cpp
< src/gromacs/gmxlib/nonbonded/nb_kernel_sse2_double/nb_kernel_ElecNone_VdwLJEwSh_GeomP1P1_sse2_double.cpp
< src/gromacs/gmxlib/nonbonded/nb_kernel_sse2_double/nb_kernel_ElecNone_VdwLJ_GeomP1P1_sse2_double.cpp
< src/gromacs/gmxlib/nonbonded/nb_kernel_sse2_double/nb_kernel_ElecNone_VdwLJSh_GeomP1P1_sse2_double.cpp
< src/gromacs/gmxlib/nonbonded/nb_kernel_sse2_double/nb_kernel_ElecNone_VdwLJSw_GeomP1P1_sse2_double.cpp
< src/gromacs/gmxlib/nonbonded/nb_kernel_sse2_double/nb_kernel_ElecRFCut_VdwCSTab_GeomP1P1_sse2_double.cpp
< src/gromacs/gmxlib/nonbonded/nb_kernel_sse2_double/nb_kernel_ElecRFCut_VdwCSTab_GeomW3P1_sse2_double.cpp
< src/gromacs/gmxlib/nonbonded/nb_kernel_sse2_double/nb_kernel_ElecRFCut_VdwCSTab_GeomW3W3_sse2_double.cpp
< src/gromacs/gmxlib/nonbonded/nb_kernel_sse2_double/nb_kernel_ElecRFCut_VdwCSTab_GeomW4P1_sse2_double.cpp
< src/gromacs/gmxlib/nonbonded/nb_kernel_sse2_double/nb_kernel_ElecRFCut_VdwCSTab_GeomW4W4_sse2_double.cpp
< src/gromacs/gmxlib/nonbonded/nb_kernel_sse2_double/nb_kernel_ElecRFCut_VdwLJSh_GeomP1P1_sse2_double.cpp
< src/gromacs/gmxlib/nonbonded/nb_kernel_sse2_double/nb_kernel_ElecRFCut_VdwLJSh_GeomW3P1_sse2_double.cpp
< src/gromacs/gmxlib/nonbonded/nb_kernel_sse2_double/nb_kernel_ElecRFCut_VdwLJSh_GeomW3W3_sse2_double.cpp
< src/gromacs/gmxlib/nonbonded/nb_kernel_sse2_double/nb_kernel_ElecRFCut_VdwLJSh_GeomW4P1_sse2_double.cpp
< src/gromacs/gmxlib/nonbonded/nb_kernel_sse2_double/nb_kernel_ElecRFCut_VdwLJSh_GeomW4W4_sse2_double.cpp
< src/gromacs/gmxlib/nonbonded/nb_kernel_sse2_double/nb_kernel_ElecRFCut_VdwLJSw_GeomP1P1_sse2_double.cpp
< src/gromacs/gmxlib/nonbonded/nb_kernel_sse2_double/nb_kernel_ElecRFCut_VdwLJSw_GeomW3P1_sse2_double.cpp
< src/gromacs/gmxlib/nonbonded/nb_kernel_sse2_double/nb_kernel_ElecRFCut_VdwLJSw_GeomW3W3_sse2_double.cpp
< src/gromacs/gmxlib/nonbonded/nb_kernel_sse2_double/nb_kernel_ElecRFCut_VdwLJSw_GeomW4P1_sse2_double.cpp
< src/gromacs/gmxlib/nonbonded/nb_kernel_sse2_double/nb_kernel_ElecRFCut_VdwLJSw_GeomW4W4_sse2_double.cpp
< src/gromacs/gmxlib/nonbonded/nb_kernel_sse2_double/nb_kernel_ElecRFCut_VdwNone_GeomP1P1_sse2_double.cpp
< src/gromacs/gmxlib/nonbonded/nb_kernel_sse2_double/nb_kernel_ElecRFCut_VdwNone_GeomW3P1_sse2_double.cpp
< src/gromacs/gmxlib/nonbonded/nb_kernel_sse2_double/nb_kernel_ElecRFCut_VdwNone_GeomW3W3_sse2_double.cpp
< src/gromacs/gmxlib/nonbonded/nb_kernel_sse2_double/nb_kernel_ElecRFCut_VdwNone_GeomW4P1_sse2_double.cpp
< src/gromacs/gmxlib/nonbonded/nb_kernel_sse2_double/nb_kernel_ElecRFCut_VdwNone_GeomW4W4_sse2_double.cpp
< src/gromacs/gmxlib/nonbonded/nb_kernel_sse2_double/nb_kernel_ElecRF_VdwCSTab_GeomP1P1_sse2_double.cpp
< src/gromacs/gmxlib/nonbonded/nb_kernel_sse2_double/nb_kernel_ElecRF_VdwCSTab_GeomW3P1_sse2_double.cpp
< src/gromacs/gmxlib/nonbonded/nb_kernel_sse2_double/nb_kernel_ElecRF_VdwCSTab_GeomW3W3_sse2_double.cpp
< src/gromacs/gmxlib/nonbonded/nb_kernel_sse2_double/nb_kernel_ElecRF_VdwCSTab_GeomW4P1_sse2_double.cpp
< src/gromacs/gmxlib/nonbonded/nb_kernel_sse2_double/nb_kernel_ElecRF_VdwCSTab_GeomW4W4_sse2_double.cpp
< src/gromacs/gmxlib/nonbonded/nb_kernel_sse2_double/nb_kernel_ElecRF_VdwLJ_GeomP1P1_sse2_double.cpp
< src/gromacs/gmxlib/nonbonded/nb_kernel_sse2_double/nb_kernel_ElecRF_VdwLJ_GeomW3P1_sse2_double.cpp
< src/gromacs/gmxlib/nonbonded/nb_kernel_sse2_double/nb_kernel_ElecRF_VdwLJ_GeomW3W3_sse2_double.cpp
< src/gromacs/gmxlib/nonbonded/nb_kernel_sse2_double/nb_kernel_ElecRF_VdwLJ_GeomW4P1_sse2_double.cpp
< src/gromacs/gmxlib/nonbonded/nb_kernel_sse2_double/nb_kernel_ElecRF_VdwLJ_GeomW4W4_sse2_double.cpp
< src/gromacs/gmxlib/nonbonded/nb_kernel_sse2_double/nb_kernel_ElecRF_VdwNone_GeomP1P1_sse2_double.cpp
< src/gromacs/gmxlib/nonbonded/nb_kernel_sse2_double/nb_kernel_ElecRF_VdwNone_GeomW3P1_sse2_double.cpp
< src/gromacs/gmxlib/nonbonded/nb_kernel_sse2_double/nb_kernel_ElecRF_VdwNone_GeomW3W3_sse2_double.cpp
< src/gromacs/gmxlib/nonbonded/nb_kernel_sse2_double/nb_kernel_ElecRF_VdwNone_GeomW4P1_sse2_double.cpp
< src/gromacs/gmxlib/nonbonded/nb_kernel_sse2_double/nb_kernel_ElecRF_VdwNone_GeomW4W4_sse2_double.cpp
< src/gromacs/gmxlib/nonbonded/nb_kernel_sse2_double/nb_kernel_sse2_double.cpp
1140,1259d537
< src/gromacs/gmxlib/nonbonded/nb_kernel_sse2_single/nb_kernel_ElecCoul_VdwCSTab_GeomP1P1_sse2_single.cpp
< src/gromacs/gmxlib/nonbonded/nb_kernel_sse2_single/nb_kernel_ElecCoul_VdwCSTab_GeomW3P1_sse2_single.cpp
< src/gromacs/gmxlib/nonbonded/nb_kernel_sse2_single/nb_kernel_ElecCoul_VdwCSTab_GeomW3W3_sse2_single.cpp
< src/gromacs/gmxlib/nonbonded/nb_kernel_sse2_single/nb_kernel_ElecCoul_VdwCSTab_GeomW4P1_sse2_single.cpp
< src/gromacs/gmxlib/nonbonded/nb_kernel_sse2_single/nb_kernel_ElecCoul_VdwCSTab_GeomW4W4_sse2_single.cpp
< src/gromacs/gmxlib/nonbonded/nb_kernel_sse2_single/nb_kernel_ElecCoul_VdwLJ_GeomP1P1_sse2_single.cpp
< src/gromacs/gmxlib/nonbonded/nb_kernel_sse2_single/nb_kernel_ElecCoul_VdwLJ_GeomW3P1_sse2_single.cpp
< src/gromacs/gmxlib/nonbonded/nb_kernel_sse2_single/nb_kernel_ElecCoul_VdwLJ_GeomW3W3_sse2_single.cpp
< src/gromacs/gmxlib/nonbonded/nb_kernel_sse2_single/nb_kernel_ElecCoul_VdwLJ_GeomW4P1_sse2_single.cpp
< src/gromacs/gmxlib/nonbonded/nb_kernel_sse2_single/nb_kernel_ElecCoul_VdwLJ_GeomW4W4_sse2_single.cpp
< src/gromacs/gmxlib/nonbonded/nb_kernel_sse2_single/nb_kernel_ElecCoul_VdwNone_GeomP1P1_sse2_single.cpp
< src/gromacs/gmxlib/nonbonded/nb_kernel_sse2_single/nb_kernel_ElecCoul_VdwNone_GeomW3P1_sse2_single.cpp
< src/gromacs/gmxlib/nonbonded/nb_kernel_sse2_single/nb_kernel_ElecCoul_VdwNone_GeomW3W3_sse2_single.cpp
< src/gromacs/gmxlib/nonbonded/nb_kernel_sse2_single/nb_kernel_ElecCoul_VdwNone_GeomW4P1_sse2_single.cpp
< src/gromacs/gmxlib/nonbonded/nb_kernel_sse2_single/nb_kernel_ElecCoul_VdwNone_GeomW4W4_sse2_single.cpp
< src/gromacs/gmxlib/nonbonded/nb_kernel_sse2_single/nb_kernel_ElecCSTab_VdwCSTab_GeomP1P1_sse2_single.cpp
< src/gromacs/gmxlib/nonbonded/nb_kernel_sse2_single/nb_kernel_ElecCSTab_VdwCSTab_GeomW3P1_sse2_single.cpp
< src/gromacs/gmxlib/nonbonded/nb_kernel_sse2_single/nb_kernel_ElecCSTab_VdwCSTab_GeomW3W3_sse2_single.cpp
< src/gromacs/gmxlib/nonbonded/nb_kernel_sse2_single/nb_kernel_ElecCSTab_VdwCSTab_GeomW4P1_sse2_single.cpp
< src/gromacs/gmxlib/nonbonded/nb_kernel_sse2_single/nb_kernel_ElecCSTab_VdwCSTab_GeomW4W4_sse2_single.cpp
< src/gromacs/gmxlib/nonbonded/nb_kernel_sse2_single/nb_kernel_ElecCSTab_VdwLJ_GeomP1P1_sse2_single.cpp
< src/gromacs/gmxlib/nonbonded/nb_kernel_sse2_single/nb_kernel_ElecCSTab_VdwLJ_GeomW3P1_sse2_single.cpp
< src/gromacs/gmxlib/nonbonded/nb_kernel_sse2_single/nb_kernel_ElecCSTab_VdwLJ_GeomW3W3_sse2_single.cpp
< src/gromacs/gmxlib/nonbonded/nb_kernel_sse2_single/nb_kernel_ElecCSTab_VdwLJ_GeomW4P1_sse2_single.cpp
< src/gromacs/gmxlib/nonbonded/nb_kernel_sse2_single/nb_kernel_ElecCSTab_VdwLJ_GeomW4W4_sse2_single.cpp
< src/gromacs/gmxlib/nonbonded/nb_kernel_sse2_single/nb_kernel_ElecCSTab_VdwNone_GeomP1P1_sse2_single.cpp
< src/gromacs/gmxlib/nonbonded/nb_kernel_sse2_single/nb_kernel_ElecCSTab_VdwNone_GeomW3P1_sse2_single.cpp
< src/gromacs/gmxlib/nonbonded/nb_kernel_sse2_single/nb_kernel_ElecCSTab_VdwNone_GeomW3W3_sse2_single.cpp
< src/gromacs/gmxlib/nonbonded/nb_kernel_sse2_single/nb_kernel_ElecCSTab_VdwNone_GeomW4P1_sse2_single.cpp
< src/gromacs/gmxlib/nonbonded/nb_kernel_sse2_single/nb_kernel_ElecCSTab_VdwNone_GeomW4W4_sse2_single.cpp
< src/gromacs/gmxlib/nonbonded/nb_kernel_sse2_single/nb_kernel_ElecEwSh_VdwLJEwSh_GeomP1P1_sse2_single.cpp
< src/gromacs/gmxlib/nonbonded/nb_kernel_sse2_single/nb_kernel_ElecEwSh_VdwLJEwSh_GeomW3P1_sse2_single.cpp
< src/gromacs/gmxlib/nonbonded/nb_kernel_sse2_single/nb_kernel_ElecEwSh_VdwLJEwSh_GeomW3W3_sse2_single.cpp
< src/gromacs/gmxlib/nonbonded/nb_kernel_sse2_single/nb_kernel_ElecEwSh_VdwLJEwSh_GeomW4P1_sse2_single.cpp
< src/gromacs/gmxlib/nonbonded/nb_kernel_sse2_single/nb_kernel_ElecEwSh_VdwLJEwSh_GeomW4W4_sse2_single.cpp
< src/gromacs/gmxlib/nonbonded/nb_kernel_sse2_single/nb_kernel_ElecEwSh_VdwLJSh_GeomP1P1_sse2_single.cpp
< src/gromacs/gmxlib/nonbonded/nb_kernel_sse2_single/nb_kernel_ElecEwSh_VdwLJSh_GeomW3P1_sse2_single.cpp
< src/gromacs/gmxlib/nonbonded/nb_kernel_sse2_single/nb_kernel_ElecEwSh_VdwLJSh_GeomW3W3_sse2_single.cpp
< src/gromacs/gmxlib/nonbonded/nb_kernel_sse2_single/nb_kernel_ElecEwSh_VdwLJSh_GeomW4P1_sse2_single.cpp
< src/gromacs/gmxlib/nonbonded/nb_kernel_sse2_single/nb_kernel_ElecEwSh_VdwLJSh_GeomW4W4_sse2_single.cpp
< src/gromacs/gmxlib/nonbonded/nb_kernel_sse2_single/nb_kernel_ElecEwSh_VdwNone_GeomP1P1_sse2_single.cpp
< src/gromacs/gmxlib/nonbonded/nb_kernel_sse2_single/nb_kernel_ElecEwSh_VdwNone_GeomW3P1_sse2_single.cpp
< src/gromacs/gmxlib/nonbonded/nb_kernel_sse2_single/nb_kernel_ElecEwSh_VdwNone_GeomW3W3_sse2_single.cpp
< src/gromacs/gmxlib/nonbonded/nb_kernel_sse2_single/nb_kernel_ElecEwSh_VdwNone_GeomW4P1_sse2_single.cpp
< src/gromacs/gmxlib/nonbonded/nb_kernel_sse2_single/nb_kernel_ElecEwSh_VdwNone_GeomW4W4_sse2_single.cpp
< src/gromacs/gmxlib/nonbonded/nb_kernel_sse2_single/nb_kernel_ElecEwSw_VdwLJSw_GeomP1P1_sse2_single.cpp
< src/gromacs/gmxlib/nonbonded/nb_kernel_sse2_single/nb_kernel_ElecEwSw_VdwLJSw_GeomW3P1_sse2_single.cpp
< src/gromacs/gmxlib/nonbonded/nb_kernel_sse2_single/nb_kernel_ElecEwSw_VdwLJSw_GeomW3W3_sse2_single.cpp
< src/gromacs/gmxlib/nonbonded/nb_kernel_sse2_single/nb_kernel_ElecEwSw_VdwLJSw_GeomW4P1_sse2_single.cpp
< src/gromacs/gmxlib/nonbonded/nb_kernel_sse2_single/nb_kernel_ElecEwSw_VdwLJSw_GeomW4W4_sse2_single.cpp
< src/gromacs/gmxlib/nonbonded/nb_kernel_sse2_single/nb_kernel_ElecEwSw_VdwNone_GeomP1P1_sse2_single.cpp
< src/gromacs/gmxlib/nonbonded/nb_kernel_sse2_single/nb_kernel_ElecEwSw_VdwNone_GeomW3P1_sse2_single.cpp
< src/gromacs/gmxlib/nonbonded/nb_kernel_sse2_single/nb_kernel_ElecEwSw_VdwNone_GeomW3W3_sse2_single.cpp
< src/gromacs/gmxlib/nonbonded/nb_kernel_sse2_single/nb_kernel_ElecEwSw_VdwNone_GeomW4P1_sse2_single.cpp
< src/gromacs/gmxlib/nonbonded/nb_kernel_sse2_single/nb_kernel_ElecEwSw_VdwNone_GeomW4W4_sse2_single.cpp
< src/gromacs/gmxlib/nonbonded/nb_kernel_sse2_single/nb_kernel_ElecEw_VdwCSTab_GeomP1P1_sse2_single.cpp
< src/gromacs/gmxlib/nonbonded/nb_kernel_sse2_single/nb_kernel_ElecEw_VdwCSTab_GeomW3P1_sse2_single.cpp
< src/gromacs/gmxlib/nonbonded/nb_kernel_sse2_single/nb_kernel_ElecEw_VdwCSTab_GeomW3W3_sse2_single.cpp
< src/gromacs/gmxlib/nonbonded/nb_kernel_sse2_single/nb_kernel_ElecEw_VdwCSTab_GeomW4P1_sse2_single.cpp
< src/gromacs/gmxlib/nonbonded/nb_kernel_sse2_single/nb_kernel_ElecEw_VdwCSTab_GeomW4W4_sse2_single.cpp
< src/gromacs/gmxlib/nonbonded/nb_kernel_sse2_single/nb_kernel_ElecEw_VdwLJEw_GeomP1P1_sse2_single.cpp
< src/gromacs/gmxlib/nonbonded/nb_kernel_sse2_single/nb_kernel_ElecEw_VdwLJEw_GeomW3P1_sse2_single.cpp
< src/gromacs/gmxlib/nonbonded/nb_kernel_sse2_single/nb_kernel_ElecEw_VdwLJEw_GeomW3W3_sse2_single.cpp
< src/gromacs/gmxlib/nonbonded/nb_kernel_sse2_single/nb_kernel_ElecEw_VdwLJEw_GeomW4P1_sse2_single.cpp
< src/gromacs/gmxlib/nonbonded/nb_kernel_sse2_single/nb_kernel_ElecEw_VdwLJEw_GeomW4W4_sse2_single.cpp
< src/gromacs/gmxlib/nonbonded/nb_kernel_sse2_single/nb_kernel_ElecEw_VdwLJ_GeomP1P1_sse2_single.cpp
< src/gromacs/gmxlib/nonbonded/nb_kernel_sse2_single/nb_kernel_ElecEw_VdwLJ_GeomW3P1_sse2_single.cpp
< src/gromacs/gmxlib/nonbonded/nb_kernel_sse2_single/nb_kernel_ElecEw_VdwLJ_GeomW3W3_sse2_single.cpp
< src/gromacs/gmxlib/nonbonded/nb_kernel_sse2_single/nb_kernel_ElecEw_VdwLJ_GeomW4P1_sse2_single.cpp
< src/gromacs/gmxlib/nonbonded/nb_kernel_sse2_single/nb_kernel_ElecEw_VdwLJ_GeomW4W4_sse2_single.cpp
< src/gromacs/gmxlib/nonbonded/nb_kernel_sse2_single/nb_kernel_ElecEw_VdwNone_GeomP1P1_sse2_single.cpp
< src/gromacs/gmxlib/nonbonded/nb_kernel_sse2_single/nb_kernel_ElecEw_VdwNone_GeomW3P1_sse2_single.cpp
< src/gromacs/gmxlib/nonbonded/nb_kernel_sse2_single/nb_kernel_ElecEw_VdwNone_GeomW3W3_sse2_single.cpp
< src/gromacs/gmxlib/nonbonded/nb_kernel_sse2_single/nb_kernel_ElecEw_VdwNone_GeomW4P1_sse2_single.cpp
< src/gromacs/gmxlib/nonbonded/nb_kernel_sse2_single/nb_kernel_ElecEw_VdwNone_GeomW4W4_sse2_single.cpp
< src/gromacs/gmxlib/nonbonded/nb_kernel_sse2_single/nb_kernel_ElecGB_VdwCSTab_GeomP1P1_sse2_single.cpp
< src/gromacs/gmxlib/nonbonded/nb_kernel_sse2_single/nb_kernel_ElecGB_VdwLJ_GeomP1P1_sse2_single.cpp
< src/gromacs/gmxlib/nonbonded/nb_kernel_sse2_single/nb_kernel_ElecGB_VdwNone_GeomP1P1_sse2_single.cpp
< src/gromacs/gmxlib/nonbonded/nb_kernel_sse2_single/nb_kernel_ElecNone_VdwCSTab_GeomP1P1_sse2_single.cpp
< src/gromacs/gmxlib/nonbonded/nb_kernel_sse2_single/nb_kernel_ElecNone_VdwLJEw_GeomP1P1_sse2_single.cpp
< src/gromacs/gmxlib/nonbonded/nb_kernel_sse2_single/nb_kernel_ElecNone_VdwLJEwSh_GeomP1P1_sse2_single.cpp
< src/gromacs/gmxlib/nonbonded/nb_kernel_sse2_single/nb_kernel_ElecNone_VdwLJ_GeomP1P1_sse2_single.cpp
< src/gromacs/gmxlib/nonbonded/nb_kernel_sse2_single/nb_kernel_ElecNone_VdwLJSh_GeomP1P1_sse2_single.cpp
< src/gromacs/gmxlib/nonbonded/nb_kernel_sse2_single/nb_kernel_ElecNone_VdwLJSw_GeomP1P1_sse2_single.cpp
< src/gromacs/gmxlib/nonbonded/nb_kernel_sse2_single/nb_kernel_ElecRFCut_VdwCSTab_GeomP1P1_sse2_single.cpp
< src/gromacs/gmxlib/nonbonded/nb_kernel_sse2_single/nb_kernel_ElecRFCut_VdwCSTab_GeomW3P1_sse2_single.cpp
< src/gromacs/gmxlib/nonbonded/nb_kernel_sse2_single/nb_kernel_ElecRFCut_VdwCSTab_GeomW3W3_sse2_single.cpp
< src/gromacs/gmxlib/nonbonded/nb_kernel_sse2_single/nb_kernel_ElecRFCut_VdwCSTab_GeomW4P1_sse2_single.cpp
< src/gromacs/gmxlib/nonbonded/nb_kernel_sse2_single/nb_kernel_ElecRFCut_VdwCSTab_GeomW4W4_sse2_single.cpp
< src/gromacs/gmxlib/nonbonded/nb_kernel_sse2_single/nb_kernel_ElecRFCut_VdwLJSh_GeomP1P1_sse2_single.cpp
< src/gromacs/gmxlib/nonbonded/nb_kernel_sse2_single/nb_kernel_ElecRFCut_VdwLJSh_GeomW3P1_sse2_single.cpp
< src/gromacs/gmxlib/nonbonded/nb_kernel_sse2_single/nb_kernel_ElecRFCut_VdwLJSh_GeomW3W3_sse2_single.cpp
< src/gromacs/gmxlib/nonbonded/nb_kernel_sse2_single/nb_kernel_ElecRFCut_VdwLJSh_GeomW4P1_sse2_single.cpp
< src/gromacs/gmxlib/nonbonded/nb_kernel_sse2_single/nb_kernel_ElecRFCut_VdwLJSh_GeomW4W4_sse2_single.cpp
< src/gromacs/gmxlib/nonbonded/nb_kernel_sse2_single/nb_kernel_ElecRFCut_VdwLJSw_GeomP1P1_sse2_single.cpp
< src/gromacs/gmxlib/nonbonded/nb_kernel_sse2_single/nb_kernel_ElecRFCut_VdwLJSw_GeomW3P1_sse2_single.cpp
< src/gromacs/gmxlib/nonbonded/nb_kernel_sse2_single/nb_kernel_ElecRFCut_VdwLJSw_GeomW3W3_sse2_single.cpp
< src/gromacs/gmxlib/nonbonded/nb_kernel_sse2_single/nb_kernel_ElecRFCut_VdwLJSw_GeomW4P1_sse2_single.cpp
< src/gromacs/gmxlib/nonbonded/nb_kernel_sse2_single/nb_kernel_ElecRFCut_VdwLJSw_GeomW4W4_sse2_single.cpp
< src/gromacs/gmxlib/nonbonded/nb_kernel_sse2_single/nb_kernel_ElecRFCut_VdwNone_GeomP1P1_sse2_single.cpp
< src/gromacs/gmxlib/nonbonded/nb_kernel_sse2_single/nb_kernel_ElecRFCut_VdwNone_GeomW3P1_sse2_single.cpp
< src/gromacs/gmxlib/nonbonded/nb_kernel_sse2_single/nb_kernel_ElecRFCut_VdwNone_GeomW3W3_sse2_single.cpp
< src/gromacs/gmxlib/nonbonded/nb_kernel_sse2_single/nb_kernel_ElecRFCut_VdwNone_GeomW4P1_sse2_single.cpp
< src/gromacs/gmxlib/nonbonded/nb_kernel_sse2_single/nb_kernel_ElecRFCut_VdwNone_GeomW4W4_sse2_single.cpp
< src/gromacs/gmxlib/nonbonded/nb_kernel_sse2_single/nb_kernel_ElecRF_VdwCSTab_GeomP1P1_sse2_single.cpp
< src/gromacs/gmxlib/nonbonded/nb_kernel_sse2_single/nb_kernel_ElecRF_VdwCSTab_GeomW3P1_sse2_single.cpp
< src/gromacs/gmxlib/nonbonded/nb_kernel_sse2_single/nb_kernel_ElecRF_VdwCSTab_GeomW3W3_sse2_single.cpp
< src/gromacs/gmxlib/nonbonded/nb_kernel_sse2_single/nb_kernel_ElecRF_VdwCSTab_GeomW4P1_sse2_single.cpp
< src/gromacs/gmxlib/nonbonded/nb_kernel_sse2_single/nb_kernel_ElecRF_VdwCSTab_GeomW4W4_sse2_single.cpp
< src/gromacs/gmxlib/nonbonded/nb_kernel_sse2_single/nb_kernel_ElecRF_VdwLJ_GeomP1P1_sse2_single.cpp
< src/gromacs/gmxlib/nonbonded/nb_kernel_sse2_single/nb_kernel_ElecRF_VdwLJ_GeomW3P1_sse2_single.cpp
< src/gromacs/gmxlib/nonbonded/nb_kernel_sse2_single/nb_kernel_ElecRF_VdwLJ_GeomW3W3_sse2_single.cpp
< src/gromacs/gmxlib/nonbonded/nb_kernel_sse2_single/nb_kernel_ElecRF_VdwLJ_GeomW4P1_sse2_single.cpp
< src/gromacs/gmxlib/nonbonded/nb_kernel_sse2_single/nb_kernel_ElecRF_VdwLJ_GeomW4W4_sse2_single.cpp
< src/gromacs/gmxlib/nonbonded/nb_kernel_sse2_single/nb_kernel_ElecRF_VdwNone_GeomP1P1_sse2_single.cpp
< src/gromacs/gmxlib/nonbonded/nb_kernel_sse2_single/nb_kernel_ElecRF_VdwNone_GeomW3P1_sse2_single.cpp
< src/gromacs/gmxlib/nonbonded/nb_kernel_sse2_single/nb_kernel_ElecRF_VdwNone_GeomW3W3_sse2_single.cpp
< src/gromacs/gmxlib/nonbonded/nb_kernel_sse2_single/nb_kernel_ElecRF_VdwNone_GeomW4P1_sse2_single.cpp
< src/gromacs/gmxlib/nonbonded/nb_kernel_sse2_single/nb_kernel_ElecRF_VdwNone_GeomW4W4_sse2_single.cpp
< src/gromacs/gmxlib/nonbonded/nb_kernel_sse2_single/nb_kernel_sse2_single.cpp
1262,1381d539
< src/gromacs/gmxlib/nonbonded/nb_kernel_sse4_1_double/nb_kernel_ElecCoul_VdwCSTab_GeomP1P1_sse4_1_double.cpp
< src/gromacs/gmxlib/nonbonded/nb_kernel_sse4_1_double/nb_kernel_ElecCoul_VdwCSTab_GeomW3P1_sse4_1_double.cpp
< src/gromacs/gmxlib/nonbonded/nb_kernel_sse4_1_double/nb_kernel_ElecCoul_VdwCSTab_GeomW3W3_sse4_1_double.cpp
< src/gromacs/gmxlib/nonbonded/nb_kernel_sse4_1_double/nb_kernel_ElecCoul_VdwCSTab_GeomW4P1_sse4_1_double.cpp
< src/gromacs/gmxlib/nonbonded/nb_kernel_sse4_1_double/nb_kernel_ElecCoul_VdwCSTab_GeomW4W4_sse4_1_double.cpp
< src/gromacs/gmxlib/nonbonded/nb_kernel_sse4_1_double/nb_kernel_ElecCoul_VdwLJ_GeomP1P1_sse4_1_double.cpp
< src/gromacs/gmxlib/nonbonded/nb_kernel_sse4_1_double/nb_kernel_ElecCoul_VdwLJ_GeomW3P1_sse4_1_double.cpp
< src/gromacs/gmxlib/nonbonded/nb_kernel_sse4_1_double/nb_kernel_ElecCoul_VdwLJ_GeomW3W3_sse4_1_double.cpp
< src/gromacs/gmxlib/nonbonded/nb_kernel_sse4_1_double/nb_kernel_ElecCoul_VdwLJ_GeomW4P1_sse4_1_double.cpp
< src/gromacs/gmxlib/nonbonded/nb_kernel_sse4_1_double/nb_kernel_ElecCoul_VdwLJ_GeomW4W4_sse4_1_double.cpp
< src/gromacs/gmxlib/nonbonded/nb_kernel_sse4_1_double/nb_kernel_ElecCoul_VdwNone_GeomP1P1_sse4_1_double.cpp
< src/gromacs/gmxlib/nonbonded/nb_kernel_sse4_1_double/nb_kernel_ElecCoul_VdwNone_GeomW3P1_sse4_1_double.cpp
< src/gromacs/gmxlib/nonbonded/nb_kernel_sse4_1_double/nb_kernel_ElecCoul_VdwNone_GeomW3W3_sse4_1_double.cpp
< src/gromacs/gmxlib/nonbonded/nb_kernel_sse4_1_double/nb_kernel_ElecCoul_VdwNone_GeomW4P1_sse4_1_double.cpp
< src/gromacs/gmxlib/nonbonded/nb_kernel_sse4_1_double/nb_kernel_ElecCoul_VdwNone_GeomW4W4_sse4_1_double.cpp
< src/gromacs/gmxlib/nonbonded/nb_kernel_sse4_1_double/nb_kernel_ElecCSTab_VdwCSTab_GeomP1P1_sse4_1_double.cpp
< src/gromacs/gmxlib/nonbonded/nb_kernel_sse4_1_double/nb_kernel_ElecCSTab_VdwCSTab_GeomW3P1_sse4_1_double.cpp
< src/gromacs/gmxlib/nonbonded/nb_kernel_sse4_1_double/nb_kernel_ElecCSTab_VdwCSTab_GeomW3W3_sse4_1_double.cpp
< src/gromacs/gmxlib/nonbonded/nb_kernel_sse4_1_double/nb_kernel_ElecCSTab_VdwCSTab_GeomW4P1_sse4_1_double.cpp
< src/gromacs/gmxlib/nonbonded/nb_kernel_sse4_1_double/nb_kernel_ElecCSTab_VdwCSTab_GeomW4W4_sse4_1_double.cpp
< src/gromacs/gmxlib/nonbonded/nb_kernel_sse4_1_double/nb_kernel_ElecCSTab_VdwLJ_GeomP1P1_sse4_1_double.cpp
< src/gromacs/gmxlib/nonbonded/nb_kernel_sse4_1_double/nb_kernel_ElecCSTab_VdwLJ_GeomW3P1_sse4_1_double.cpp
< src/gromacs/gmxlib/nonbonded/nb_kernel_sse4_1_double/nb_kernel_ElecCSTab_VdwLJ_GeomW3W3_sse4_1_double.cpp
< src/gromacs/gmxlib/nonbonded/nb_kernel_sse4_1_double/nb_kernel_ElecCSTab_VdwLJ_GeomW4P1_sse4_1_double.cpp
< src/gromacs/gmxlib/nonbonded/nb_kernel_sse4_1_double/nb_kernel_ElecCSTab_VdwLJ_GeomW4W4_sse4_1_double.cpp
< src/gromacs/gmxlib/nonbonded/nb_kernel_sse4_1_double/nb_kernel_ElecCSTab_VdwNone_GeomP1P1_sse4_1_double.cpp
< src/gromacs/gmxlib/nonbonded/nb_kernel_sse4_1_double/nb_kernel_ElecCSTab_VdwNone_GeomW3P1_sse4_1_double.cpp
< src/gromacs/gmxlib/nonbonded/nb_kernel_sse4_1_double/nb_kernel_ElecCSTab_VdwNone_GeomW3W3_sse4_1_double.cpp
< src/gromacs/gmxlib/nonbonded/nb_kernel_sse4_1_double/nb_kernel_ElecCSTab_VdwNone_GeomW4P1_sse4_1_double.cpp
< src/gromacs/gmxlib/nonbonded/nb_kernel_sse4_1_double/nb_kernel_ElecCSTab_VdwNone_GeomW4W4_sse4_1_double.cpp
< src/gromacs/gmxlib/nonbonded/nb_kernel_sse4_1_double/nb_kernel_ElecEwSh_VdwLJEwSh_GeomP1P1_sse4_1_double.cpp
< src/gromacs/gmxlib/nonbonded/nb_kernel_sse4_1_double/nb_kernel_ElecEwSh_VdwLJEwSh_GeomW3P1_sse4_1_double.cpp
< src/gromacs/gmxlib/nonbonded/nb_kernel_sse4_1_double/nb_kernel_ElecEwSh_VdwLJEwSh_GeomW3W3_sse4_1_double.cpp
< src/gromacs/gmxlib/nonbonded/nb_kernel_sse4_1_double/nb_kernel_ElecEwSh_VdwLJEwSh_GeomW4P1_sse4_1_double.cpp
< src/gromacs/gmxlib/nonbonded/nb_kernel_sse4_1_double/nb_kernel_ElecEwSh_VdwLJEwSh_GeomW4W4_sse4_1_double.cpp
< src/gromacs/gmxlib/nonbonded/nb_kernel_sse4_1_double/nb_kernel_ElecEwSh_VdwLJSh_GeomP1P1_sse4_1_double.cpp
< src/gromacs/gmxlib/nonbonded/nb_kernel_sse4_1_double/nb_kernel_ElecEwSh_VdwLJSh_GeomW3P1_sse4_1_double.cpp
< src/gromacs/gmxlib/nonbonded/nb_kernel_sse4_1_double/nb_kernel_ElecEwSh_VdwLJSh_GeomW3W3_sse4_1_double.cpp
< src/gromacs/gmxlib/nonbonded/nb_kernel_sse4_1_double/nb_kernel_ElecEwSh_VdwLJSh_GeomW4P1_sse4_1_double.cpp
< src/gromacs/gmxlib/nonbonded/nb_kernel_sse4_1_double/nb_kernel_ElecEwSh_VdwLJSh_GeomW4W4_sse4_1_double.cpp
< src/gromacs/gmxlib/nonbonded/nb_kernel_sse4_1_double/nb_kernel_ElecEwSh_VdwNone_GeomP1P1_sse4_1_double.cpp
< src/gromacs/gmxlib/nonbonded/nb_kernel_sse4_1_double/nb_kernel_ElecEwSh_VdwNone_GeomW3P1_sse4_1_double.cpp
< src/gromacs/gmxlib/nonbonded/nb_kernel_sse4_1_double/nb_kernel_ElecEwSh_VdwNone_GeomW3W3_sse4_1_double.cpp
< src/gromacs/gmxlib/nonbonded/nb_kernel_sse4_1_double/nb_kernel_ElecEwSh_VdwNone_GeomW4P1_sse4_1_double.cpp
< src/gromacs/gmxlib/nonbonded/nb_kernel_sse4_1_double/nb_kernel_ElecEwSh_VdwNone_GeomW4W4_sse4_1_double.cpp
< src/gromacs/gmxlib/nonbonded/nb_kernel_sse4_1_double/nb_kernel_ElecEwSw_VdwLJSw_GeomP1P1_sse4_1_double.cpp
< src/gromacs/gmxlib/nonbonded/nb_kernel_sse4_1_double/nb_kernel_ElecEwSw_VdwLJSw_GeomW3P1_sse4_1_double.cpp
< src/gromacs/gmxlib/nonbonded/nb_kernel_sse4_1_double/nb_kernel_ElecEwSw_VdwLJSw_GeomW3W3_sse4_1_double.cpp
< src/gromacs/gmxlib/nonbonded/nb_kernel_sse4_1_double/nb_kernel_ElecEwSw_VdwLJSw_GeomW4P1_sse4_1_double.cpp
< src/gromacs/gmxlib/nonbonded/nb_kernel_sse4_1_double/nb_kernel_ElecEwSw_VdwLJSw_GeomW4W4_sse4_1_double.cpp
< src/gromacs/gmxlib/nonbonded/nb_kernel_sse4_1_double/nb_kernel_ElecEwSw_VdwNone_GeomP1P1_sse4_1_double.cpp
< src/gromacs/gmxlib/nonbonded/nb_kernel_sse4_1_double/nb_kernel_ElecEwSw_VdwNone_GeomW3P1_sse4_1_double.cpp
< src/gromacs/gmxlib/nonbonded/nb_kernel_sse4_1_double/nb_kernel_ElecEwSw_VdwNone_GeomW3W3_sse4_1_double.cpp
< src/gromacs/gmxlib/nonbonded/nb_kernel_sse4_1_double/nb_kernel_ElecEwSw_VdwNone_GeomW4P1_sse4_1_double.cpp
< src/gromacs/gmxlib/nonbonded/nb_kernel_sse4_1_double/nb_kernel_ElecEwSw_VdwNone_GeomW4W4_sse4_1_double.cpp
< src/gromacs/gmxlib/nonbonded/nb_kernel_sse4_1_double/nb_kernel_ElecEw_VdwCSTab_GeomP1P1_sse4_1_double.cpp
< src/gromacs/gmxlib/nonbonded/nb_kernel_sse4_1_double/nb_kernel_ElecEw_VdwCSTab_GeomW3P1_sse4_1_double.cpp
< src/gromacs/gmxlib/nonbonded/nb_kernel_sse4_1_double/nb_kernel_ElecEw_VdwCSTab_GeomW3W3_sse4_1_double.cpp
< src/gromacs/gmxlib/nonbonded/nb_kernel_sse4_1_double/nb_kernel_ElecEw_VdwCSTab_GeomW4P1_sse4_1_double.cpp
< src/gromacs/gmxlib/nonbonded/nb_kernel_sse4_1_double/nb_kernel_ElecEw_VdwCSTab_GeomW4W4_sse4_1_double.cpp
< src/gromacs/gmxlib/nonbonded/nb_kernel_sse4_1_double/nb_kernel_ElecEw_VdwLJEw_GeomP1P1_sse4_1_double.cpp
< src/gromacs/gmxlib/nonbonded/nb_kernel_sse4_1_double/nb_kernel_ElecEw_VdwLJEw_GeomW3P1_sse4_1_double.cpp
< src/gromacs/gmxlib/nonbonded/nb_kernel_sse4_1_double/nb_kernel_ElecEw_VdwLJEw_GeomW3W3_sse4_1_double.cpp
< src/gromacs/gmxlib/nonbonded/nb_kernel_sse4_1_double/nb_kernel_ElecEw_VdwLJEw_GeomW4P1_sse4_1_double.cpp
< src/gromacs/gmxlib/nonbonded/nb_kernel_sse4_1_double/nb_kernel_ElecEw_VdwLJEw_GeomW4W4_sse4_1_double.cpp
< src/gromacs/gmxlib/nonbonded/nb_kernel_sse4_1_double/nb_kernel_ElecEw_VdwLJ_GeomP1P1_sse4_1_double.cpp
< src/gromacs/gmxlib/nonbonded/nb_kernel_sse4_1_double/nb_kernel_ElecEw_VdwLJ_GeomW3P1_sse4_1_double.cpp
< src/gromacs/gmxlib/nonbonded/nb_kernel_sse4_1_double/nb_kernel_ElecEw_VdwLJ_GeomW3W3_sse4_1_double.cpp
< src/gromacs/gmxlib/nonbonded/nb_kernel_sse4_1_double/nb_kernel_ElecEw_VdwLJ_GeomW4P1_sse4_1_double.cpp
< src/gromacs/gmxlib/nonbonded/nb_kernel_sse4_1_double/nb_kernel_ElecEw_VdwLJ_GeomW4W4_sse4_1_double.cpp
< src/gromacs/gmxlib/nonbonded/nb_kernel_sse4_1_double/nb_kernel_ElecEw_VdwNone_GeomP1P1_sse4_1_double.cpp
< src/gromacs/gmxlib/nonbonded/nb_kernel_sse4_1_double/nb_kernel_ElecEw_VdwNone_GeomW3P1_sse4_1_double.cpp
< src/gromacs/gmxlib/nonbonded/nb_kernel_sse4_1_double/nb_kernel_ElecEw_VdwNone_GeomW3W3_sse4_1_double.cpp
< src/gromacs/gmxlib/nonbonded/nb_kernel_sse4_1_double/nb_kernel_ElecEw_VdwNone_GeomW4P1_sse4_1_double.cpp
< src/gromacs/gmxlib/nonbonded/nb_kernel_sse4_1_double/nb_kernel_ElecEw_VdwNone_GeomW4W4_sse4_1_double.cpp
< src/gromacs/gmxlib/nonbonded/nb_kernel_sse4_1_double/nb_kernel_ElecGB_VdwCSTab_GeomP1P1_sse4_1_double.cpp
< src/gromacs/gmxlib/nonbonded/nb_kernel_sse4_1_double/nb_kernel_ElecGB_VdwLJ_GeomP1P1_sse4_1_double.cpp
< src/gromacs/gmxlib/nonbonded/nb_kernel_sse4_1_double/nb_kernel_ElecGB_VdwNone_GeomP1P1_sse4_1_double.cpp
< src/gromacs/gmxlib/nonbonded/nb_kernel_sse4_1_double/nb_kernel_ElecNone_VdwCSTab_GeomP1P1_sse4_1_double.cpp
< src/gromacs/gmxlib/nonbonded/nb_kernel_sse4_1_double/nb_kernel_ElecNone_VdwLJEw_GeomP1P1_sse4_1_double.cpp
< src/gromacs/gmxlib/nonbonded/nb_kernel_sse4_1_double/nb_kernel_ElecNone_VdwLJEwSh_GeomP1P1_sse4_1_double.cpp
< src/gromacs/gmxlib/nonbonded/nb_kernel_sse4_1_double/nb_kernel_ElecNone_VdwLJ_GeomP1P1_sse4_1_double.cpp
< src/gromacs/gmxlib/nonbonded/nb_kernel_sse4_1_double/nb_kernel_ElecNone_VdwLJSh_GeomP1P1_sse4_1_double.cpp
< src/gromacs/gmxlib/nonbonded/nb_kernel_sse4_1_double/nb_kernel_ElecNone_VdwLJSw_GeomP1P1_sse4_1_double.cpp
< src/gromacs/gmxlib/nonbonded/nb_kernel_sse4_1_double/nb_kernel_ElecRFCut_VdwCSTab_GeomP1P1_sse4_1_double.cpp
< src/gromacs/gmxlib/nonbonded/nb_kernel_sse4_1_double/nb_kernel_ElecRFCut_VdwCSTab_GeomW3P1_sse4_1_double.cpp
< src/gromacs/gmxlib/nonbonded/nb_kernel_sse4_1_double/nb_kernel_ElecRFCut_VdwCSTab_GeomW3W3_sse4_1_double.cpp
< src/gromacs/gmxlib/nonbonded/nb_kernel_sse4_1_double/nb_kernel_ElecRFCut_VdwCSTab_GeomW4P1_sse4_1_double.cpp
< src/gromacs/gmxlib/nonbonded/nb_kernel_sse4_1_double/nb_kernel_ElecRFCut_VdwCSTab_GeomW4W4_sse4_1_double.cpp
< src/gromacs/gmxlib/nonbonded/nb_kernel_sse4_1_double/nb_kernel_ElecRFCut_VdwLJSh_GeomP1P1_sse4_1_double.cpp
< src/gromacs/gmxlib/nonbonded/nb_kernel_sse4_1_double/nb_kernel_ElecRFCut_VdwLJSh_GeomW3P1_sse4_1_double.cpp
< src/gromacs/gmxlib/nonbonded/nb_kernel_sse4_1_double/nb_kernel_ElecRFCut_VdwLJSh_GeomW3W3_sse4_1_double.cpp
< src/gromacs/gmxlib/nonbonded/nb_kernel_sse4_1_double/nb_kernel_ElecRFCut_VdwLJSh_GeomW4P1_sse4_1_double.cpp
< src/gromacs/gmxlib/nonbonded/nb_kernel_sse4_1_double/nb_kernel_ElecRFCut_VdwLJSh_GeomW4W4_sse4_1_double.cpp
< src/gromacs/gmxlib/nonbonded/nb_kernel_sse4_1_double/nb_kernel_ElecRFCut_VdwLJSw_GeomP1P1_sse4_1_double.cpp
< src/gromacs/gmxlib/nonbonded/nb_kernel_sse4_1_double/nb_kernel_ElecRFCut_VdwLJSw_GeomW3P1_sse4_1_double.cpp
< src/gromacs/gmxlib/nonbonded/nb_kernel_sse4_1_double/nb_kernel_ElecRFCut_VdwLJSw_GeomW3W3_sse4_1_double.cpp
< src/gromacs/gmxlib/nonbonded/nb_kernel_sse4_1_double/nb_kernel_ElecRFCut_VdwLJSw_GeomW4P1_sse4_1_double.cpp
< src/gromacs/gmxlib/nonbonded/nb_kernel_sse4_1_double/nb_kernel_ElecRFCut_VdwLJSw_GeomW4W4_sse4_1_double.cpp
< src/gromacs/gmxlib/nonbonded/nb_kernel_sse4_1_double/nb_kernel_ElecRFCut_VdwNone_GeomP1P1_sse4_1_double.cpp
< src/gromacs/gmxlib/nonbonded/nb_kernel_sse4_1_double/nb_kernel_ElecRFCut_VdwNone_GeomW3P1_sse4_1_double.cpp
< src/gromacs/gmxlib/nonbonded/nb_kernel_sse4_1_double/nb_kernel_ElecRFCut_VdwNone_GeomW3W3_sse4_1_double.cpp
< src/gromacs/gmxlib/nonbonded/nb_kernel_sse4_1_double/nb_kernel_ElecRFCut_VdwNone_GeomW4P1_sse4_1_double.cpp
< src/gromacs/gmxlib/nonbonded/nb_kernel_sse4_1_double/nb_kernel_ElecRFCut_VdwNone_GeomW4W4_sse4_1_double.cpp
< src/gromacs/gmxlib/nonbonded/nb_kernel_sse4_1_double/nb_kernel_ElecRF_VdwCSTab_GeomP1P1_sse4_1_double.cpp
< src/gromacs/gmxlib/nonbonded/nb_kernel_sse4_1_double/nb_kernel_ElecRF_VdwCSTab_GeomW3P1_sse4_1_double.cpp
< src/gromacs/gmxlib/nonbonded/nb_kernel_sse4_1_double/nb_kernel_ElecRF_VdwCSTab_GeomW3W3_sse4_1_double.cpp
< src/gromacs/gmxlib/nonbonded/nb_kernel_sse4_1_double/nb_kernel_ElecRF_VdwCSTab_GeomW4P1_sse4_1_double.cpp
< src/gromacs/gmxlib/nonbonded/nb_kernel_sse4_1_double/nb_kernel_ElecRF_VdwCSTab_GeomW4W4_sse4_1_double.cpp
< src/gromacs/gmxlib/nonbonded/nb_kernel_sse4_1_double/nb_kernel_ElecRF_VdwLJ_GeomP1P1_sse4_1_double.cpp
< src/gromacs/gmxlib/nonbonded/nb_kernel_sse4_1_double/nb_kernel_ElecRF_VdwLJ_GeomW3P1_sse4_1_double.cpp
< src/gromacs/gmxlib/nonbonded/nb_kernel_sse4_1_double/nb_kernel_ElecRF_VdwLJ_GeomW3W3_sse4_1_double.cpp
< src/gromacs/gmxlib/nonbonded/nb_kernel_sse4_1_double/nb_kernel_ElecRF_VdwLJ_GeomW4P1_sse4_1_double.cpp
< src/gromacs/gmxlib/nonbonded/nb_kernel_sse4_1_double/nb_kernel_ElecRF_VdwLJ_GeomW4W4_sse4_1_double.cpp
< src/gromacs/gmxlib/nonbonded/nb_kernel_sse4_1_double/nb_kernel_ElecRF_VdwNone_GeomP1P1_sse4_1_double.cpp
< src/gromacs/gmxlib/nonbonded/nb_kernel_sse4_1_double/nb_kernel_ElecRF_VdwNone_GeomW3P1_sse4_1_double.cpp
< src/gromacs/gmxlib/nonbonded/nb_kernel_sse4_1_double/nb_kernel_ElecRF_VdwNone_GeomW3W3_sse4_1_double.cpp
< src/gromacs/gmxlib/nonbonded/nb_kernel_sse4_1_double/nb_kernel_ElecRF_VdwNone_GeomW4P1_sse4_1_double.cpp
< src/gromacs/gmxlib/nonbonded/nb_kernel_sse4_1_double/nb_kernel_ElecRF_VdwNone_GeomW4W4_sse4_1_double.cpp
< src/gromacs/gmxlib/nonbonded/nb_kernel_sse4_1_double/nb_kernel_sse4_1_double.cpp
1384,1503d541
< src/gromacs/gmxlib/nonbonded/nb_kernel_sse4_1_single/nb_kernel_ElecCoul_VdwCSTab_GeomP1P1_sse4_1_single.cpp
< src/gromacs/gmxlib/nonbonded/nb_kernel_sse4_1_single/nb_kernel_ElecCoul_VdwCSTab_GeomW3P1_sse4_1_single.cpp
< src/gromacs/gmxlib/nonbonded/nb_kernel_sse4_1_single/nb_kernel_ElecCoul_VdwCSTab_GeomW3W3_sse4_1_single.cpp
< src/gromacs/gmxlib/nonbonded/nb_kernel_sse4_1_single/nb_kernel_ElecCoul_VdwCSTab_GeomW4P1_sse4_1_single.cpp
< src/gromacs/gmxlib/nonbonded/nb_kernel_sse4_1_single/nb_kernel_ElecCoul_VdwCSTab_GeomW4W4_sse4_1_single.cpp
< src/gromacs/gmxlib/nonbonded/nb_kernel_sse4_1_single/nb_kernel_ElecCoul_VdwLJ_GeomP1P1_sse4_1_single.cpp
< src/gromacs/gmxlib/nonbonded/nb_kernel_sse4_1_single/nb_kernel_ElecCoul_VdwLJ_GeomW3P1_sse4_1_single.cpp
< src/gromacs/gmxlib/nonbonded/nb_kernel_sse4_1_single/nb_kernel_ElecCoul_VdwLJ_GeomW3W3_sse4_1_single.cpp
< src/gromacs/gmxlib/nonbonded/nb_kernel_sse4_1_single/nb_kernel_ElecCoul_VdwLJ_GeomW4P1_sse4_1_single.cpp
< src/gromacs/gmxlib/nonbonded/nb_kernel_sse4_1_single/nb_kernel_ElecCoul_VdwLJ_GeomW4W4_sse4_1_single.cpp
< src/gromacs/gmxlib/nonbonded/nb_kernel_sse4_1_single/nb_kernel_ElecCoul_VdwNone_GeomP1P1_sse4_1_single.cpp
< src/gromacs/gmxlib/nonbonded/nb_kernel_sse4_1_single/nb_kernel_ElecCoul_VdwNone_GeomW3P1_sse4_1_single.cpp
< src/gromacs/gmxlib/nonbonded/nb_kernel_sse4_1_single/nb_kernel_ElecCoul_VdwNone_GeomW3W3_sse4_1_single.cpp
< src/gromacs/gmxlib/nonbonded/nb_kernel_sse4_1_single/nb_kernel_ElecCoul_VdwNone_GeomW4P1_sse4_1_single.cpp
< src/gromacs/gmxlib/nonbonded/nb_kernel_sse4_1_single/nb_kernel_ElecCoul_VdwNone_GeomW4W4_sse4_1_single.cpp
< src/gromacs/gmxlib/nonbonded/nb_kernel_sse4_1_single/nb_kernel_ElecCSTab_VdwCSTab_GeomP1P1_sse4_1_single.cpp
< src/gromacs/gmxlib/nonbonded/nb_kernel_sse4_1_single/nb_kernel_ElecCSTab_VdwCSTab_GeomW3P1_sse4_1_single.cpp
< src/gromacs/gmxlib/nonbonded/nb_kernel_sse4_1_single/nb_kernel_ElecCSTab_VdwCSTab_GeomW3W3_sse4_1_single.cpp
< src/gromacs/gmxlib/nonbonded/nb_kernel_sse4_1_single/nb_kernel_ElecCSTab_VdwCSTab_GeomW4P1_sse4_1_single.cpp
< src/gromacs/gmxlib/nonbonded/nb_kernel_sse4_1_single/nb_kernel_ElecCSTab_VdwCSTab_GeomW4W4_sse4_1_single.cpp
< src/gromacs/gmxlib/nonbonded/nb_kernel_sse4_1_single/nb_kernel_ElecCSTab_VdwLJ_GeomP1P1_sse4_1_single.cpp
< src/gromacs/gmxlib/nonbonded/nb_kernel_sse4_1_single/nb_kernel_ElecCSTab_VdwLJ_GeomW3P1_sse4_1_single.cpp
< src/gromacs/gmxlib/nonbonded/nb_kernel_sse4_1_single/nb_kernel_ElecCSTab_VdwLJ_GeomW3W3_sse4_1_single.cpp
< src/gromacs/gmxlib/nonbonded/nb_kernel_sse4_1_single/nb_kernel_ElecCSTab_VdwLJ_GeomW4P1_sse4_1_single.cpp
< src/gromacs/gmxlib/nonbonded/nb_kernel_sse4_1_single/nb_kernel_ElecCSTab_VdwLJ_GeomW4W4_sse4_1_single.cpp
< src/gromacs/gmxlib/nonbonded/nb_kernel_sse4_1_single/nb_kernel_ElecCSTab_VdwNone_GeomP1P1_sse4_1_single.cpp
< src/gromacs/gmxlib/nonbonded/nb_kernel_sse4_1_single/nb_kernel_ElecCSTab_VdwNone_GeomW3P1_sse4_1_single.cpp
< src/gromacs/gmxlib/nonbonded/nb_kernel_sse4_1_single/nb_kernel_ElecCSTab_VdwNone_GeomW3W3_sse4_1_single.cpp
< src/gromacs/gmxlib/nonbonded/nb_kernel_sse4_1_single/nb_kernel_ElecCSTab_VdwNone_GeomW4P1_sse4_1_single.cpp
< src/gromacs/gmxlib/nonbonded/nb_kernel_sse4_1_single/nb_kernel_ElecCSTab_VdwNone_GeomW4W4_sse4_1_single.cpp
< src/gromacs/gmxlib/nonbonded/nb_kernel_sse4_1_single/nb_kernel_ElecEwSh_VdwLJEwSh_GeomP1P1_sse4_1_single.cpp
< src/gromacs/gmxlib/nonbonded/nb_kernel_sse4_1_single/nb_kernel_ElecEwSh_VdwLJEwSh_GeomW3P1_sse4_1_single.cpp
< src/gromacs/gmxlib/nonbonded/nb_kernel_sse4_1_single/nb_kernel_ElecEwSh_VdwLJEwSh_GeomW3W3_sse4_1_single.cpp
< src/gromacs/gmxlib/nonbonded/nb_kernel_sse4_1_single/nb_kernel_ElecEwSh_VdwLJEwSh_GeomW4P1_sse4_1_single.cpp
< src/gromacs/gmxlib/nonbonded/nb_kernel_sse4_1_single/nb_kernel_ElecEwSh_VdwLJEwSh_GeomW4W4_sse4_1_single.cpp
< src/gromacs/gmxlib/nonbonded/nb_kernel_sse4_1_single/nb_kernel_ElecEwSh_VdwLJSh_GeomP1P1_sse4_1_single.cpp
< src/gromacs/gmxlib/nonbonded/nb_kernel_sse4_1_single/nb_kernel_ElecEwSh_VdwLJSh_GeomW3P1_sse4_1_single.cpp
< src/gromacs/gmxlib/nonbonded/nb_kernel_sse4_1_single/nb_kernel_ElecEwSh_VdwLJSh_GeomW3W3_sse4_1_single.cpp
< src/gromacs/gmxlib/nonbonded/nb_kernel_sse4_1_single/nb_kernel_ElecEwSh_VdwLJSh_GeomW4P1_sse4_1_single.cpp
< src/gromacs/gmxlib/nonbonded/nb_kernel_sse4_1_single/nb_kernel_ElecEwSh_VdwLJSh_GeomW4W4_sse4_1_single.cpp
< src/gromacs/gmxlib/nonbonded/nb_kernel_sse4_1_single/nb_kernel_ElecEwSh_VdwNone_GeomP1P1_sse4_1_single.cpp
< src/gromacs/gmxlib/nonbonded/nb_kernel_sse4_1_single/nb_kernel_ElecEwSh_VdwNone_GeomW3P1_sse4_1_single.cpp
< src/gromacs/gmxlib/nonbonded/nb_kernel_sse4_1_single/nb_kernel_ElecEwSh_VdwNone_GeomW3W3_sse4_1_single.cpp
< src/gromacs/gmxlib/nonbonded/nb_kernel_sse4_1_single/nb_kernel_ElecEwSh_VdwNone_GeomW4P1_sse4_1_single.cpp
< src/gromacs/gmxlib/nonbonded/nb_kernel_sse4_1_single/nb_kernel_ElecEwSh_VdwNone_GeomW4W4_sse4_1_single.cpp
< src/gromacs/gmxlib/nonbonded/nb_kernel_sse4_1_single/nb_kernel_ElecEwSw_VdwLJSw_GeomP1P1_sse4_1_single.cpp
< src/gromacs/gmxlib/nonbonded/nb_kernel_sse4_1_single/nb_kernel_ElecEwSw_VdwLJSw_GeomW3P1_sse4_1_single.cpp
< src/gromacs/gmxlib/nonbonded/nb_kernel_sse4_1_single/nb_kernel_ElecEwSw_VdwLJSw_GeomW3W3_sse4_1_single.cpp
< src/gromacs/gmxlib/nonbonded/nb_kernel_sse4_1_single/nb_kernel_ElecEwSw_VdwLJSw_GeomW4P1_sse4_1_single.cpp
< src/gromacs/gmxlib/nonbonded/nb_kernel_sse4_1_single/nb_kernel_ElecEwSw_VdwLJSw_GeomW4W4_sse4_1_single.cpp
< src/gromacs/gmxlib/nonbonded/nb_kernel_sse4_1_single/nb_kernel_ElecEwSw_VdwNone_GeomP1P1_sse4_1_single.cpp
< src/gromacs/gmxlib/nonbonded/nb_kernel_sse4_1_single/nb_kernel_ElecEwSw_VdwNone_GeomW3P1_sse4_1_single.cpp
< src/gromacs/gmxlib/nonbonded/nb_kernel_sse4_1_single/nb_kernel_ElecEwSw_VdwNone_GeomW3W3_sse4_1_single.cpp
< src/gromacs/gmxlib/nonbonded/nb_kernel_sse4_1_single/nb_kernel_ElecEwSw_VdwNone_GeomW4P1_sse4_1_single.cpp
< src/gromacs/gmxlib/nonbonded/nb_kernel_sse4_1_single/nb_kernel_ElecEwSw_VdwNone_GeomW4W4_sse4_1_single.cpp
< src/gromacs/gmxlib/nonbonded/nb_kernel_sse4_1_single/nb_kernel_ElecEw_VdwCSTab_GeomP1P1_sse4_1_single.cpp
< src/gromacs/gmxlib/nonbonded/nb_kernel_sse4_1_single/nb_kernel_ElecEw_VdwCSTab_GeomW3P1_sse4_1_single.cpp
< src/gromacs/gmxlib/nonbonded/nb_kernel_sse4_1_single/nb_kernel_ElecEw_VdwCSTab_GeomW3W3_sse4_1_single.cpp
< src/gromacs/gmxlib/nonbonded/nb_kernel_sse4_1_single/nb_kernel_ElecEw_VdwCSTab_GeomW4P1_sse4_1_single.cpp
< src/gromacs/gmxlib/nonbonded/nb_kernel_sse4_1_single/nb_kernel_ElecEw_VdwCSTab_GeomW4W4_sse4_1_single.cpp
< src/gromacs/gmxlib/nonbonded/nb_kernel_sse4_1_single/nb_kernel_ElecEw_VdwLJEw_GeomP1P1_sse4_1_single.cpp
< src/gromacs/gmxlib/nonbonded/nb_kernel_sse4_1_single/nb_kernel_ElecEw_VdwLJEw_GeomW3P1_sse4_1_single.cpp
< src/gromacs/gmxlib/nonbonded/nb_kernel_sse4_1_single/nb_kernel_ElecEw_VdwLJEw_GeomW3W3_sse4_1_single.cpp
< src/gromacs/gmxlib/nonbonded/nb_kernel_sse4_1_single/nb_kernel_ElecEw_VdwLJEw_GeomW4P1_sse4_1_single.cpp
< src/gromacs/gmxlib/nonbonded/nb_kernel_sse4_1_single/nb_kernel_ElecEw_VdwLJEw_GeomW4W4_sse4_1_single.cpp
< src/gromacs/gmxlib/nonbonded/nb_kernel_sse4_1_single/nb_kernel_ElecEw_VdwLJ_GeomP1P1_sse4_1_single.cpp
< src/gromacs/gmxlib/nonbonded/nb_kernel_sse4_1_single/nb_kernel_ElecEw_VdwLJ_GeomW3P1_sse4_1_single.cpp
< src/gromacs/gmxlib/nonbonded/nb_kernel_sse4_1_single/nb_kernel_ElecEw_VdwLJ_GeomW3W3_sse4_1_single.cpp
< src/gromacs/gmxlib/nonbonded/nb_kernel_sse4_1_single/nb_kernel_ElecEw_VdwLJ_GeomW4P1_sse4_1_single.cpp
< src/gromacs/gmxlib/nonbonded/nb_kernel_sse4_1_single/nb_kernel_ElecEw_VdwLJ_GeomW4W4_sse4_1_single.cpp
< src/gromacs/gmxlib/nonbonded/nb_kernel_sse4_1_single/nb_kernel_ElecEw_VdwNone_GeomP1P1_sse4_1_single.cpp
< src/gromacs/gmxlib/nonbonded/nb_kernel_sse4_1_single/nb_kernel_ElecEw_VdwNone_GeomW3P1_sse4_1_single.cpp
< src/gromacs/gmxlib/nonbonded/nb_kernel_sse4_1_single/nb_kernel_ElecEw_VdwNone_GeomW3W3_sse4_1_single.cpp
< src/gromacs/gmxlib/nonbonded/nb_kernel_sse4_1_single/nb_kernel_ElecEw_VdwNone_GeomW4P1_sse4_1_single.cpp
< src/gromacs/gmxlib/nonbonded/nb_kernel_sse4_1_single/nb_kernel_ElecEw_VdwNone_GeomW4W4_sse4_1_single.cpp
< src/gromacs/gmxlib/nonbonded/nb_kernel_sse4_1_single/nb_kernel_ElecGB_VdwCSTab_GeomP1P1_sse4_1_single.cpp
< src/gromacs/gmxlib/nonbonded/nb_kernel_sse4_1_single/nb_kernel_ElecGB_VdwLJ_GeomP1P1_sse4_1_single.cpp
< src/gromacs/gmxlib/nonbonded/nb_kernel_sse4_1_single/nb_kernel_ElecGB_VdwNone_GeomP1P1_sse4_1_single.cpp
< src/gromacs/gmxlib/nonbonded/nb_kernel_sse4_1_single/nb_kernel_ElecNone_VdwCSTab_GeomP1P1_sse4_1_single.cpp
< src/gromacs/gmxlib/nonbonded/nb_kernel_sse4_1_single/nb_kernel_ElecNone_VdwLJEw_GeomP1P1_sse4_1_single.cpp
< src/gromacs/gmxlib/nonbonded/nb_kernel_sse4_1_single/nb_kernel_ElecNone_VdwLJEwSh_GeomP1P1_sse4_1_single.cpp
< src/gromacs/gmxlib/nonbonded/nb_kernel_sse4_1_single/nb_kernel_ElecNone_VdwLJ_GeomP1P1_sse4_1_single.cpp
< src/gromacs/gmxlib/nonbonded/nb_kernel_sse4_1_single/nb_kernel_ElecNone_VdwLJSh_GeomP1P1_sse4_1_single.cpp
< src/gromacs/gmxlib/nonbonded/nb_kernel_sse4_1_single/nb_kernel_ElecNone_VdwLJSw_GeomP1P1_sse4_1_single.cpp
< src/gromacs/gmxlib/nonbonded/nb_kernel_sse4_1_single/nb_kernel_ElecRFCut_VdwCSTab_GeomP1P1_sse4_1_single.cpp
< src/gromacs/gmxlib/nonbonded/nb_kernel_sse4_1_single/nb_kernel_ElecRFCut_VdwCSTab_GeomW3P1_sse4_1_single.cpp
< src/gromacs/gmxlib/nonbonded/nb_kernel_sse4_1_single/nb_kernel_ElecRFCut_VdwCSTab_GeomW3W3_sse4_1_single.cpp
< src/gromacs/gmxlib/nonbonded/nb_kernel_sse4_1_single/nb_kernel_ElecRFCut_VdwCSTab_GeomW4P1_sse4_1_single.cpp
< src/gromacs/gmxlib/nonbonded/nb_kernel_sse4_1_single/nb_kernel_ElecRFCut_VdwCSTab_GeomW4W4_sse4_1_single.cpp
< src/gromacs/gmxlib/nonbonded/nb_kernel_sse4_1_single/nb_kernel_ElecRFCut_VdwLJSh_GeomP1P1_sse4_1_single.cpp
< src/gromacs/gmxlib/nonbonded/nb_kernel_sse4_1_single/nb_kernel_ElecRFCut_VdwLJSh_GeomW3P1_sse4_1_single.cpp
< src/gromacs/gmxlib/nonbonded/nb_kernel_sse4_1_single/nb_kernel_ElecRFCut_VdwLJSh_GeomW3W3_sse4_1_single.cpp
< src/gromacs/gmxlib/nonbonded/nb_kernel_sse4_1_single/nb_kernel_ElecRFCut_VdwLJSh_GeomW4P1_sse4_1_single.cpp
< src/gromacs/gmxlib/nonbonded/nb_kernel_sse4_1_single/nb_kernel_ElecRFCut_VdwLJSh_GeomW4W4_sse4_1_single.cpp
< src/gromacs/gmxlib/nonbonded/nb_kernel_sse4_1_single/nb_kernel_ElecRFCut_VdwLJSw_GeomP1P1_sse4_1_single.cpp
< src/gromacs/gmxlib/nonbonded/nb_kernel_sse4_1_single/nb_kernel_ElecRFCut_VdwLJSw_GeomW3P1_sse4_1_single.cpp
< src/gromacs/gmxlib/nonbonded/nb_kernel_sse4_1_single/nb_kernel_ElecRFCut_VdwLJSw_GeomW3W3_sse4_1_single.cpp
< src/gromacs/gmxlib/nonbonded/nb_kernel_sse4_1_single/nb_kernel_ElecRFCut_VdwLJSw_GeomW4P1_sse4_1_single.cpp
< src/gromacs/gmxlib/nonbonded/nb_kernel_sse4_1_single/nb_kernel_ElecRFCut_VdwLJSw_GeomW4W4_sse4_1_single.cpp
< src/gromacs/gmxlib/nonbonded/nb_kernel_sse4_1_single/nb_kernel_ElecRFCut_VdwNone_GeomP1P1_sse4_1_single.cpp
< src/gromacs/gmxlib/nonbonded/nb_kernel_sse4_1_single/nb_kernel_ElecRFCut_VdwNone_GeomW3P1_sse4_1_single.cpp
< src/gromacs/gmxlib/nonbonded/nb_kernel_sse4_1_single/nb_kernel_ElecRFCut_VdwNone_GeomW3W3_sse4_1_single.cpp
< src/gromacs/gmxlib/nonbonded/nb_kernel_sse4_1_single/nb_kernel_ElecRFCut_VdwNone_GeomW4P1_sse4_1_single.cpp
< src/gromacs/gmxlib/nonbonded/nb_kernel_sse4_1_single/nb_kernel_ElecRFCut_VdwNone_GeomW4W4_sse4_1_single.cpp
< src/gromacs/gmxlib/nonbonded/nb_kernel_sse4_1_single/nb_kernel_ElecRF_VdwCSTab_GeomP1P1_sse4_1_single.cpp
< src/gromacs/gmxlib/nonbonded/nb_kernel_sse4_1_single/nb_kernel_ElecRF_VdwCSTab_GeomW3P1_sse4_1_single.cpp
< src/gromacs/gmxlib/nonbonded/nb_kernel_sse4_1_single/nb_kernel_ElecRF_VdwCSTab_GeomW3W3_sse4_1_single.cpp
< src/gromacs/gmxlib/nonbonded/nb_kernel_sse4_1_single/nb_kernel_ElecRF_VdwCSTab_GeomW4P1_sse4_1_single.cpp
< src/gromacs/gmxlib/nonbonded/nb_kernel_sse4_1_single/nb_kernel_ElecRF_VdwCSTab_GeomW4W4_sse4_1_single.cpp
< src/gromacs/gmxlib/nonbonded/nb_kernel_sse4_1_single/nb_kernel_ElecRF_VdwLJ_GeomP1P1_sse4_1_single.cpp
< src/gromacs/gmxlib/nonbonded/nb_kernel_sse4_1_single/nb_kernel_ElecRF_VdwLJ_GeomW3P1_sse4_1_single.cpp
< src/gromacs/gmxlib/nonbonded/nb_kernel_sse4_1_single/nb_kernel_ElecRF_VdwLJ_GeomW3W3_sse4_1_single.cpp
< src/gromacs/gmxlib/nonbonded/nb_kernel_sse4_1_single/nb_kernel_ElecRF_VdwLJ_GeomW4P1_sse4_1_single.cpp
< src/gromacs/gmxlib/nonbonded/nb_kernel_sse4_1_single/nb_kernel_ElecRF_VdwLJ_GeomW4W4_sse4_1_single.cpp
< src/gromacs/gmxlib/nonbonded/nb_kernel_sse4_1_single/nb_kernel_ElecRF_VdwNone_GeomP1P1_sse4_1_single.cpp
< src/gromacs/gmxlib/nonbonded/nb_kernel_sse4_1_single/nb_kernel_ElecRF_VdwNone_GeomW3P1_sse4_1_single.cpp
< src/gromacs/gmxlib/nonbonded/nb_kernel_sse4_1_single/nb_kernel_ElecRF_VdwNone_GeomW3W3_sse4_1_single.cpp
< src/gromacs/gmxlib/nonbonded/nb_kernel_sse4_1_single/nb_kernel_ElecRF_VdwNone_GeomW4P1_sse4_1_single.cpp
< src/gromacs/gmxlib/nonbonded/nb_kernel_sse4_1_single/nb_kernel_ElecRF_VdwNone_GeomW4W4_sse4_1_single.cpp
< src/gromacs/gmxlib/nonbonded/nb_kernel_sse4_1_single/nb_kernel_sse4_1_single.cpp
