1c1,134
< src/contrib/ehdata.h
---
> src/external/clFFT/src/include/clAmdFft.h
> src/external/clFFT/src/include/clAmdFft.version.h
> src/external/clFFT/src/include/clFFT.h
> src/external/clFFT/src/include/clFFT.version.h
> src/external/clFFT/src/include/convenienceFunctions.h
> src/external/clFFT/src/include/sharedLibrary.h
> src/external/clFFT/src/include/stdafx.h
> src/external/clFFT/src/include/targetver.h
> src/external/clFFT/src/include/unicode.compatibility.h
> src/external/clFFT/src/library/accessors.cpp
> src/external/clFFT/src/library/action.h
> src/external/clFFT/src/library/action.transpose.cpp
> src/external/clFFT/src/library/action.transpose.h
> src/external/clFFT/src/library/dllmain.cpp
> src/external/clFFT/src/library/enqueue.cpp
> src/external/clFFT/src/library/fft_binary_lookup.cpp
> src/external/clFFT/src/library/fft_binary_lookup.h
> src/external/clFFT/src/library/generator.copy.cpp
> src/external/clFFT/src/library/generator.h
> src/external/clFFT/src/library/generator.stockham.cpp
> src/external/clFFT/src/library/generator.stockham.h
> src/external/clFFT/src/library/generator.transpose.cpp
> src/external/clFFT/src/library/generator.transpose.gcn.cpp
> src/external/clFFT/src/library/generator.transpose.gcn.h
> src/external/clFFT/src/library/generator.transpose.h
> src/external/clFFT/src/library/lifetime.cpp
> src/external/clFFT/src/library/lock.h
> src/external/clFFT/src/library/mainpage.h
> src/external/clFFT/src/library/md5sum.cpp
> src/external/clFFT/src/library/md5sum.h
> src/external/clFFT/src/library/plan.cpp
> src/external/clFFT/src/library/plan.h
> src/external/clFFT/src/library/private.h
> src/external/clFFT/src/library/repo.cpp
> src/external/clFFT/src/library/repo.h
> src/external/clFFT/src/library/stdafx.cpp
> src/external/clFFT/src/library/transform.cpp
> src/external/clFFT/src/statTimer/dllmain.cpp
> src/external/clFFT/src/statTimer/statisticalTimer.CPU.cpp
> src/external/clFFT/src/statTimer/statisticalTimer.CPU.h
> src/external/clFFT/src/statTimer/statisticalTimer.extern.cpp
> src/external/clFFT/src/statTimer/statisticalTimer.extern.h
> src/external/clFFT/src/statTimer/statisticalTimer.GPU.cpp
> src/external/clFFT/src/statTimer/statisticalTimer.GPU.h
> src/external/clFFT/src/statTimer/statisticalTimer.h
> src/external/clFFT/src/statTimer/stdafx.cpp
> src/external/clFFT/src/statTimer/stdafx.h
> src/external/clFFT/src/statTimer/targetver.h
> src/external/colvars/colvar_arithmeticpath.h
> src/external/colvars/colvaratoms.cpp
> src/external/colvars/colvaratoms.h
> src/external/colvars/colvarbias_abf.cpp
> src/external/colvars/colvarbias_abf.h
> src/external/colvars/colvarbias_abmd.cpp
> src/external/colvars/colvarbias_abmd.h
> src/external/colvars/colvarbias_alb.cpp
> src/external/colvars/colvarbias_alb.h
> src/external/colvars/colvarbias.cpp
> src/external/colvars/colvarbias.h
> src/external/colvars/colvarbias_histogram.cpp
> src/external/colvars/colvarbias_histogram.h
> src/external/colvars/colvarbias_histogram_reweight_amd.cpp
> src/external/colvars/colvarbias_histogram_reweight_amd.h
> src/external/colvars/colvarbias_meta.cpp
> src/external/colvars/colvarbias_meta.h
> src/external/colvars/colvarbias_opes.cpp
> src/external/colvars/colvarbias_opes.h
> src/external/colvars/colvarbias_restraint.cpp
> src/external/colvars/colvarbias_restraint.h
> src/external/colvars/colvarcomp_alchlambda.cpp
> src/external/colvars/colvarcomp_angles.cpp
> src/external/colvars/colvarcomp_apath.cpp
> src/external/colvars/colvarcomp_combination.cpp
> src/external/colvars/colvarcomp_coordnums.cpp
> src/external/colvars/colvarcomp.cpp
> src/external/colvars/colvarcomp_distances.cpp
> src/external/colvars/colvarcomp_gpath.cpp
> src/external/colvars/colvarcomp.h
> src/external/colvars/colvarcomp_neuralnetwork.cpp
> src/external/colvars/colvarcomp_protein.cpp
> src/external/colvars/colvarcomp_rotations.cpp
> src/external/colvars/colvarcomp_torchann.cpp
> src/external/colvars/colvarcomp_torchann.h
> src/external/colvars/colvarcomp_volmaps.cpp
> src/external/colvars/colvar.cpp
> src/external/colvars/colvardeps.cpp
> src/external/colvars/colvardeps.h
> src/external/colvars/colvar_geometricpath.h
> src/external/colvars/colvargrid.cpp
> src/external/colvars/colvargrid_def.h
> src/external/colvars/colvargrid.h
> src/external/colvars/colvar.h
> src/external/colvars/colvarmodule.cpp
> src/external/colvars/colvarmodule.h
> src/external/colvars/colvarmodule_refs.h
> src/external/colvars/colvarmodule_utils.h
> src/external/colvars/colvar_neuralnetworkcompute.cpp
> src/external/colvars/colvar_neuralnetworkcompute.h
> src/external/colvars/colvarparams.cpp
> src/external/colvars/colvarparams.h
> src/external/colvars/colvarparse.cpp
> src/external/colvars/colvarparse.h
> src/external/colvars/colvarproxy.cpp
> src/external/colvars/colvarproxy.h
> src/external/colvars/colvarproxy_io.cpp
> src/external/colvars/colvarproxy_io.h
> src/external/colvars/colvarproxy_replicas.cpp
> src/external/colvars/colvarproxy_replicas.h
> src/external/colvars/colvarproxy_system.cpp
> src/external/colvars/colvarproxy_system.h
> src/external/colvars/colvarproxy_tcl.cpp
> src/external/colvars/colvarproxy_tcl.h
> src/external/colvars/colvarproxy_volmaps.cpp
> src/external/colvars/colvarproxy_volmaps.h
> src/external/colvars/colvar_rotation_derivative.h
> src/external/colvars/colvarscript_commands_bias.cpp
> src/external/colvars/colvarscript_commands_bias.h
> src/external/colvars/colvarscript_commands_colvar.cpp
> src/external/colvars/colvarscript_commands_colvar.h
> src/external/colvars/colvarscript_commands.cpp
> src/external/colvars/colvarscript_commands.h
> src/external/colvars/colvarscript.cpp
> src/external/colvars/colvarscript.h
> src/external/colvars/colvars_memstream.cpp
> src/external/colvars/colvars_memstream.h
> src/external/colvars/colvars_version.h
> src/external/colvars/colvartypes.cpp
> src/external/colvars/colvartypes.h
> src/external/colvars/colvar_UIestimator.h
> src/external/colvars/colvarvalue.cpp
> src/external/colvars/colvarvalue.h
> src/external/colvars/nr_jacobi.cpp
> src/external/colvars/nr_jacobi.h
> src/external/fftpack/fftpack.cpp
3,37c136,184
< src/external/gmock-1.7.0/gtest/include/gtest/gtest-death-test.h
< src/external/gmock-1.7.0/gtest/include/gtest/gtest.h
< src/external/gmock-1.7.0/gtest/include/gtest/gtest-message.h
< src/external/gmock-1.7.0/gtest/include/gtest/gtest-param-test.h
< src/external/gmock-1.7.0/gtest/include/gtest/gtest_pred_impl.h
< src/external/gmock-1.7.0/gtest/include/gtest/gtest-printers.h
< src/external/gmock-1.7.0/gtest/include/gtest/gtest_prod.h
< src/external/gmock-1.7.0/gtest/include/gtest/gtest-spi.h
< src/external/gmock-1.7.0/gtest/include/gtest/gtest-test-part.h
< src/external/gmock-1.7.0/gtest/include/gtest/gtest-typed-test.h
< src/external/gmock-1.7.0/gtest/include/gtest/internal/gtest-death-test-internal.h
< src/external/gmock-1.7.0/gtest/include/gtest/internal/gtest-filepath.h
< src/external/gmock-1.7.0/gtest/include/gtest/internal/gtest-internal.h
< src/external/gmock-1.7.0/gtest/include/gtest/internal/gtest-linked_ptr.h
< src/external/gmock-1.7.0/gtest/include/gtest/internal/gtest-param-util-generated.h
< src/external/gmock-1.7.0/gtest/include/gtest/internal/gtest-param-util.h
< src/external/gmock-1.7.0/gtest/include/gtest/internal/gtest-port.h
< src/external/gmock-1.7.0/gtest/include/gtest/internal/gtest-string.h
< src/external/gmock-1.7.0/gtest/include/gtest/internal/gtest-tuple.h
< src/external/gmock-1.7.0/gtest/include/gtest/internal/gtest-type-util.h
< src/external/gmock-1.7.0/gtest/src/gtest-internal-inl.h
< src/external/gmock-1.7.0/include/gmock/gmock-actions.h
< src/external/gmock-1.7.0/include/gmock/gmock-cardinalities.h
< src/external/gmock-1.7.0/include/gmock/gmock-generated-actions.h
< src/external/gmock-1.7.0/include/gmock/gmock-generated-function-mockers.h
< src/external/gmock-1.7.0/include/gmock/gmock-generated-matchers.h
< src/external/gmock-1.7.0/include/gmock/gmock-generated-nice-strict.h
< src/external/gmock-1.7.0/include/gmock/gmock.h
< src/external/gmock-1.7.0/include/gmock/gmock-matchers.h
< src/external/gmock-1.7.0/include/gmock/gmock-more-actions.h
< src/external/gmock-1.7.0/include/gmock/gmock-more-matchers.h
< src/external/gmock-1.7.0/include/gmock/gmock-spec-builders.h
< src/external/gmock-1.7.0/include/gmock/internal/gmock-generated-internal-utils.h
< src/external/gmock-1.7.0/include/gmock/internal/gmock-internal-utils.h
< src/external/gmock-1.7.0/include/gmock/internal/gmock-port.h
---
> src/external/googletest/googlemock/include/gmock/gmock-actions.h
> src/external/googletest/googlemock/include/gmock/gmock-cardinalities.h
> src/external/googletest/googlemock/include/gmock/gmock-function-mocker.h
> src/external/googletest/googlemock/include/gmock/gmock.h
> src/external/googletest/googlemock/include/gmock/gmock-matchers.h
> src/external/googletest/googlemock/include/gmock/gmock-more-actions.h
> src/external/googletest/googlemock/include/gmock/gmock-more-matchers.h
> src/external/googletest/googlemock/include/gmock/gmock-nice-strict.h
> src/external/googletest/googlemock/include/gmock/gmock-spec-builders.h
> src/external/googletest/googlemock/include/gmock/internal/custom/gmock-generated-actions.h
> src/external/googletest/googlemock/include/gmock/internal/custom/gmock-matchers.h
> src/external/googletest/googlemock/include/gmock/internal/custom/gmock-port.h
> src/external/googletest/googlemock/include/gmock/internal/gmock-internal-utils.h
> src/external/googletest/googlemock/include/gmock/internal/gmock-port.h
> src/external/googletest/googlemock/include/gmock/internal/gmock-pp.h
> src/external/googletest/googlemock/test/gmock_link_test.h
> src/external/googletest/googlemock/test/gmock-matchers_test.h
> src/external/googletest/googletest/include/gtest/gtest-assertion-result.h
> src/external/googletest/googletest/include/gtest/gtest-death-test.h
> src/external/googletest/googletest/include/gtest/gtest.h
> src/external/googletest/googletest/include/gtest/gtest-matchers.h
> src/external/googletest/googletest/include/gtest/gtest-message.h
> src/external/googletest/googletest/include/gtest/gtest-param-test.h
> src/external/googletest/googletest/include/gtest/gtest_pred_impl.h
> src/external/googletest/googletest/include/gtest/gtest-printers.h
> src/external/googletest/googletest/include/gtest/gtest_prod.h
> src/external/googletest/googletest/include/gtest/gtest-spi.h
> src/external/googletest/googletest/include/gtest/gtest-test-part.h
> src/external/googletest/googletest/include/gtest/gtest-typed-test.h
> src/external/googletest/googletest/include/gtest/internal/custom/gtest.h
> src/external/googletest/googletest/include/gtest/internal/custom/gtest-port.h
> src/external/googletest/googletest/include/gtest/internal/custom/gtest-printers.h
> src/external/googletest/googletest/include/gtest/internal/gtest-death-test-internal.h
> src/external/googletest/googletest/include/gtest/internal/gtest-filepath.h
> src/external/googletest/googletest/include/gtest/internal/gtest-internal.h
> src/external/googletest/googletest/include/gtest/internal/gtest-param-util.h
> src/external/googletest/googletest/include/gtest/internal/gtest-port-arch.h
> src/external/googletest/googletest/include/gtest/internal/gtest-port.h
> src/external/googletest/googletest/include/gtest/internal/gtest-string.h
> src/external/googletest/googletest/include/gtest/internal/gtest-type-util.h
> src/external/googletest/googletest/samples/prime_tables.h
> src/external/googletest/googletest/samples/sample1.h
> src/external/googletest/googletest/samples/sample2.h
> src/external/googletest/googletest/samples/sample3-inl.h
> src/external/googletest/googletest/samples/sample4.h
> src/external/googletest/googletest/src/gtest-internal-inl.h
> src/external/googletest/googletest/test/googletest-param-test-test.h
> src/external/googletest/googletest/test/gtest-typed-test_test.h
> src/external/googletest/googletest/test/production.h
40a188,220
> src/external/muparser/include/muParserBase.h
> src/external/muparser/include/muParserBytecode.h
> src/external/muparser/include/muParserCallback.h
> src/external/muparser/include/muParserDef.h
> src/external/muparser/include/muParserDLL.h
> src/external/muparser/include/muParserError.h
> src/external/muparser/include/muParserFixes.h
> src/external/muparser/include/muParser.h
> src/external/muparser/include/muParserInt.h
> src/external/muparser/include/muParserTemplateMagic.h
> src/external/muparser/include/muParserTest.h
> src/external/muparser/include/muParserToken.h
> src/external/muparser/include/muParserTokenReader.h
> src/external/muparser/samples/example1/example1.cpp
> src/external/muparser/samples/example3/example3.cpp
> src/external/muparser/src/muParserBase.cpp
> src/external/muparser/src/muParserBytecode.cpp
> src/external/muparser/src/muParserCallback.cpp
> src/external/muparser/src/muParser.cpp
> src/external/muparser/src/muParserDLL.cpp
> src/external/muparser/src/muParserError.cpp
> src/external/muparser/src/muParserInt.cpp
> src/external/muparser/src/muParserTest.cpp
> src/external/muparser/src/muParserTokenReader.cpp
> src/external/muparser/test/t_ParserTest.cpp
> src/external/plumed/Plumed.h
> src/external/rpc_xdr/types.h
> src/external/rpc_xdr/xdr_array.cpp
> src/external/rpc_xdr/xdr.cpp
> src/external/rpc_xdr/xdr_float.cpp
> src/external/rpc_xdr/xdr.h
> src/external/rpc_xdr/xdr_stdio.cpp
> src/external/scope_guard/scope_guard.h
65d244
< src/external/thread_mpi/include/thread_mpi/mutex.h
67d245
< src/external/thread_mpi/include/thread_mpi/system_error.h
72a251,255
> src/external/thread_mpi/src/alltoall.cpp
> src/external/thread_mpi/src/atomic.cpp
> src/external/thread_mpi/src/barrier.cpp
> src/external/thread_mpi/src/bcast.cpp
> src/external/thread_mpi/src/collective.cpp
73a257,261
> src/external/thread_mpi/src/comm.cpp
> src/external/thread_mpi/src/errhandler.cpp
> src/external/thread_mpi/src/event.cpp
> src/external/thread_mpi/src/gather.cpp
> src/external/thread_mpi/src/group.cpp
74a263,267
> src/external/thread_mpi/src/list.cpp
> src/external/thread_mpi/src/lock.cpp
> src/external/thread_mpi/src/numa_malloc.cpp
> src/external/thread_mpi/src/once.cpp
> src/external/thread_mpi/src/p2p_buffer.cpp
75a269,272
> src/external/thread_mpi/src/p2p_protocol.cpp
> src/external/thread_mpi/src/p2p_send_recv.cpp
> src/external/thread_mpi/src/p2p_wait.cpp
> src/external/thread_mpi/src/profile.cpp
76a274
> src/external/thread_mpi/src/pthreads.cpp
77a276,279
> src/external/thread_mpi/src/reduce.cpp
> src/external/thread_mpi/src/reduce_fast.cpp
> src/external/thread_mpi/src/scan.cpp
> src/external/thread_mpi/src/scatter.cpp
79c281,282
< src/external/thread_mpi/src/system_error.cpp
---
> src/external/thread_mpi/src/tmpi_init.cpp
> src/external/thread_mpi/src/tmpi_malloc.cpp
80a284,285
> src/external/thread_mpi/src/topology.cpp
> src/external/thread_mpi/src/type.cpp
81a287
> src/external/thread_mpi/src/winthreads.cpp
84a291,300
> src/external/tng_io/external/zlib/crc32.h
> src/external/tng_io/external/zlib/deflate.h
> src/external/tng_io/external/zlib/inffast.h
> src/external/tng_io/external/zlib/inffixed.h
> src/external/tng_io/external/zlib/inflate.h
> src/external/tng_io/external/zlib/inftrees.h
> src/external/tng_io/external/zlib/trees.h
> src/external/tng_io/external/zlib/zconf.h
> src/external/tng_io/external/zlib/zlib.h
> src/external/tng_io/external/zlib/zutil.h
180a397,438
> src/external/vkfft/vkFFT.h
> src/external/vkfft/vkFFT/vkFFT_AppManagement/vkFFT_DeleteApp.h
> src/external/vkfft/vkFFT/vkFFT_AppManagement/vkFFT_InitializeApp.h
> src/external/vkfft/vkFFT/vkFFT_AppManagement/vkFFT_RunApp.h
> src/external/vkfft/vkFFT/vkFFT_CodeGen/vkFFT_KernelsLevel0/vkFFT_KernelStartEnd.h
> src/external/vkfft/vkFFT/vkFFT_CodeGen/vkFFT_KernelsLevel0/vkFFT_KernelUtils.h
> src/external/vkfft/vkFFT/vkFFT_CodeGen/vkFFT_KernelsLevel0/vkFFT_MemoryManagement/vkFFT_MemoryInitialization/vkFFT_Constants.h
> src/external/vkfft/vkFFT/vkFFT_CodeGen/vkFFT_KernelsLevel0/vkFFT_MemoryManagement/vkFFT_MemoryInitialization/vkFFT_InputOutput.h
> src/external/vkfft/vkFFT/vkFFT_CodeGen/vkFFT_KernelsLevel0/vkFFT_MemoryManagement/vkFFT_MemoryInitialization/vkFFT_InputOutputLayout.h
> src/external/vkfft/vkFFT/vkFFT_CodeGen/vkFFT_KernelsLevel0/vkFFT_MemoryManagement/vkFFT_MemoryInitialization/vkFFT_PushConstants.h
> src/external/vkfft/vkFFT/vkFFT_CodeGen/vkFFT_KernelsLevel0/vkFFT_MemoryManagement/vkFFT_MemoryInitialization/vkFFT_Registers.h
> src/external/vkfft/vkFFT/vkFFT_CodeGen/vkFFT_KernelsLevel0/vkFFT_MemoryManagement/vkFFT_MemoryInitialization/vkFFT_SharedMemory.h
> src/external/vkfft/vkFFT/vkFFT_CodeGen/vkFFT_KernelsLevel0/vkFFT_MemoryManagement/vkFFT_MemoryTransfers/vkFFT_Transfers.h
> src/external/vkfft/vkFFT/vkFFT_CodeGen/vkFFT_KernelsLevel0/vkFFT_Zeropad.h
> src/external/vkfft/vkFFT/vkFFT_CodeGen/vkFFT_KernelsLevel1/PrePostProcessing/vkFFT_4step.h
> src/external/vkfft/vkFFT/vkFFT_CodeGen/vkFFT_KernelsLevel1/PrePostProcessing/vkFFT_Bluestein.h
> src/external/vkfft/vkFFT/vkFFT_CodeGen/vkFFT_KernelsLevel1/PrePostProcessing/vkFFT_Convolution.h
> src/external/vkfft/vkFFT/vkFFT_CodeGen/vkFFT_KernelsLevel1/PrePostProcessing/vkFFT_R2C.h
> src/external/vkfft/vkFFT/vkFFT_CodeGen/vkFFT_KernelsLevel1/PrePostProcessing/vkFFT_R2R.h
> src/external/vkfft/vkFFT/vkFFT_CodeGen/vkFFT_KernelsLevel1/vkFFT_RaderKernels.h
> src/external/vkfft/vkFFT/vkFFT_CodeGen/vkFFT_KernelsLevel1/vkFFT_RadixKernels.h
> src/external/vkfft/vkFFT/vkFFT_CodeGen/vkFFT_KernelsLevel1/vkFFT_RadixShuffle.h
> src/external/vkfft/vkFFT/vkFFT_CodeGen/vkFFT_KernelsLevel1/vkFFT_RadixStage.h
> src/external/vkfft/vkFFT/vkFFT_CodeGen/vkFFT_KernelsLevel1/vkFFT_ReadWrite.h
> src/external/vkfft/vkFFT/vkFFT_CodeGen/vkFFT_KernelsLevel1/vkFFT_RegisterBoost.h
> src/external/vkfft/vkFFT/vkFFT_CodeGen/vkFFT_KernelsLevel2/vkFFT_FFT.h
> src/external/vkfft/vkFFT/vkFFT_CodeGen/vkFFT_KernelsLevel2/vkFFT_R2C_even_decomposition.h
> src/external/vkfft/vkFFT/vkFFT_CodeGen/vkFFT_MathUtils/vkFFT_MathUtils.h
> src/external/vkfft/vkFFT/vkFFT_CodeGen/vkFFT_StringManagement/vkFFT_StringManager.h
> src/external/vkfft/vkFFT/vkFFT_PlanManagement/vkFFT_API_handles/vkFFT_CompileKernel.h
> src/external/vkfft/vkFFT/vkFFT_PlanManagement/vkFFT_API_handles/vkFFT_DeletePlan.h
> src/external/vkfft/vkFFT/vkFFT_PlanManagement/vkFFT_API_handles/vkFFT_DispatchPlan.h
> src/external/vkfft/vkFFT/vkFFT_PlanManagement/vkFFT_API_handles/vkFFT_InitAPIParameters.h
> src/external/vkfft/vkFFT/vkFFT_PlanManagement/vkFFT_API_handles/vkFFT_ManageMemory.h
> src/external/vkfft/vkFFT/vkFFT_PlanManagement/vkFFT_API_handles/vkFFT_UpdateBuffers.h
> src/external/vkfft/vkFFT/vkFFT_PlanManagement/vkFFT_HostFunctions/vkFFT_AxisBlockSplitter.h
> src/external/vkfft/vkFFT/vkFFT_PlanManagement/vkFFT_HostFunctions/vkFFT_ManageLUT.h
> src/external/vkfft/vkFFT/vkFFT_PlanManagement/vkFFT_HostFunctions/vkFFT_RecursiveFFTGenerators.h
> src/external/vkfft/vkFFT/vkFFT_PlanManagement/vkFFT_HostFunctions/vkFFT_Scheduler.h
> src/external/vkfft/vkFFT/vkFFT_PlanManagement/vkFFT_Plans/vkFFT_Plan_FFT.h
> src/external/vkfft/vkFFT/vkFFT_PlanManagement/vkFFT_Plans/vkFFT_Plan_R2C.h
> src/external/vkfft/vkFFT/vkFFT_Structs/vkFFT_Structs.h
181a440
> src/external/vmd_molfile/vmddlopen.cpp
184d442
< src/gmxpre.h
186d443
< src/gromacs/analysisdata/abstractdata.h
188d444
< src/gromacs/analysisdata/analysisdata.h
190d445
< src/gromacs/analysisdata/arraydata.h
192d446
< src/gromacs/analysisdata/dataframe.h
194d447
< src/gromacs/analysisdata/datamodule.h
202d454
< src/gromacs/analysisdata.h
204d455
< src/gromacs/analysisdata/modules/average.h
206d456
< src/gromacs/analysisdata/modules/displacement.h
210d459
< src/gromacs/analysisdata/modules/histogram.h
212d460
< src/gromacs/analysisdata/modules/lifetime.h
214d461
< src/gromacs/analysisdata/modules/plot.h
224a472,589
> src/gromacs/applied_forces/awh/awh.cpp
> src/gromacs/applied_forces/awh/awh.h
> src/gromacs/applied_forces/awh/bias.cpp
> src/gromacs/applied_forces/awh/biasgrid.cpp
> src/gromacs/applied_forces/awh/biasgrid.h
> src/gromacs/applied_forces/awh/bias.h
> src/gromacs/applied_forces/awh/biasparams.cpp
> src/gromacs/applied_forces/awh/biasparams.h
> src/gromacs/applied_forces/awh/biassharing.cpp
> src/gromacs/applied_forces/awh/biassharing.h
> src/gromacs/applied_forces/awh/biasstate.cpp
> src/gromacs/applied_forces/awh/biasstate.h
> src/gromacs/applied_forces/awh/biaswriter.cpp
> src/gromacs/applied_forces/awh/biaswriter.h
> src/gromacs/applied_forces/awh/coordstate.cpp
> src/gromacs/applied_forces/awh/coordstate.h
> src/gromacs/applied_forces/awh/correlationgrid.cpp
> src/gromacs/applied_forces/awh/correlationgrid.h
> src/gromacs/applied_forces/awh/correlationhistory.cpp
> src/gromacs/applied_forces/awh/correlationhistory.h
> src/gromacs/applied_forces/awh/correlationtensor.cpp
> src/gromacs/applied_forces/awh/correlationtensor.h
> src/gromacs/applied_forces/awh/dimparams.h
> src/gromacs/applied_forces/awh/histogramsize.cpp
> src/gromacs/applied_forces/awh/histogramsize.h
> src/gromacs/applied_forces/awh/pointstate.cpp
> src/gromacs/applied_forces/awh/pointstate.h
> src/gromacs/applied_forces/awh/read_params.cpp
> src/gromacs/applied_forces/awh/read_params.h
> src/gromacs/applied_forces/awh/tests/awh_setup.cpp
> src/gromacs/applied_forces/awh/tests/awh_setup.h
> src/gromacs/applied_forces/awh/tests/bias.cpp
> src/gromacs/applied_forces/awh/tests/bias_fep_lambda_state.cpp
> src/gromacs/applied_forces/awh/tests/biasgrid.cpp
> src/gromacs/applied_forces/awh/tests/biassharing.cpp
> src/gromacs/applied_forces/awh/tests/biasstate.cpp
> src/gromacs/applied_forces/awh/tests/friction_metric.cpp
> src/gromacs/applied_forces/colvars/colvarproxygromacs.cpp
> src/gromacs/applied_forces/colvars/colvarproxygromacs.h
> src/gromacs/applied_forces/colvars/colvarproxy_gromacs_version.h
> src/gromacs/applied_forces/colvars/colvarsforceprovider.cpp
> src/gromacs/applied_forces/colvars/colvarsforceprovider.h
> src/gromacs/applied_forces/colvars/colvarsMDModule.cpp
> src/gromacs/applied_forces/colvars/colvarsMDModule.h
> src/gromacs/applied_forces/colvars/colvarsMDModule_stub.cpp
> src/gromacs/applied_forces/colvars/colvarsoptions.cpp
> src/gromacs/applied_forces/colvars/colvarsoptions.h
> src/gromacs/applied_forces/colvars/colvarspreprocessor.cpp
> src/gromacs/applied_forces/colvars/colvarspreprocessor.h
> src/gromacs/applied_forces/colvars/colvarssimulationsparameters.cpp
> src/gromacs/applied_forces/colvars/colvarssimulationsparameters.h
> src/gromacs/applied_forces/colvars/tests/colvars.cpp
> src/gromacs/applied_forces/colvars/tests/colvarsforceprovider.cpp
> src/gromacs/applied_forces/colvars/tests/colvarsoptions.cpp
> src/gromacs/applied_forces/colvars/tests/colvarspreprocessor.cpp
> src/gromacs/applied_forces/densityfitting/densityfittingamplitudelookup.cpp
> src/gromacs/applied_forces/densityfitting/densityfittingamplitudelookup.h
> src/gromacs/applied_forces/densityfitting/densityfitting.cpp
> src/gromacs/applied_forces/densityfitting/densityfittingforceprovider.cpp
> src/gromacs/applied_forces/densityfitting/densityfittingforceprovider.h
> src/gromacs/applied_forces/densityfitting/densityfitting.h
> src/gromacs/applied_forces/densityfitting/densityfittingoptions.cpp
> src/gromacs/applied_forces/densityfitting/densityfittingoptions.h
> src/gromacs/applied_forces/densityfitting/densityfittingoutputprovider.cpp
> src/gromacs/applied_forces/densityfitting/densityfittingoutputprovider.h
> src/gromacs/applied_forces/densityfitting/densityfittingparameters.cpp
> src/gromacs/applied_forces/densityfitting/densityfittingparameters.h
> src/gromacs/applied_forces/densityfitting/tests/densityfittingamplitudelookup.cpp
> src/gromacs/applied_forces/densityfitting/tests/densityfitting.cpp
> src/gromacs/applied_forces/densityfitting/tests/densityfittingforceprovider.cpp
> src/gromacs/applied_forces/densityfitting/tests/densityfittingoptions.cpp
> src/gromacs/applied_forces/electricfield.cpp
> src/gromacs/applied_forces/electricfield.h
> src/gromacs/applied_forces/nnpot/nnpot.cpp
> src/gromacs/applied_forces/nnpot/nnpotforceprovider.cpp
> src/gromacs/applied_forces/nnpot/nnpotforceprovider.h
> src/gromacs/applied_forces/nnpot/nnpotforceprovider_stub.cpp
> src/gromacs/applied_forces/nnpot/nnpot.h
> src/gromacs/applied_forces/nnpot/nnpotmodel.h
> src/gromacs/applied_forces/nnpot/nnpotoptions.cpp
> src/gromacs/applied_forces/nnpot/nnpotoptions.h
> src/gromacs/applied_forces/nnpot/nnpottopologypreprocessor.cpp
> src/gromacs/applied_forces/nnpot/nnpottopologypreprocessor.h
> src/gromacs/applied_forces/nnpot/tests/nnpot.cpp
> src/gromacs/applied_forces/nnpot/tests/nnpotforceprovider.cpp
> src/gromacs/applied_forces/nnpot/tests/nnpotoptions.cpp
> src/gromacs/applied_forces/nnpot/tests/nnpottopologypreprocessor.cpp
> src/gromacs/applied_forces/nnpot/torchmodel.cpp
> src/gromacs/applied_forces/nnpot/torchmodel.h
> src/gromacs/applied_forces/plumed/plumedforceprovider.cpp
> src/gromacs/applied_forces/plumed/plumedforceprovider.h
> src/gromacs/applied_forces/plumed/plumedMDModule.cpp
> src/gromacs/applied_forces/plumed/plumedMDModule.h
> src/gromacs/applied_forces/plumed/plumedMDModule_stub.cpp
> src/gromacs/applied_forces/plumed/plumedOptions.cpp
> src/gromacs/applied_forces/plumed/plumedOptions.h
> src/gromacs/applied_forces/plumed/tests/plumed_md_test.cpp
> src/gromacs/applied_forces/plumed/tests/plumedOptions.cpp
> src/gromacs/applied_forces/plumed/tests/plumedTestUtils.cpp
> src/gromacs/applied_forces/plumed/tests/plumedTestUtils.h
> src/gromacs/applied_forces/qmmm/qmmm.cpp
> src/gromacs/applied_forces/qmmm/qmmmforceprovider.cpp
> src/gromacs/applied_forces/qmmm/qmmmforceprovider.h
> src/gromacs/applied_forces/qmmm/qmmmforceprovider_stub.cpp
> src/gromacs/applied_forces/qmmm/qmmm.h
> src/gromacs/applied_forces/qmmm/qmmminputgenerator.cpp
> src/gromacs/applied_forces/qmmm/qmmminputgenerator.h
> src/gromacs/applied_forces/qmmm/qmmmoptions.cpp
> src/gromacs/applied_forces/qmmm/qmmmoptions.h
> src/gromacs/applied_forces/qmmm/qmmmtopologypreprocessor.cpp
> src/gromacs/applied_forces/qmmm/qmmmtopologypreprocessor.h
> src/gromacs/applied_forces/qmmm/qmmmtypes.h
> src/gromacs/applied_forces/qmmm/tests/qmmm.cpp
> src/gromacs/applied_forces/qmmm/tests/qmmmforceprovider.cpp
> src/gromacs/applied_forces/qmmm/tests/qmmminputgenerator.cpp
> src/gromacs/applied_forces/qmmm/tests/qmmmoptions.cpp
> src/gromacs/applied_forces/qmmm/tests/qmmmtopologypreprocessor.cpp
> src/gromacs/applied_forces/tests/electricfield.cpp
237c602
< src/gromacs/commandline/cmdlinemodulemanager-impl.h
---
> src/gromacs/commandline/cmdlinemodulemanager_impl.h
246d610
< src/gromacs/commandline.h
257a622
> src/gromacs/commandline/tests/filenm.cpp
260a626,672
> src/gromacs/compat/mp11.h
> src/gromacs/compat/pointers.h
> src/gromacs/compat/tests/mp11.cpp
> src/gromacs/compat/tests/pointers.cpp
> src/gromacs/coordinateio/coordinatefile.cpp
> src/gromacs/coordinateio/coordinatefileenums.h
> src/gromacs/coordinateio/coordinatefile.h
> src/gromacs/coordinateio/frameconverterenums.h
> src/gromacs/coordinateio/frameconverters/register.cpp
> src/gromacs/coordinateio/frameconverters/register.h
> src/gromacs/coordinateio/iframeconverter.h
> src/gromacs/coordinateio/ioutputadapter.h
> src/gromacs/coordinateio/outputadaptercontainer.cpp
> src/gromacs/coordinateio/outputadaptercontainer.h
> src/gromacs/coordinateio/outputadapters.h
> src/gromacs/coordinateio/outputadapters/outputselector.cpp
> src/gromacs/coordinateio/outputadapters/outputselector.h
> src/gromacs/coordinateio/outputadapters/setatoms.cpp
> src/gromacs/coordinateio/outputadapters/setatoms.h
> src/gromacs/coordinateio/outputadapters/setbox.h
> src/gromacs/coordinateio/outputadapters/setforces.cpp
> src/gromacs/coordinateio/outputadapters/setforces.h
> src/gromacs/coordinateio/outputadapters/setprecision.cpp
> src/gromacs/coordinateio/outputadapters/setprecision.h
> src/gromacs/coordinateio/outputadapters/setstarttime.cpp
> src/gromacs/coordinateio/outputadapters/setstarttime.h
> src/gromacs/coordinateio/outputadapters/settimestep.cpp
> src/gromacs/coordinateio/outputadapters/settimestep.h
> src/gromacs/coordinateio/outputadapters/setvelocities.cpp
> src/gromacs/coordinateio/outputadapters/setvelocities.h
> src/gromacs/coordinateio/requirements.cpp
> src/gromacs/coordinateio/requirements.h
> src/gromacs/coordinateio/tests/builder.cpp
> src/gromacs/coordinateio/tests/coordinate_test.h
> src/gromacs/coordinateio/tests/frameconverter.h
> src/gromacs/coordinateio/tests/outputadaptercontainer.cpp
> src/gromacs/coordinateio/tests/outputadapters.cpp
> src/gromacs/coordinateio/tests/outputadapters.h
> src/gromacs/coordinateio/tests/register.cpp
> src/gromacs/coordinateio/tests/requirements.cpp
> src/gromacs/coordinateio/tests/requirements.h
> src/gromacs/coordinateio/tests/setatoms.cpp
> src/gromacs/coordinateio/tests/setbothtime.cpp
> src/gromacs/coordinateio/tests/setstarttime.cpp
> src/gromacs/coordinateio/tests/settimestep.cpp
> src/gromacs/coordinateio/tests/testmodule.cpp
> src/gromacs/coordinateio/tests/testmodule.h
279c691,710
< src/gromacs/domdec/domdec_box.cpp
---
> src/gromacs/correlationfunctions/tests/manyautocorrelation.cpp
> src/gromacs/domdec/atomdistribution.cpp
> src/gromacs/domdec/atomdistribution.h
> src/gromacs/domdec/box.cpp
> src/gromacs/domdec/box.h
> src/gromacs/domdec/builder.h
> src/gromacs/domdec/cellsizes.cpp
> src/gromacs/domdec/cellsizes.h
> src/gromacs/domdec/collect.cpp
> src/gromacs/domdec/collect.h
> src/gromacs/domdec/computemultibodycutoffs.cpp
> src/gromacs/domdec/computemultibodycutoffs.h
> src/gromacs/domdec/distribute.cpp
> src/gromacs/domdec/distribute.h
> src/gromacs/domdec/dlb.cpp
> src/gromacs/domdec/dlb.h
> src/gromacs/domdec/dlbtiming.cpp
> src/gromacs/domdec/dlbtiming.h
> src/gromacs/domdec/domainpaircomm.cpp
> src/gromacs/domdec/domainpaircomm.h
287a719
> src/gromacs/domdec/domdec_setup.h
291d722
< src/gromacs/domdec/domdec_topology.cpp
293a725,729
> src/gromacs/domdec/domdec_zones.cpp
> src/gromacs/domdec/domdec_zones.h
> src/gromacs/domdec/dump.cpp
> src/gromacs/domdec/dump.h
> src/gromacs/domdec/ga2la.cpp
295c731,774
< src/gromacs/domdec/hash.h
---
> src/gromacs/domdec/gpuhaloexchange.h
> src/gromacs/domdec/gpuhaloexchange_impl.cpp
> src/gromacs/domdec/gpuhaloexchange_impl_gpu.cpp
> src/gromacs/domdec/gpuhaloexchange_impl_gpu.h
> src/gromacs/domdec/gpuhaloexchange_impl_gpu_sycl.cpp
> src/gromacs/domdec/haloexchange.cpp
> src/gromacs/domdec/haloexchange.h
> src/gromacs/domdec/haloexchangesetup.cpp
> src/gromacs/domdec/hashedmap.h
> src/gromacs/domdec/localatomset.cpp
> src/gromacs/domdec/localatomsetdata.cpp
> src/gromacs/domdec/localatomsetdata.h
> src/gromacs/domdec/localatomset.h
> src/gromacs/domdec/localatomsetmanager.cpp
> src/gromacs/domdec/localatomsetmanager.h
> src/gromacs/domdec/localtopologychecker.cpp
> src/gromacs/domdec/localtopologychecker.h
> src/gromacs/domdec/localtopology.cpp
> src/gromacs/domdec/localtopology.h
> src/gromacs/domdec/makebondedlinks.cpp
> src/gromacs/domdec/makebondedlinks.h
> src/gromacs/domdec/mdsetup.cpp
> src/gromacs/domdec/mdsetup.h
> src/gromacs/domdec/nsgrid.cpp
> src/gromacs/domdec/nsgrid.h
> src/gromacs/domdec/options.h
> src/gromacs/domdec/partition.cpp
> src/gromacs/domdec/partition.h
> src/gromacs/domdec/redistribute.cpp
> src/gromacs/domdec/redistribute.h
> src/gromacs/domdec/reversetopology.cpp
> src/gromacs/domdec/reversetopology.h
> src/gromacs/domdec/tests/haloexchange_mpi.cpp
> src/gromacs/domdec/tests/hashedmap.cpp
> src/gromacs/domdec/tests/localatomsetmanager.cpp
> src/gromacs/domdec/utility.cpp
> src/gromacs/domdec/utility.h
> src/gromacs/energyanalysis/analysismodule.h
> src/gromacs/energyanalysis/energyanalysisframe.h
> src/gromacs/energyanalysis/energyterm.cpp
> src/gromacs/energyanalysis/energyterm.h
> src/gromacs/energyanalysis/ienergyanalysis.h
> src/gromacs/energyanalysis/tests/energyterm.cpp
> src/gromacs/energyanalysis/tests/legacyenergy.cpp
298,299c777,778
< src/gromacs/ewald/calculate-spline-moduli.cpp
< src/gromacs/ewald/calculate-spline-moduli.h
---
> src/gromacs/ewald/calculate_spline_moduli.cpp
> src/gromacs/ewald/calculate_spline_moduli.h
302,303c781,788
< src/gromacs/ewald/long-range-correction.cpp
< src/gromacs/ewald/long-range-correction.h
---
> src/gromacs/ewald/ewald_utils.cpp
> src/gromacs/ewald/ewald_utils.h
> src/gromacs/ewald/long_range_correction.cpp
> src/gromacs/ewald/long_range_correction.h
> src/gromacs/ewald/pme_coordinate_receiver_gpu.h
> src/gromacs/ewald/pme_coordinate_receiver_gpu_impl.cpp
> src/gromacs/ewald/pme_coordinate_receiver_gpu_impl_gpu.cpp
> src/gromacs/ewald/pme_coordinate_receiver_gpu_impl.h
305,308c790,824
< src/gromacs/ewald/pme-gather.cpp
< src/gromacs/ewald/pme-gather.h
< src/gromacs/ewald/pme-grid.cpp
< src/gromacs/ewald/pme-grid.h
---
> src/gromacs/ewald/pme_force_sender_gpu.h
> src/gromacs/ewald/pme_force_sender_gpu_impl.cpp
> src/gromacs/ewald/pme_force_sender_gpu_impl_gpu.cpp
> src/gromacs/ewald/pme_force_sender_gpu_impl_gpu_sycl.cpp
> src/gromacs/ewald/pme_force_sender_gpu_impl.h
> src/gromacs/ewald/pme_gather.cpp
> src/gromacs/ewald/pme_gather.h
> src/gromacs/ewald/pme_gather_sycl.cpp
> src/gromacs/ewald/pme_gather_sycl.h
> src/gromacs/ewald/pme_gpu_calculate_splines.h
> src/gromacs/ewald/pme_gpu_calculate_splines_sycl.h
> src/gromacs/ewald/pme_gpu_constants.h
> src/gromacs/ewald/pme_gpu.cpp
> src/gromacs/ewald/pme_gpu_grid.h
> src/gromacs/ewald/pme_gpu_grid_sycl.cpp
> src/gromacs/ewald/pme_gpu_hip_stubs.cpp
> src/gromacs/ewald/pme_gpu_internal.cpp
> src/gromacs/ewald/pme_gpu_internal.h
> src/gromacs/ewald/pme_gpu_ocl_stubs.cpp
> src/gromacs/ewald/pme_gpu_program.cpp
> src/gromacs/ewald/pme_gpu_program.h
> src/gromacs/ewald/pme_gpu_program_impl.cpp
> src/gromacs/ewald/pme_gpu_program_impl.h
> src/gromacs/ewald/pme_gpu_program_impl_hip.cpp
> src/gromacs/ewald/pme_gpu_program_impl_ocl.cpp
> src/gromacs/ewald/pme_gpu_program_impl_sycl.cpp
> src/gromacs/ewald/pme_gpu_settings.h
> src/gromacs/ewald/pme_gpu_staging.h
> src/gromacs/ewald/pme_gpu_timings.cpp
> src/gromacs/ewald/pme_gpu_timings.h
> src/gromacs/ewald/pme_gpu_types.h
> src/gromacs/ewald/pme_gpu_types_host.h
> src/gromacs/ewald/pme_gpu_types_host_impl.h
> src/gromacs/ewald/pme_grid.cpp
> src/gromacs/ewald/pme_grid.h
310,324c826,860
< src/gromacs/ewald/pme-internal.h
< src/gromacs/ewald/pme-load-balancing.cpp
< src/gromacs/ewald/pme-load-balancing.h
< src/gromacs/ewald/pme-only.cpp
< src/gromacs/ewald/pme-pp.cpp
< src/gromacs/ewald/pme-redistribute.cpp
< src/gromacs/ewald/pme-redistribute.h
< src/gromacs/ewald/pme-simd4.h
< src/gromacs/ewald/pme-simd.h
< src/gromacs/ewald/pme-solve.cpp
< src/gromacs/ewald/pme-solve.h
< src/gromacs/ewald/pme-spline-work.cpp
< src/gromacs/ewald/pme-spline-work.h
< src/gromacs/ewald/pme-spread.cpp
< src/gromacs/ewald/pme-spread.h
---
> src/gromacs/ewald/pme_internal.h
> src/gromacs/ewald/pme_load_balancing.cpp
> src/gromacs/ewald/pme_load_balancing.h
> src/gromacs/ewald/pme_only.cpp
> src/gromacs/ewald/pme_only.h
> src/gromacs/ewald/pme_output.h
> src/gromacs/ewald/pme_pp_comm_gpu.h
> src/gromacs/ewald/pme_pp_comm_gpu_impl.cpp
> src/gromacs/ewald/pme_pp_comm_gpu_impl_gpu.cpp
> src/gromacs/ewald/pme_pp_comm_gpu_impl_gpu_sycl.cpp
> src/gromacs/ewald/pme_pp_comm_gpu_impl.h
> src/gromacs/ewald/pme_pp_communication.h
> src/gromacs/ewald/pme_pp.cpp
> src/gromacs/ewald/pme_pp.h
> src/gromacs/ewald/pme_redistribute.cpp
> src/gromacs/ewald/pme_redistribute.h
> src/gromacs/ewald/pme_simd4.h
> src/gromacs/ewald/pme_simd.h
> src/gromacs/ewald/pme_solve.cpp
> src/gromacs/ewald/pme_solve.h
> src/gromacs/ewald/pme_solve_sycl.cpp
> src/gromacs/ewald/pme_solve_sycl.h
> src/gromacs/ewald/pme_spline_work.cpp
> src/gromacs/ewald/pme_spline_work.h
> src/gromacs/ewald/pme_spread.cpp
> src/gromacs/ewald/pme_spread.h
> src/gromacs/ewald/pme_spread_sycl.cpp
> src/gromacs/ewald/pme_spread_sycl.h
> src/gromacs/ewald/tests/pmebsplinetest.cpp
> src/gromacs/ewald/tests/pme.cpp
> src/gromacs/ewald/tests/pmegathertest.cpp
> src/gromacs/ewald/tests/pmesolvetest.cpp
> src/gromacs/ewald/tests/pmesplinespreadtest.cpp
> src/gromacs/ewald/tests/pmetestcommon.cpp
> src/gromacs/ewald/tests/pmetestcommon.h
333a870,896
> src/gromacs/fft/gpu_3dfft.cpp
> src/gromacs/fft/gpu_3dfft_cufft.h
> src/gromacs/fft/gpu_3dfft_cufftmp.cpp
> src/gromacs/fft/gpu_3dfft_cufftmp.h
> src/gromacs/fft/gpu_3dfft.h
> src/gromacs/fft/gpu_3dfft_heffte.cpp
> src/gromacs/fft/gpu_3dfft_heffte.h
> src/gromacs/fft/gpu_3dfft_hip_rocfft.cpp
> src/gromacs/fft/gpu_3dfft_hip_rocfft.h
> src/gromacs/fft/gpu_3dfft_hip_vkfft.cpp
> src/gromacs/fft/gpu_3dfft_hip_vkfft.h
> src/gromacs/fft/gpu_3dfft_impl.cpp
> src/gromacs/fft/gpu_3dfft_impl.h
> src/gromacs/fft/gpu_3dfft_ocl.cpp
> src/gromacs/fft/gpu_3dfft_ocl.h
> src/gromacs/fft/gpu_3dfft_ocl_vkfft.cpp
> src/gromacs/fft/gpu_3dfft_ocl_vkfft.h
> src/gromacs/fft/gpu_3dfft_sycl_bbfft.cpp
> src/gromacs/fft/gpu_3dfft_sycl_bbfft.h
> src/gromacs/fft/gpu_3dfft_sycl.cpp
> src/gromacs/fft/gpu_3dfft_sycl.h
> src/gromacs/fft/gpu_3dfft_sycl_mkl.cpp
> src/gromacs/fft/gpu_3dfft_sycl_mkl.h
> src/gromacs/fft/gpu_3dfft_sycl_rocfft.cpp
> src/gromacs/fft/gpu_3dfft_sycl_rocfft.h
> src/gromacs/fft/gpu_3dfft_sycl_vkfft.cpp
> src/gromacs/fft/gpu_3dfft_sycl_vkfft.h
335a899,900
> src/gromacs/fft/rocfft_common_utils.cpp
> src/gromacs/fft/rocfft_common_utils.h
336a902
> src/gromacs/fft/tests/fft_mpi.cpp
340d905
< src/gromacs/fileio/confio.h
346d910
< src/gromacs/fileio/filetypes.h
351,355c915,917
< src/gromacs/fileio/gmxfio-impl.h
< src/gromacs/fileio/gmxfio-xdr.cpp
< src/gromacs/fileio/gmxfio-xdr.h
< src/gromacs/fileio/gmx_internal_xdr.cpp
< src/gromacs/fileio/gmx_internal_xdr.h
---
> src/gromacs/fileio/gmxfio_impl.h
> src/gromacs/fileio/gmxfio_xdr.cpp
> src/gromacs/fileio/gmxfio_xdr.h
357a920,925
> src/gromacs/fileio/h5md.cpp
> src/gromacs/fileio/h5md_guard.cpp
> src/gromacs/fileio/h5md_guard.h
> src/gromacs/fileio/h5md.h
> src/gromacs/fileio/h5md_low_level_util.cpp
> src/gromacs/fileio/h5md_low_level_util.h
362a931,936
> src/gromacs/fileio/mrcdensitymap.cpp
> src/gromacs/fileio/mrcdensitymap.h
> src/gromacs/fileio/mrcdensitymapheader.cpp
> src/gromacs/fileio/mrcdensitymapheader.h
> src/gromacs/fileio/mrcserializer.cpp
> src/gromacs/fileio/mrcserializer.h
366d939
< src/gromacs/fileio/oenv.h
368d940
< src/gromacs/fileio/pdbio.h
371a944
> src/gromacs/fileio/tests/checkpoint.cpp
372a946,953
> src/gromacs/fileio/tests/fileioxdrserializer.cpp
> src/gromacs/fileio/tests/filemd5.cpp
> src/gromacs/fileio/tests/filetypes.cpp
> src/gromacs/fileio/tests/h5md.cpp
> src/gromacs/fileio/tests/matio.cpp
> src/gromacs/fileio/tests/mrcdensitymap.cpp
> src/gromacs/fileio/tests/mrcdensitymapheader.cpp
> src/gromacs/fileio/tests/mrcserializer.cpp
373a955
> src/gromacs/fileio/tests/timecontrol.cpp
374a957
> src/gromacs/fileio/tests/xvgio.cpp
378,379d960
< src/gromacs/fileio/tngio_for_tools.cpp
< src/gromacs/fileio/tngio_for_tools.h
382d962
< src/gromacs/fileio/tpxio.h
386d965
< src/gromacs/fileio/trxio.h
400a980,981
> src/gromacs/gmxana/angle_correction.cpp
> src/gromacs/gmxana/angle_correction.h
402a984,985
> src/gromacs/gmxana/cluster_methods.cpp
> src/gromacs/gmxana/cluster_methods.h
408d990
< src/gromacs/gmxana/edittop.cpp
413d994
< src/gromacs/gmxana/gmx_anadock.cpp
417a999
> src/gromacs/gmxana/gmx_awh.cpp
432d1013
< src/gromacs/gmxana/gmx_do_dssp.cpp
435,437d1015
< src/gromacs/gmxana/gmx_dyndom.cpp
< src/gromacs/gmxana/gmx_editconf.cpp
< src/gromacs/gmxana/gmx_eneconv.cpp
441,442d1018
< src/gromacs/gmxana/gmx_genion.cpp
< src/gromacs/gmxana/gmx_genpr.cpp
451d1026
< src/gromacs/gmxana/gmx_make_ndx.cpp
454,456d1028
< src/gromacs/gmxana/gmx_mk_angndx.cpp
< src/gromacs/gmxana/gmx_morph.cpp
< src/gromacs/gmxana/gmx_msd.cpp
458a1031
> src/gromacs/gmxana/gmx_nmr.cpp
461d1033
< src/gromacs/gmxana/gmx_pme_error.cpp
481,482d1052
< src/gromacs/gmxana/gmx_trjcat.cpp
< src/gromacs/gmxana/gmx_trjconv.cpp
484d1053
< src/gromacs/gmxana/gmx_tune_pme.cpp
494d1062
< src/gromacs/gmxana/legacytests/gmx_traj_tests.cpp
506,511c1074,1081
< src/gromacs/gmxlib/chargegroup.cpp
< src/gromacs/gmxlib/chargegroup.h
< src/gromacs/gmxlib/conformation-utilities.cpp
< src/gromacs/gmxlib/conformation-utilities.h
< src/gromacs/gmxlib/md_logging.cpp
< src/gromacs/gmxlib/md_logging.h
---
> src/gromacs/gmxana/tests/entropy.cpp
> src/gromacs/gmxana/tests/gmx_chi.cpp
> src/gromacs/gmxana/tests/gmx_mindist.cpp
> src/gromacs/gmxana/tests/gmx_traj.cpp
> src/gromacs/gmxana/thermochemistry.cpp
> src/gromacs/gmxana/thermochemistry.h
> src/gromacs/gmxlib/conformation_utilities.cpp
> src/gromacs/gmxlib/conformation_utilities.h
516,543c1086
< src/gromacs/gmxlib/nonbonded/nb_generic_cg.cpp
< src/gromacs/gmxlib/nonbonded/nb_generic_cg.h
< src/gromacs/gmxlib/nonbonded/nb_generic.cpp
< src/gromacs/gmxlib/nonbonded/nb_generic.h
< src/gromacs/gmxlib/nonbonded/nb_kernel_avx_128_fma_double/kernelutil_x86_avx_128_fma_double.h
< src/gromacs/gmxlib/nonbonded/nb_kernel_avx_128_fma_double/nb_kernel_avx_128_fma_double.h
< src/gromacs/gmxlib/nonbonded/nb_kernel_avx_128_fma_single/kernelutil_x86_avx_128_fma_single.h
< src/gromacs/gmxlib/nonbonded/nb_kernel_avx_128_fma_single/nb_kernel_avx_128_fma_single.h
< src/gromacs/gmxlib/nonbonded/nb_kernel_avx_256_double/kernelutil_x86_avx_256_double.h
< src/gromacs/gmxlib/nonbonded/nb_kernel_avx_256_double/nb_kernel_avx_256_double.h
< src/gromacs/gmxlib/nonbonded/nb_kernel_avx_256_single/kernelutil_x86_avx_256_single.h
< src/gromacs/gmxlib/nonbonded/nb_kernel_avx_256_single/nb_kernel_avx_256_single.h
< src/gromacs/gmxlib/nonbonded/nb_kernel_c/nb_kernel_allvsallgb.h
< src/gromacs/gmxlib/nonbonded/nb_kernel_c/nb_kernel_allvsall.h
< src/gromacs/gmxlib/nonbonded/nb_kernel_c/nb_kernel_c.h
< src/gromacs/gmxlib/nonbonded/nb_kernel.cpp
< src/gromacs/gmxlib/nonbonded/nb_kernel.h
< src/gromacs/gmxlib/nonbonded/nb_kernel_sparc64_hpc_ace_double/kernelutil_sparc64_hpc_ace_double.h
< src/gromacs/gmxlib/nonbonded/nb_kernel_sparc64_hpc_ace_double/nb_kernel_sparc64_hpc_ace_double.h
< src/gromacs/gmxlib/nonbonded/nb_kernel_sse2_double/kernelutil_x86_sse2_double.h
< src/gromacs/gmxlib/nonbonded/nb_kernel_sse2_double/nb_kernel_sse2_double.h
< src/gromacs/gmxlib/nonbonded/nb_kernel_sse2_single/kernelutil_x86_sse2_single.h
< src/gromacs/gmxlib/nonbonded/nb_kernel_sse2_single/nb_kernel_sse2_single.h
< src/gromacs/gmxlib/nonbonded/nb_kernel_sse4_1_double/kernelutil_x86_sse4_1_double.h
< src/gromacs/gmxlib/nonbonded/nb_kernel_sse4_1_double/nb_kernel_sse4_1_double.h
< src/gromacs/gmxlib/nonbonded/nb_kernel_sse4_1_single/kernelutil_x86_sse4_1_single.h
< src/gromacs/gmxlib/nonbonded/nb_kernel_sse4_1_single/nb_kernel_sse4_1_single.h
< src/gromacs/gmxlib/nonbonded/nonbonded.cpp
---
> src/gromacs/gmxlib/nonbonded/nb_softcore.h
544a1088
> src/gromacs/gmxlib/nonbonded/tests/nb_free_energy.cpp
552a1097,1098
> src/gromacs/gmxpreprocess/editconf.cpp
> src/gromacs/gmxpreprocess/editconf.h
560a1107,1108
> src/gromacs/gmxpreprocess/genion.cpp
> src/gromacs/gmxpreprocess/genion.h
562a1111,1112
> src/gromacs/gmxpreprocess/genrestr.cpp
> src/gromacs/gmxpreprocess/genrestr.h
575c1125
< src/gromacs/gmxpreprocess/grompp-impl.h
---
> src/gromacs/gmxpreprocess/grompp_impl.h
582,583c1132,1137
< src/gromacs/gmxpreprocess/insert-molecules.cpp
< src/gromacs/gmxpreprocess/insert-molecules.h
---
> src/gromacs/gmxpreprocess/insert_molecules.cpp
> src/gromacs/gmxpreprocess/insert_molecules.h
> src/gromacs/gmxpreprocess/makeexclusiondistances.cpp
> src/gromacs/gmxpreprocess/makeexclusiondistances.h
> src/gromacs/gmxpreprocess/massrepartitioning.cpp
> src/gromacs/gmxpreprocess/massrepartitioning.h
593,594d1146
< src/gromacs/gmxpreprocess/read-conformation.cpp
< src/gromacs/gmxpreprocess/read-conformation.h
606a1159,1160
> src/gromacs/gmxpreprocess/tests/convparm.cpp
> src/gromacs/gmxpreprocess/tests/editconf.cpp
608c1162,1171
< src/gromacs/gmxpreprocess/tests/insert-molecules.cpp
---
> src/gromacs/gmxpreprocess/tests/genion.cpp
> src/gromacs/gmxpreprocess/tests/gen_maxwell_velocities.cpp
> src/gromacs/gmxpreprocess/tests/genrestr.cpp
> src/gromacs/gmxpreprocess/tests/gpp_atomtype.cpp
> src/gromacs/gmxpreprocess/tests/gpp_bond_atomtype.cpp
> src/gromacs/gmxpreprocess/tests/grompp_directives.cpp
> src/gromacs/gmxpreprocess/tests/insert_molecules.cpp
> src/gromacs/gmxpreprocess/tests/massrepartitioning.cpp
> src/gromacs/gmxpreprocess/tests/pdb2gmx.cpp
> src/gromacs/gmxpreprocess/tests/readir.cpp
609a1173
> src/gromacs/gmxpreprocess/tests/topdirs.cpp
627a1192,1220
> src/gromacs/gpu_utils/clfftinitializer.cpp
> src/gromacs/gpu_utils/clfftinitializer.h
> src/gromacs/gpu_utils/devicebuffer_datatype.h
> src/gromacs/gpu_utils/devicebuffer.h
> src/gromacs/gpu_utils/devicebuffer_hip.h
> src/gromacs/gpu_utils/devicebuffer_ocl.h
> src/gromacs/gpu_utils/devicebuffer_sycl.cpp
> src/gromacs/gpu_utils/devicebuffer_sycl.h
> src/gromacs/gpu_utils/device_context.cpp
> src/gromacs/gpu_utils/device_context.h
> src/gromacs/gpu_utils/device_context_ocl.cpp
> src/gromacs/gpu_utils/device_context_sycl.cpp
> src/gromacs/gpu_utils/device_event.h
> src/gromacs/gpu_utils/device_event_hip.h
> src/gromacs/gpu_utils/device_event_ocl.h
> src/gromacs/gpu_utils/device_event_sycl.h
> src/gromacs/gpu_utils/device_stream.cpp
> src/gromacs/gpu_utils/device_stream.h
> src/gromacs/gpu_utils/device_stream_hip.cpp
> src/gromacs/gpu_utils/device_stream_manager.cpp
> src/gromacs/gpu_utils/device_stream_manager.h
> src/gromacs/gpu_utils/device_stream_ocl.cpp
> src/gromacs/gpu_utils/device_stream_sycl.cpp
> src/gromacs/gpu_utils/gmxopencl.h
> src/gromacs/gpu_utils/gmxsycl.h
> src/gromacs/gpu_utils/gpueventsynchronizer.h
> src/gromacs/gpu_utils/gpueventsynchronizer_helpers.cpp
> src/gromacs/gpu_utils/gpueventsynchronizer_helpers.h
> src/gromacs/gpu_utils/gpu_kernel_utils.h
628a1222,1229
> src/gromacs/gpu_utils/gpuregiontimer.h
> src/gromacs/gpu_utils/gpuregiontimer_hip.h
> src/gromacs/gpu_utils/gpuregiontimer_ocl.h
> src/gromacs/gpu_utils/gpuregiontimer_sycl.h
> src/gromacs/gpu_utils/gputraits.h
> src/gromacs/gpu_utils/gputraits_hip.h
> src/gromacs/gpu_utils/gputraits_ocl.h
> src/gromacs/gpu_utils/gputraits_sycl.h
631c1232,1240
< src/gromacs/gpu_utils/gpu_utils_ocl.cpp
---
> src/gromacs/gpu_utils/gpu_utils_hip.cpp
> src/gromacs/gpu_utils/gpu_utils_impl.cpp
> src/gromacs/gpu_utils/hip_kernel_utils.h
> src/gromacs/gpu_utils/hip_sycl_kernel_utils.h
> src/gromacs/gpu_utils/hiputils.h
> src/gromacs/gpu_utils/hostallocator.cpp
> src/gromacs/gpu_utils/hostallocator.h
> src/gromacs/gpu_utils/nvshmem_utils.cpp
> src/gromacs/gpu_utils/nvshmem_utils.h
635a1245
> src/gromacs/gpu_utils/oclraii.h
638c1248,1277
< src/gromacs/gpu_utils/pmalloc_cuda.h
---
> src/gromacs/gpu_utils/pmalloc.cpp
> src/gromacs/gpu_utils/pmalloc.h
> src/gromacs/gpu_utils/pmalloc_hip.cpp
> src/gromacs/gpu_utils/pmalloc_sycl.cpp
> src/gromacs/gpu_utils/sycl_kernel_utils.h
> src/gromacs/gpu_utils/syclutils.h
> src/gromacs/gpu_utils/tests/clfftinitializer.cpp
> src/gromacs/gpu_utils/tests/device_availability.cpp
> src/gromacs/gpu_utils/tests/device_buffer.cpp
> src/gromacs/gpu_utils/tests/device_stream_manager.cpp
> src/gromacs/gpu_utils/tests/devicetransfers.cpp
> src/gromacs/gpu_utils/tests/devicetransfers.h
> src/gromacs/gpu_utils/tests/devicetransfers_hip.cpp
> src/gromacs/gpu_utils/tests/devicetransfers_ocl.cpp
> src/gromacs/gpu_utils/tests/devicetransfers_sycl.cpp
> src/gromacs/gpu_utils/tests/gpueventsynchronizer.cpp
> src/gromacs/gpu_utils/tests/hostallocator.cpp
> src/gromacs/gpu_utils/tests/nvshmem_test.cpp
> src/gromacs/gpu_utils/tests/pinnedmemorychecker.cpp
> src/gromacs/gpu_utils/tests/typecasts.cpp
> src/gromacs/gpu_utils/tests/typecasts_runner.h
> src/gromacs/gpu_utils/tests/typecasts_runner_hip.cpp
> src/gromacs/gpu_utils/typecasts_cuda_hip.h
> src/gromacs/gpu_utils/vectype_ops_cuda_base_math.h
> src/gromacs/gpu_utils/vectype_ops_cuda.h
> src/gromacs/gpu_utils/vectype_ops_cuda_hip_shared_declarations.h
> src/gromacs/gpu_utils/vectype_ops_cuda_hip_shared_trig_math.h
> src/gromacs/gpu_utils/vectype_ops_hip_base_math.h
> src/gromacs/gpu_utils/vectype_ops_hip.h
> src/gromacs/hardware/architecture.h
643c1282,1292
< src/gromacs/hardware/gpu_hw_info.h
---
> src/gromacs/hardware/device_information.h
> src/gromacs/hardware/device_management_common.cpp
> src/gromacs/hardware/device_management.cpp
> src/gromacs/hardware/device_management.h
> src/gromacs/hardware/device_management_hip.cpp
> src/gromacs/hardware/device_management_ocl.cpp
> src/gromacs/hardware/device_management_shared_amd.cpp
> src/gromacs/hardware/device_management_shared_amd.h
> src/gromacs/hardware/device_management_sycl.cpp
> src/gromacs/hardware/device_management_sycl_intel_device_ids.cpp
> src/gromacs/hardware/device_management_sycl_intel_device_ids.h
646a1296,1301
> src/gromacs/hardware/identifyavx512fmaunits.cpp
> src/gromacs/hardware/identifyavx512fmaunits.h
> src/gromacs/hardware/printhardware.cpp
> src/gromacs/hardware/printhardware.h
> src/gromacs/hardware/simd_support.cpp
> src/gromacs/hardware/simd_support.h
647a1303
> src/gromacs/hardware/tests/device_management.cpp
648a1305
> src/gromacs/hardware/tests/mockhardwaretopology.cpp
654d1310
< src/gromacs/linearalgebra/eigensolver.h
876a1533,1535
> src/gromacs/linearalgebra/include/gromacs/linearalgebra/eigensolver.h
> src/gromacs/linearalgebra/include/gromacs/linearalgebra/matrix.h
> src/gromacs/linearalgebra/include/gromacs/linearalgebra/sparsematrix.h
878,880d1536
< src/gromacs/linearalgebra/matrix.h
< src/gromacs/linearalgebra/nrjac.cpp
< src/gromacs/linearalgebra/nrjac.h
882,900c1538,1564
< src/gromacs/linearalgebra/sparsematrix.h
< src/gromacs/listed-forces/bonded.cpp
< src/gromacs/listed-forces/bonded.h
< src/gromacs/listed-forces/disre.cpp
< src/gromacs/listed-forces/disre.h
< src/gromacs/listed-forces/listed-forces.cpp
< src/gromacs/listed-forces/listed-forces.h
< src/gromacs/listed-forces/listed-internal.cpp
< src/gromacs/listed-forces/listed-internal.h
< src/gromacs/listed-forces/manage-threading.cpp
< src/gromacs/listed-forces/manage-threading.h
< src/gromacs/listed-forces/orires.cpp
< src/gromacs/listed-forces/orires.h
< src/gromacs/listed-forces/pairs.cpp
< src/gromacs/listed-forces/pairs.h
< src/gromacs/listed-forces/position-restraints.cpp
< src/gromacs/listed-forces/position-restraints.h
< src/gromacs/listed-forces/restcbt.cpp
< src/gromacs/listed-forces/restcbt.h
---
> src/gromacs/listed_forces/bonded.cpp
> src/gromacs/listed_forces/bonded.h
> src/gromacs/listed_forces/disre.cpp
> src/gromacs/listed_forces/disre.h
> src/gromacs/listed_forces/listed_forces.cpp
> src/gromacs/listed_forces/listed_forces_gpu.h
> src/gromacs/listed_forces/listed_forces_gpu_impl.cpp
> src/gromacs/listed_forces/listed_forces_gpu_impl_gpu.cpp
> src/gromacs/listed_forces/listed_forces_gpu_impl.h
> src/gromacs/listed_forces/listed_forces_gpu_internal_sycl.cpp
> src/gromacs/listed_forces/listed_forces.h
> src/gromacs/listed_forces/listed_internal.cpp
> src/gromacs/listed_forces/listed_internal.h
> src/gromacs/listed_forces/manage_threading.cpp
> src/gromacs/listed_forces/manage_threading.h
> src/gromacs/listed_forces/orires.cpp
> src/gromacs/listed_forces/orires.h
> src/gromacs/listed_forces/pairs.cpp
> src/gromacs/listed_forces/pairs.h
> src/gromacs/listed_forces/position_restraints.cpp
> src/gromacs/listed_forces/position_restraints.h
> src/gromacs/listed_forces/restcbt.cpp
> src/gromacs/listed_forces/restcbt.h
> src/gromacs/listed_forces/tests/bonded.cpp
> src/gromacs/listed_forces/tests/pairs.cpp
> src/gromacs/listed_forces/tests/position_restraints.cpp
> src/gromacs/listed_forces/utilities.h
902,904c1566,1568
< src/gromacs/math/3dtransforms.h
< src/gromacs/math/calculate-ewald-splitting-coefficient.cpp
< src/gromacs/math/calculate-ewald-splitting-coefficient.h
---
> src/gromacs/math/coordinatetransformation.cpp
> src/gromacs/math/densityfit.cpp
> src/gromacs/math/densityfittingforce.cpp
906c1570
< src/gromacs/math/do_fit.h
---
> src/gromacs/math/exponentialmovingaverage.cpp
908,909c1572,1590
< src/gromacs/math/functions.h
< src/gromacs/math/gmxcomplex.h
---
> src/gromacs/math/gausstransform.cpp
> src/gromacs/math/include/gromacs/math/3dtransforms.h
> src/gromacs/math/include/gromacs/math/arrayrefwithpadding.h
> src/gromacs/math/include/gromacs/math/boxmatrix.h
> src/gromacs/math/include/gromacs/math/coordinatetransformation.h
> src/gromacs/math/include/gromacs/math/densityfit.h
> src/gromacs/math/include/gromacs/math/densityfittingforce.h
> src/gromacs/math/include/gromacs/math/exponentialmovingaverage.h
> src/gromacs/math/include/gromacs/math/gausstransform.h
> src/gromacs/math/include/gromacs/math/gmxcomplex.h
> src/gromacs/math/include/gromacs/math/invertmatrix.h
> src/gromacs/math/include/gromacs/math/matrix.h
> src/gromacs/math/include/gromacs/math/multidimarray.h
> src/gromacs/math/include/gromacs/math/neldermead.h
> src/gromacs/math/include/gromacs/math/nrjac.h
> src/gromacs/math/include/gromacs/math/optimization.h
> src/gromacs/math/include/gromacs/math/paddedvector.h
> src/gromacs/math/include/gromacs/math/veccompare.h
> src/gromacs/math/include/gromacs/math/vecdump.h
911c1592,1603
< src/gromacs/math/invertmatrix.h
---
> src/gromacs/math/matrix.cpp
> src/gromacs/math/neldermead.cpp
> src/gromacs/math/nrjac.cpp
> src/gromacs/math/optimization.cpp
> src/gromacs/math/tests/arrayrefwithpadding.cpp
> src/gromacs/math/tests/boxmatrix.cpp
> src/gromacs/math/tests/complex.cpp
> src/gromacs/math/tests/coordinatetransformation.cpp
> src/gromacs/math/tests/densityfit.cpp
> src/gromacs/math/tests/densityfittingforce.cpp
> src/gromacs/math/tests/dofit.cpp
> src/gromacs/math/tests/exponentialmovingaverage.cpp
912a1605
> src/gromacs/math/tests/gausstransform.cpp
913a1607,1612
> src/gromacs/math/tests/matrix.cpp
> src/gromacs/math/tests/multidimarray.cpp
> src/gromacs/math/tests/neldermead.cpp
> src/gromacs/math/tests/optimization.cpp
> src/gromacs/math/tests/paddedvector.cpp
> src/gromacs/math/tests/testarrayrefs.h
915,916d1613
< src/gromacs/math/units.cpp
< src/gromacs/math/units.h
918c1615
< src/gromacs/math/utilities.h
---
> src/gromacs/math/veccompare.cpp
920,922c1617,1618
< src/gromacs/math/vecdump.h
< src/gromacs/math/vec.h
< src/gromacs/math/vectypes.h
---
> src/gromacs/mdlib/boxdeformation.cpp
> src/gromacs/mdlib/boxdeformation.h
923a1620
> src/gromacs/mdlib/broadcaststructs.h
929c1626,1628
< src/gromacs/mdlib/clincs.cpp
---
> src/gromacs/mdlib/calcvir.h
> src/gromacs/mdlib/checkpointhandler.cpp
> src/gromacs/mdlib/checkpointhandler.h
931a1631,1634
> src/gromacs/mdlib/constraint_gpu_helpers.cpp
> src/gromacs/mdlib/constraint_gpu_helpers.h
> src/gromacs/mdlib/constraintrange.cpp
> src/gromacs/mdlib/constraintrange.h
935c1638,1640
< src/gromacs/mdlib/csettle.cpp
---
> src/gromacs/mdlib/coupling.h
> src/gromacs/mdlib/dispersioncorrection.cpp
> src/gromacs/mdlib/dispersioncorrection.h
937a1643,1648
> src/gromacs/mdlib/enerdata_utils.cpp
> src/gromacs/mdlib/enerdata_utils.h
> src/gromacs/mdlib/energydrifttracker.cpp
> src/gromacs/mdlib/energydrifttracker.h
> src/gromacs/mdlib/energyoutput.cpp
> src/gromacs/mdlib/energyoutput.h
938a1650,1652
> src/gromacs/mdlib/expanded.h
> src/gromacs/mdlib/expanded_internal.cpp
> src/gromacs/mdlib/expanded_internal.h
944,948c1658,1659
< src/gromacs/mdlib/forcerec-threading.h
< src/gromacs/mdlib/genborn_allvsall.cpp
< src/gromacs/mdlib/genborn_allvsall.h
< src/gromacs/mdlib/genborn.cpp
< src/gromacs/mdlib/genborn.h
---
> src/gromacs/mdlib/freeenergyparameters.cpp
> src/gromacs/mdlib/freeenergyparameters.h
950a1662,1667
> src/gromacs/mdlib/gpuforcereduction.h
> src/gromacs/mdlib/gpuforcereduction_impl.cpp
> src/gromacs/mdlib/gpuforcereduction_impl.h
> src/gromacs/mdlib/gpuforcereduction_impl_internal.h
> src/gromacs/mdlib/gpuforcereduction_impl_internal_sycl.cpp
> src/gromacs/mdlib/gpuforcereduction_impl_stubs.cpp
953,955c1670,1680
< src/gromacs/mdlib/integrator.h
< src/gromacs/mdlib/main.cpp
< src/gromacs/mdlib/main.h
---
> src/gromacs/mdlib/leapfrog_gpu.cpp
> src/gromacs/mdlib/leapfrog_gpu.h
> src/gromacs/mdlib/leapfrog_gpu_internal.h
> src/gromacs/mdlib/leapfrog_gpu_internal_sycl.cpp
> src/gromacs/mdlib/lincs.cpp
> src/gromacs/mdlib/lincs_gpu.cpp
> src/gromacs/mdlib/lincs_gpu.h
> src/gromacs/mdlib/lincs_gpu_internal.h
> src/gromacs/mdlib/lincs_gpu_internal_sycl.cpp
> src/gromacs/mdlib/lincs.h
> src/gromacs/mdlib/makeconstraints.h
960,961c1685,1688
< src/gromacs/mdlib/mdebin.cpp
< src/gromacs/mdlib/mdebin.h
---
> src/gromacs/mdlib/mdgraph_gpu.h
> src/gromacs/mdlib/mdgraph_gpu_impl.cpp
> src/gromacs/mdlib/mdgraph_gpu_impl.h
> src/gromacs/mdlib/mdgraph_gpu_impl_sycl.cpp
964d1690
< src/gromacs/mdlib/mdrun.h
967,1195c1693,1694
< src/gromacs/mdlib/minimize.cpp
< src/gromacs/mdlib/minimize.h
< src/gromacs/mdlib/nbnxn_atomdata.cpp
< src/gromacs/mdlib/nbnxn_atomdata.h
< src/gromacs/mdlib/nbnxn_consts.h
< src/gromacs/mdlib/nbnxn_cuda/nbnxn_cuda_types.h
< src/gromacs/mdlib/nbnxn_gpu_data_mgmt.h
< src/gromacs/mdlib/nbnxn_gpu.h
< src/gromacs/mdlib/nbnxn_gpu_jit_support.h
< src/gromacs/mdlib/nbnxn_gpu_types.h
< src/gromacs/mdlib/nbnxn_grid.cpp
< src/gromacs/mdlib/nbnxn_grid.h
< src/gromacs/mdlib/nbnxn_internal.h
< src/gromacs/mdlib/nbnxn_kernels/nbnxn_kernel_common.cpp
< src/gromacs/mdlib/nbnxn_kernels/nbnxn_kernel_common.h
< src/gromacs/mdlib/nbnxn_kernels/nbnxn_kernel_gpu_ref.cpp
< src/gromacs/mdlib/nbnxn_kernels/nbnxn_kernel_gpu_ref.h
< src/gromacs/mdlib/nbnxn_kernels/nbnxn_kernel_ref.cpp
< src/gromacs/mdlib/nbnxn_kernels/nbnxn_kernel_ref.h
< src/gromacs/mdlib/nbnxn_kernels/nbnxn_kernel_ref_includes.h
< src/gromacs/mdlib/nbnxn_kernels/nbnxn_kernel_ref_inner.h
< src/gromacs/mdlib/nbnxn_kernels/nbnxn_kernel_ref_outer.h
< src/gromacs/mdlib/nbnxn_kernels/simd_2xnn/nbnxn_kernel_ElecEwTwinCut_VdwLJCombGeom_F_2xnn.cpp
< src/gromacs/mdlib/nbnxn_kernels/simd_2xnn/nbnxn_kernel_ElecEwTwinCut_VdwLJCombGeom_VF_2xnn.cpp
< src/gromacs/mdlib/nbnxn_kernels/simd_2xnn/nbnxn_kernel_ElecEwTwinCut_VdwLJCombGeom_VgrpF_2xnn.cpp
< src/gromacs/mdlib/nbnxn_kernels/simd_2xnn/nbnxn_kernel_ElecEwTwinCut_VdwLJCombLB_F_2xnn.cpp
< src/gromacs/mdlib/nbnxn_kernels/simd_2xnn/nbnxn_kernel_ElecEwTwinCut_VdwLJCombLB_VF_2xnn.cpp
< src/gromacs/mdlib/nbnxn_kernels/simd_2xnn/nbnxn_kernel_ElecEwTwinCut_VdwLJCombLB_VgrpF_2xnn.cpp
< src/gromacs/mdlib/nbnxn_kernels/simd_2xnn/nbnxn_kernel_ElecEwTwinCut_VdwLJEwCombGeom_F_2xnn.cpp
< src/gromacs/mdlib/nbnxn_kernels/simd_2xnn/nbnxn_kernel_ElecEwTwinCut_VdwLJEwCombGeom_VF_2xnn.cpp
< src/gromacs/mdlib/nbnxn_kernels/simd_2xnn/nbnxn_kernel_ElecEwTwinCut_VdwLJEwCombGeom_VgrpF_2xnn.cpp
< src/gromacs/mdlib/nbnxn_kernels/simd_2xnn/nbnxn_kernel_ElecEwTwinCut_VdwLJ_F_2xnn.cpp
< src/gromacs/mdlib/nbnxn_kernels/simd_2xnn/nbnxn_kernel_ElecEwTwinCut_VdwLJFSw_F_2xnn.cpp
< src/gromacs/mdlib/nbnxn_kernels/simd_2xnn/nbnxn_kernel_ElecEwTwinCut_VdwLJFSw_VF_2xnn.cpp
< src/gromacs/mdlib/nbnxn_kernels/simd_2xnn/nbnxn_kernel_ElecEwTwinCut_VdwLJFSw_VgrpF_2xnn.cpp
< src/gromacs/mdlib/nbnxn_kernels/simd_2xnn/nbnxn_kernel_ElecEwTwinCut_VdwLJPSw_F_2xnn.cpp
< src/gromacs/mdlib/nbnxn_kernels/simd_2xnn/nbnxn_kernel_ElecEwTwinCut_VdwLJPSw_VF_2xnn.cpp
< src/gromacs/mdlib/nbnxn_kernels/simd_2xnn/nbnxn_kernel_ElecEwTwinCut_VdwLJPSw_VgrpF_2xnn.cpp
< src/gromacs/mdlib/nbnxn_kernels/simd_2xnn/nbnxn_kernel_ElecEwTwinCut_VdwLJ_VF_2xnn.cpp
< src/gromacs/mdlib/nbnxn_kernels/simd_2xnn/nbnxn_kernel_ElecEwTwinCut_VdwLJ_VgrpF_2xnn.cpp
< src/gromacs/mdlib/nbnxn_kernels/simd_2xnn/nbnxn_kernel_ElecEw_VdwLJCombGeom_F_2xnn.cpp
< src/gromacs/mdlib/nbnxn_kernels/simd_2xnn/nbnxn_kernel_ElecEw_VdwLJCombGeom_VF_2xnn.cpp
< src/gromacs/mdlib/nbnxn_kernels/simd_2xnn/nbnxn_kernel_ElecEw_VdwLJCombGeom_VgrpF_2xnn.cpp
< src/gromacs/mdlib/nbnxn_kernels/simd_2xnn/nbnxn_kernel_ElecEw_VdwLJCombLB_F_2xnn.cpp
< src/gromacs/mdlib/nbnxn_kernels/simd_2xnn/nbnxn_kernel_ElecEw_VdwLJCombLB_VF_2xnn.cpp
< src/gromacs/mdlib/nbnxn_kernels/simd_2xnn/nbnxn_kernel_ElecEw_VdwLJCombLB_VgrpF_2xnn.cpp
< src/gromacs/mdlib/nbnxn_kernels/simd_2xnn/nbnxn_kernel_ElecEw_VdwLJEwCombGeom_F_2xnn.cpp
< src/gromacs/mdlib/nbnxn_kernels/simd_2xnn/nbnxn_kernel_ElecEw_VdwLJEwCombGeom_VF_2xnn.cpp
< src/gromacs/mdlib/nbnxn_kernels/simd_2xnn/nbnxn_kernel_ElecEw_VdwLJEwCombGeom_VgrpF_2xnn.cpp
< src/gromacs/mdlib/nbnxn_kernels/simd_2xnn/nbnxn_kernel_ElecEw_VdwLJ_F_2xnn.cpp
< src/gromacs/mdlib/nbnxn_kernels/simd_2xnn/nbnxn_kernel_ElecEw_VdwLJFSw_F_2xnn.cpp
< src/gromacs/mdlib/nbnxn_kernels/simd_2xnn/nbnxn_kernel_ElecEw_VdwLJFSw_VF_2xnn.cpp
< src/gromacs/mdlib/nbnxn_kernels/simd_2xnn/nbnxn_kernel_ElecEw_VdwLJFSw_VgrpF_2xnn.cpp
< src/gromacs/mdlib/nbnxn_kernels/simd_2xnn/nbnxn_kernel_ElecEw_VdwLJPSw_F_2xnn.cpp
< src/gromacs/mdlib/nbnxn_kernels/simd_2xnn/nbnxn_kernel_ElecEw_VdwLJPSw_VF_2xnn.cpp
< src/gromacs/mdlib/nbnxn_kernels/simd_2xnn/nbnxn_kernel_ElecEw_VdwLJPSw_VgrpF_2xnn.cpp
< src/gromacs/mdlib/nbnxn_kernels/simd_2xnn/nbnxn_kernel_ElecEw_VdwLJ_VF_2xnn.cpp
< src/gromacs/mdlib/nbnxn_kernels/simd_2xnn/nbnxn_kernel_ElecEw_VdwLJ_VgrpF_2xnn.cpp
< src/gromacs/mdlib/nbnxn_kernels/simd_2xnn/nbnxn_kernel_ElecQSTabTwinCut_VdwLJCombGeom_F_2xnn.cpp
< src/gromacs/mdlib/nbnxn_kernels/simd_2xnn/nbnxn_kernel_ElecQSTabTwinCut_VdwLJCombGeom_VF_2xnn.cpp
< src/gromacs/mdlib/nbnxn_kernels/simd_2xnn/nbnxn_kernel_ElecQSTabTwinCut_VdwLJCombGeom_VgrpF_2xnn.cpp
< src/gromacs/mdlib/nbnxn_kernels/simd_2xnn/nbnxn_kernel_ElecQSTabTwinCut_VdwLJCombLB_F_2xnn.cpp
< src/gromacs/mdlib/nbnxn_kernels/simd_2xnn/nbnxn_kernel_ElecQSTabTwinCut_VdwLJCombLB_VF_2xnn.cpp
< src/gromacs/mdlib/nbnxn_kernels/simd_2xnn/nbnxn_kernel_ElecQSTabTwinCut_VdwLJCombLB_VgrpF_2xnn.cpp
< src/gromacs/mdlib/nbnxn_kernels/simd_2xnn/nbnxn_kernel_ElecQSTabTwinCut_VdwLJEwCombGeom_F_2xnn.cpp
< src/gromacs/mdlib/nbnxn_kernels/simd_2xnn/nbnxn_kernel_ElecQSTabTwinCut_VdwLJEwCombGeom_VF_2xnn.cpp
< src/gromacs/mdlib/nbnxn_kernels/simd_2xnn/nbnxn_kernel_ElecQSTabTwinCut_VdwLJEwCombGeom_VgrpF_2xnn.cpp
< src/gromacs/mdlib/nbnxn_kernels/simd_2xnn/nbnxn_kernel_ElecQSTabTwinCut_VdwLJ_F_2xnn.cpp
< src/gromacs/mdlib/nbnxn_kernels/simd_2xnn/nbnxn_kernel_ElecQSTabTwinCut_VdwLJFSw_F_2xnn.cpp
< src/gromacs/mdlib/nbnxn_kernels/simd_2xnn/nbnxn_kernel_ElecQSTabTwinCut_VdwLJFSw_VF_2xnn.cpp
< src/gromacs/mdlib/nbnxn_kernels/simd_2xnn/nbnxn_kernel_ElecQSTabTwinCut_VdwLJFSw_VgrpF_2xnn.cpp
< src/gromacs/mdlib/nbnxn_kernels/simd_2xnn/nbnxn_kernel_ElecQSTabTwinCut_VdwLJPSw_F_2xnn.cpp
< src/gromacs/mdlib/nbnxn_kernels/simd_2xnn/nbnxn_kernel_ElecQSTabTwinCut_VdwLJPSw_VF_2xnn.cpp
< src/gromacs/mdlib/nbnxn_kernels/simd_2xnn/nbnxn_kernel_ElecQSTabTwinCut_VdwLJPSw_VgrpF_2xnn.cpp
< src/gromacs/mdlib/nbnxn_kernels/simd_2xnn/nbnxn_kernel_ElecQSTabTwinCut_VdwLJ_VF_2xnn.cpp
< src/gromacs/mdlib/nbnxn_kernels/simd_2xnn/nbnxn_kernel_ElecQSTabTwinCut_VdwLJ_VgrpF_2xnn.cpp
< src/gromacs/mdlib/nbnxn_kernels/simd_2xnn/nbnxn_kernel_ElecQSTab_VdwLJCombGeom_F_2xnn.cpp
< src/gromacs/mdlib/nbnxn_kernels/simd_2xnn/nbnxn_kernel_ElecQSTab_VdwLJCombGeom_VF_2xnn.cpp
< src/gromacs/mdlib/nbnxn_kernels/simd_2xnn/nbnxn_kernel_ElecQSTab_VdwLJCombGeom_VgrpF_2xnn.cpp
< src/gromacs/mdlib/nbnxn_kernels/simd_2xnn/nbnxn_kernel_ElecQSTab_VdwLJCombLB_F_2xnn.cpp
< src/gromacs/mdlib/nbnxn_kernels/simd_2xnn/nbnxn_kernel_ElecQSTab_VdwLJCombLB_VF_2xnn.cpp
< src/gromacs/mdlib/nbnxn_kernels/simd_2xnn/nbnxn_kernel_ElecQSTab_VdwLJCombLB_VgrpF_2xnn.cpp
< src/gromacs/mdlib/nbnxn_kernels/simd_2xnn/nbnxn_kernel_ElecQSTab_VdwLJEwCombGeom_F_2xnn.cpp
< src/gromacs/mdlib/nbnxn_kernels/simd_2xnn/nbnxn_kernel_ElecQSTab_VdwLJEwCombGeom_VF_2xnn.cpp
< src/gromacs/mdlib/nbnxn_kernels/simd_2xnn/nbnxn_kernel_ElecQSTab_VdwLJEwCombGeom_VgrpF_2xnn.cpp
< src/gromacs/mdlib/nbnxn_kernels/simd_2xnn/nbnxn_kernel_ElecQSTab_VdwLJ_F_2xnn.cpp
< src/gromacs/mdlib/nbnxn_kernels/simd_2xnn/nbnxn_kernel_ElecQSTab_VdwLJFSw_F_2xnn.cpp
< src/gromacs/mdlib/nbnxn_kernels/simd_2xnn/nbnxn_kernel_ElecQSTab_VdwLJFSw_VF_2xnn.cpp
< src/gromacs/mdlib/nbnxn_kernels/simd_2xnn/nbnxn_kernel_ElecQSTab_VdwLJFSw_VgrpF_2xnn.cpp
< src/gromacs/mdlib/nbnxn_kernels/simd_2xnn/nbnxn_kernel_ElecQSTab_VdwLJPSw_F_2xnn.cpp
< src/gromacs/mdlib/nbnxn_kernels/simd_2xnn/nbnxn_kernel_ElecQSTab_VdwLJPSw_VF_2xnn.cpp
< src/gromacs/mdlib/nbnxn_kernels/simd_2xnn/nbnxn_kernel_ElecQSTab_VdwLJPSw_VgrpF_2xnn.cpp
< src/gromacs/mdlib/nbnxn_kernels/simd_2xnn/nbnxn_kernel_ElecQSTab_VdwLJ_VF_2xnn.cpp
< src/gromacs/mdlib/nbnxn_kernels/simd_2xnn/nbnxn_kernel_ElecQSTab_VdwLJ_VgrpF_2xnn.cpp
< src/gromacs/mdlib/nbnxn_kernels/simd_2xnn/nbnxn_kernel_ElecRF_VdwLJCombGeom_F_2xnn.cpp
< src/gromacs/mdlib/nbnxn_kernels/simd_2xnn/nbnxn_kernel_ElecRF_VdwLJCombGeom_VF_2xnn.cpp
< src/gromacs/mdlib/nbnxn_kernels/simd_2xnn/nbnxn_kernel_ElecRF_VdwLJCombGeom_VgrpF_2xnn.cpp
< src/gromacs/mdlib/nbnxn_kernels/simd_2xnn/nbnxn_kernel_ElecRF_VdwLJCombLB_F_2xnn.cpp
< src/gromacs/mdlib/nbnxn_kernels/simd_2xnn/nbnxn_kernel_ElecRF_VdwLJCombLB_VF_2xnn.cpp
< src/gromacs/mdlib/nbnxn_kernels/simd_2xnn/nbnxn_kernel_ElecRF_VdwLJCombLB_VgrpF_2xnn.cpp
< src/gromacs/mdlib/nbnxn_kernels/simd_2xnn/nbnxn_kernel_ElecRF_VdwLJEwCombGeom_F_2xnn.cpp
< src/gromacs/mdlib/nbnxn_kernels/simd_2xnn/nbnxn_kernel_ElecRF_VdwLJEwCombGeom_VF_2xnn.cpp
< src/gromacs/mdlib/nbnxn_kernels/simd_2xnn/nbnxn_kernel_ElecRF_VdwLJEwCombGeom_VgrpF_2xnn.cpp
< src/gromacs/mdlib/nbnxn_kernels/simd_2xnn/nbnxn_kernel_ElecRF_VdwLJ_F_2xnn.cpp
< src/gromacs/mdlib/nbnxn_kernels/simd_2xnn/nbnxn_kernel_ElecRF_VdwLJFSw_F_2xnn.cpp
< src/gromacs/mdlib/nbnxn_kernels/simd_2xnn/nbnxn_kernel_ElecRF_VdwLJFSw_VF_2xnn.cpp
< src/gromacs/mdlib/nbnxn_kernels/simd_2xnn/nbnxn_kernel_ElecRF_VdwLJFSw_VgrpF_2xnn.cpp
< src/gromacs/mdlib/nbnxn_kernels/simd_2xnn/nbnxn_kernel_ElecRF_VdwLJPSw_F_2xnn.cpp
< src/gromacs/mdlib/nbnxn_kernels/simd_2xnn/nbnxn_kernel_ElecRF_VdwLJPSw_VF_2xnn.cpp
< src/gromacs/mdlib/nbnxn_kernels/simd_2xnn/nbnxn_kernel_ElecRF_VdwLJPSw_VgrpF_2xnn.cpp
< src/gromacs/mdlib/nbnxn_kernels/simd_2xnn/nbnxn_kernel_ElecRF_VdwLJ_VF_2xnn.cpp
< src/gromacs/mdlib/nbnxn_kernels/simd_2xnn/nbnxn_kernel_ElecRF_VdwLJ_VgrpF_2xnn.cpp
< src/gromacs/mdlib/nbnxn_kernels/simd_2xnn/nbnxn_kernel_simd_2xnn_common.h
< src/gromacs/mdlib/nbnxn_kernels/simd_2xnn/nbnxn_kernel_simd_2xnn.cpp
< src/gromacs/mdlib/nbnxn_kernels/simd_2xnn/nbnxn_kernel_simd_2xnn.h
< src/gromacs/mdlib/nbnxn_kernels/simd_2xnn/nbnxn_kernel_simd_2xnn_inner.h
< src/gromacs/mdlib/nbnxn_kernels/simd_2xnn/nbnxn_kernel_simd_2xnn_outer.h
< src/gromacs/mdlib/nbnxn_kernels/simd_4xn/nbnxn_kernel_ElecEwTwinCut_VdwLJCombGeom_F_4xn.cpp
< src/gromacs/mdlib/nbnxn_kernels/simd_4xn/nbnxn_kernel_ElecEwTwinCut_VdwLJCombGeom_VF_4xn.cpp
< src/gromacs/mdlib/nbnxn_kernels/simd_4xn/nbnxn_kernel_ElecEwTwinCut_VdwLJCombGeom_VgrpF_4xn.cpp
< src/gromacs/mdlib/nbnxn_kernels/simd_4xn/nbnxn_kernel_ElecEwTwinCut_VdwLJCombLB_F_4xn.cpp
< src/gromacs/mdlib/nbnxn_kernels/simd_4xn/nbnxn_kernel_ElecEwTwinCut_VdwLJCombLB_VF_4xn.cpp
< src/gromacs/mdlib/nbnxn_kernels/simd_4xn/nbnxn_kernel_ElecEwTwinCut_VdwLJCombLB_VgrpF_4xn.cpp
< src/gromacs/mdlib/nbnxn_kernels/simd_4xn/nbnxn_kernel_ElecEwTwinCut_VdwLJEwCombGeom_F_4xn.cpp
< src/gromacs/mdlib/nbnxn_kernels/simd_4xn/nbnxn_kernel_ElecEwTwinCut_VdwLJEwCombGeom_VF_4xn.cpp
< src/gromacs/mdlib/nbnxn_kernels/simd_4xn/nbnxn_kernel_ElecEwTwinCut_VdwLJEwCombGeom_VgrpF_4xn.cpp
< src/gromacs/mdlib/nbnxn_kernels/simd_4xn/nbnxn_kernel_ElecEwTwinCut_VdwLJ_F_4xn.cpp
< src/gromacs/mdlib/nbnxn_kernels/simd_4xn/nbnxn_kernel_ElecEwTwinCut_VdwLJFSw_F_4xn.cpp
< src/gromacs/mdlib/nbnxn_kernels/simd_4xn/nbnxn_kernel_ElecEwTwinCut_VdwLJFSw_VF_4xn.cpp
< src/gromacs/mdlib/nbnxn_kernels/simd_4xn/nbnxn_kernel_ElecEwTwinCut_VdwLJFSw_VgrpF_4xn.cpp
< src/gromacs/mdlib/nbnxn_kernels/simd_4xn/nbnxn_kernel_ElecEwTwinCut_VdwLJPSw_F_4xn.cpp
< src/gromacs/mdlib/nbnxn_kernels/simd_4xn/nbnxn_kernel_ElecEwTwinCut_VdwLJPSw_VF_4xn.cpp
< src/gromacs/mdlib/nbnxn_kernels/simd_4xn/nbnxn_kernel_ElecEwTwinCut_VdwLJPSw_VgrpF_4xn.cpp
< src/gromacs/mdlib/nbnxn_kernels/simd_4xn/nbnxn_kernel_ElecEwTwinCut_VdwLJ_VF_4xn.cpp
< src/gromacs/mdlib/nbnxn_kernels/simd_4xn/nbnxn_kernel_ElecEwTwinCut_VdwLJ_VgrpF_4xn.cpp
< src/gromacs/mdlib/nbnxn_kernels/simd_4xn/nbnxn_kernel_ElecEw_VdwLJCombGeom_F_4xn.cpp
< src/gromacs/mdlib/nbnxn_kernels/simd_4xn/nbnxn_kernel_ElecEw_VdwLJCombGeom_VF_4xn.cpp
< src/gromacs/mdlib/nbnxn_kernels/simd_4xn/nbnxn_kernel_ElecEw_VdwLJCombGeom_VgrpF_4xn.cpp
< src/gromacs/mdlib/nbnxn_kernels/simd_4xn/nbnxn_kernel_ElecEw_VdwLJCombLB_F_4xn.cpp
< src/gromacs/mdlib/nbnxn_kernels/simd_4xn/nbnxn_kernel_ElecEw_VdwLJCombLB_VF_4xn.cpp
< src/gromacs/mdlib/nbnxn_kernels/simd_4xn/nbnxn_kernel_ElecEw_VdwLJCombLB_VgrpF_4xn.cpp
< src/gromacs/mdlib/nbnxn_kernels/simd_4xn/nbnxn_kernel_ElecEw_VdwLJEwCombGeom_F_4xn.cpp
< src/gromacs/mdlib/nbnxn_kernels/simd_4xn/nbnxn_kernel_ElecEw_VdwLJEwCombGeom_VF_4xn.cpp
< src/gromacs/mdlib/nbnxn_kernels/simd_4xn/nbnxn_kernel_ElecEw_VdwLJEwCombGeom_VgrpF_4xn.cpp
< src/gromacs/mdlib/nbnxn_kernels/simd_4xn/nbnxn_kernel_ElecEw_VdwLJ_F_4xn.cpp
< src/gromacs/mdlib/nbnxn_kernels/simd_4xn/nbnxn_kernel_ElecEw_VdwLJFSw_F_4xn.cpp
< src/gromacs/mdlib/nbnxn_kernels/simd_4xn/nbnxn_kernel_ElecEw_VdwLJFSw_VF_4xn.cpp
< src/gromacs/mdlib/nbnxn_kernels/simd_4xn/nbnxn_kernel_ElecEw_VdwLJFSw_VgrpF_4xn.cpp
< src/gromacs/mdlib/nbnxn_kernels/simd_4xn/nbnxn_kernel_ElecEw_VdwLJPSw_F_4xn.cpp
< src/gromacs/mdlib/nbnxn_kernels/simd_4xn/nbnxn_kernel_ElecEw_VdwLJPSw_VF_4xn.cpp
< src/gromacs/mdlib/nbnxn_kernels/simd_4xn/nbnxn_kernel_ElecEw_VdwLJPSw_VgrpF_4xn.cpp
< src/gromacs/mdlib/nbnxn_kernels/simd_4xn/nbnxn_kernel_ElecEw_VdwLJ_VF_4xn.cpp
< src/gromacs/mdlib/nbnxn_kernels/simd_4xn/nbnxn_kernel_ElecEw_VdwLJ_VgrpF_4xn.cpp
< src/gromacs/mdlib/nbnxn_kernels/simd_4xn/nbnxn_kernel_ElecQSTabTwinCut_VdwLJCombGeom_F_4xn.cpp
< src/gromacs/mdlib/nbnxn_kernels/simd_4xn/nbnxn_kernel_ElecQSTabTwinCut_VdwLJCombGeom_VF_4xn.cpp
< src/gromacs/mdlib/nbnxn_kernels/simd_4xn/nbnxn_kernel_ElecQSTabTwinCut_VdwLJCombGeom_VgrpF_4xn.cpp
< src/gromacs/mdlib/nbnxn_kernels/simd_4xn/nbnxn_kernel_ElecQSTabTwinCut_VdwLJCombLB_F_4xn.cpp
< src/gromacs/mdlib/nbnxn_kernels/simd_4xn/nbnxn_kernel_ElecQSTabTwinCut_VdwLJCombLB_VF_4xn.cpp
< src/gromacs/mdlib/nbnxn_kernels/simd_4xn/nbnxn_kernel_ElecQSTabTwinCut_VdwLJCombLB_VgrpF_4xn.cpp
< src/gromacs/mdlib/nbnxn_kernels/simd_4xn/nbnxn_kernel_ElecQSTabTwinCut_VdwLJEwCombGeom_F_4xn.cpp
< src/gromacs/mdlib/nbnxn_kernels/simd_4xn/nbnxn_kernel_ElecQSTabTwinCut_VdwLJEwCombGeom_VF_4xn.cpp
< src/gromacs/mdlib/nbnxn_kernels/simd_4xn/nbnxn_kernel_ElecQSTabTwinCut_VdwLJEwCombGeom_VgrpF_4xn.cpp
< src/gromacs/mdlib/nbnxn_kernels/simd_4xn/nbnxn_kernel_ElecQSTabTwinCut_VdwLJ_F_4xn.cpp
< src/gromacs/mdlib/nbnxn_kernels/simd_4xn/nbnxn_kernel_ElecQSTabTwinCut_VdwLJFSw_F_4xn.cpp
< src/gromacs/mdlib/nbnxn_kernels/simd_4xn/nbnxn_kernel_ElecQSTabTwinCut_VdwLJFSw_VF_4xn.cpp
< src/gromacs/mdlib/nbnxn_kernels/simd_4xn/nbnxn_kernel_ElecQSTabTwinCut_VdwLJFSw_VgrpF_4xn.cpp
< src/gromacs/mdlib/nbnxn_kernels/simd_4xn/nbnxn_kernel_ElecQSTabTwinCut_VdwLJPSw_F_4xn.cpp
< src/gromacs/mdlib/nbnxn_kernels/simd_4xn/nbnxn_kernel_ElecQSTabTwinCut_VdwLJPSw_VF_4xn.cpp
< src/gromacs/mdlib/nbnxn_kernels/simd_4xn/nbnxn_kernel_ElecQSTabTwinCut_VdwLJPSw_VgrpF_4xn.cpp
< src/gromacs/mdlib/nbnxn_kernels/simd_4xn/nbnxn_kernel_ElecQSTabTwinCut_VdwLJ_VF_4xn.cpp
< src/gromacs/mdlib/nbnxn_kernels/simd_4xn/nbnxn_kernel_ElecQSTabTwinCut_VdwLJ_VgrpF_4xn.cpp
< src/gromacs/mdlib/nbnxn_kernels/simd_4xn/nbnxn_kernel_ElecQSTab_VdwLJCombGeom_F_4xn.cpp
< src/gromacs/mdlib/nbnxn_kernels/simd_4xn/nbnxn_kernel_ElecQSTab_VdwLJCombGeom_VF_4xn.cpp
< src/gromacs/mdlib/nbnxn_kernels/simd_4xn/nbnxn_kernel_ElecQSTab_VdwLJCombGeom_VgrpF_4xn.cpp
< src/gromacs/mdlib/nbnxn_kernels/simd_4xn/nbnxn_kernel_ElecQSTab_VdwLJCombLB_F_4xn.cpp
< src/gromacs/mdlib/nbnxn_kernels/simd_4xn/nbnxn_kernel_ElecQSTab_VdwLJCombLB_VF_4xn.cpp
< src/gromacs/mdlib/nbnxn_kernels/simd_4xn/nbnxn_kernel_ElecQSTab_VdwLJCombLB_VgrpF_4xn.cpp
< src/gromacs/mdlib/nbnxn_kernels/simd_4xn/nbnxn_kernel_ElecQSTab_VdwLJEwCombGeom_F_4xn.cpp
< src/gromacs/mdlib/nbnxn_kernels/simd_4xn/nbnxn_kernel_ElecQSTab_VdwLJEwCombGeom_VF_4xn.cpp
< src/gromacs/mdlib/nbnxn_kernels/simd_4xn/nbnxn_kernel_ElecQSTab_VdwLJEwCombGeom_VgrpF_4xn.cpp
< src/gromacs/mdlib/nbnxn_kernels/simd_4xn/nbnxn_kernel_ElecQSTab_VdwLJ_F_4xn.cpp
< src/gromacs/mdlib/nbnxn_kernels/simd_4xn/nbnxn_kernel_ElecQSTab_VdwLJFSw_F_4xn.cpp
< src/gromacs/mdlib/nbnxn_kernels/simd_4xn/nbnxn_kernel_ElecQSTab_VdwLJFSw_VF_4xn.cpp
< src/gromacs/mdlib/nbnxn_kernels/simd_4xn/nbnxn_kernel_ElecQSTab_VdwLJFSw_VgrpF_4xn.cpp
< src/gromacs/mdlib/nbnxn_kernels/simd_4xn/nbnxn_kernel_ElecQSTab_VdwLJPSw_F_4xn.cpp
< src/gromacs/mdlib/nbnxn_kernels/simd_4xn/nbnxn_kernel_ElecQSTab_VdwLJPSw_VF_4xn.cpp
< src/gromacs/mdlib/nbnxn_kernels/simd_4xn/nbnxn_kernel_ElecQSTab_VdwLJPSw_VgrpF_4xn.cpp
< src/gromacs/mdlib/nbnxn_kernels/simd_4xn/nbnxn_kernel_ElecQSTab_VdwLJ_VF_4xn.cpp
< src/gromacs/mdlib/nbnxn_kernels/simd_4xn/nbnxn_kernel_ElecQSTab_VdwLJ_VgrpF_4xn.cpp
< src/gromacs/mdlib/nbnxn_kernels/simd_4xn/nbnxn_kernel_ElecRF_VdwLJCombGeom_F_4xn.cpp
< src/gromacs/mdlib/nbnxn_kernels/simd_4xn/nbnxn_kernel_ElecRF_VdwLJCombGeom_VF_4xn.cpp
< src/gromacs/mdlib/nbnxn_kernels/simd_4xn/nbnxn_kernel_ElecRF_VdwLJCombGeom_VgrpF_4xn.cpp
< src/gromacs/mdlib/nbnxn_kernels/simd_4xn/nbnxn_kernel_ElecRF_VdwLJCombLB_F_4xn.cpp
< src/gromacs/mdlib/nbnxn_kernels/simd_4xn/nbnxn_kernel_ElecRF_VdwLJCombLB_VF_4xn.cpp
< src/gromacs/mdlib/nbnxn_kernels/simd_4xn/nbnxn_kernel_ElecRF_VdwLJCombLB_VgrpF_4xn.cpp
< src/gromacs/mdlib/nbnxn_kernels/simd_4xn/nbnxn_kernel_ElecRF_VdwLJEwCombGeom_F_4xn.cpp
< src/gromacs/mdlib/nbnxn_kernels/simd_4xn/nbnxn_kernel_ElecRF_VdwLJEwCombGeom_VF_4xn.cpp
< src/gromacs/mdlib/nbnxn_kernels/simd_4xn/nbnxn_kernel_ElecRF_VdwLJEwCombGeom_VgrpF_4xn.cpp
< src/gromacs/mdlib/nbnxn_kernels/simd_4xn/nbnxn_kernel_ElecRF_VdwLJ_F_4xn.cpp
< src/gromacs/mdlib/nbnxn_kernels/simd_4xn/nbnxn_kernel_ElecRF_VdwLJFSw_F_4xn.cpp
< src/gromacs/mdlib/nbnxn_kernels/simd_4xn/nbnxn_kernel_ElecRF_VdwLJFSw_VF_4xn.cpp
< src/gromacs/mdlib/nbnxn_kernels/simd_4xn/nbnxn_kernel_ElecRF_VdwLJFSw_VgrpF_4xn.cpp
< src/gromacs/mdlib/nbnxn_kernels/simd_4xn/nbnxn_kernel_ElecRF_VdwLJPSw_F_4xn.cpp
< src/gromacs/mdlib/nbnxn_kernels/simd_4xn/nbnxn_kernel_ElecRF_VdwLJPSw_VF_4xn.cpp
< src/gromacs/mdlib/nbnxn_kernels/simd_4xn/nbnxn_kernel_ElecRF_VdwLJPSw_VgrpF_4xn.cpp
< src/gromacs/mdlib/nbnxn_kernels/simd_4xn/nbnxn_kernel_ElecRF_VdwLJ_VF_4xn.cpp
< src/gromacs/mdlib/nbnxn_kernels/simd_4xn/nbnxn_kernel_ElecRF_VdwLJ_VgrpF_4xn.cpp
< src/gromacs/mdlib/nbnxn_kernels/simd_4xn/nbnxn_kernel_simd_4xn_common.h
< src/gromacs/mdlib/nbnxn_kernels/simd_4xn/nbnxn_kernel_simd_4xn.cpp
< src/gromacs/mdlib/nbnxn_kernels/simd_4xn/nbnxn_kernel_simd_4xn.h
< src/gromacs/mdlib/nbnxn_kernels/simd_4xn/nbnxn_kernel_simd_4xn_inner.h
< src/gromacs/mdlib/nbnxn_kernels/simd_4xn/nbnxn_kernel_simd_4xn_outer.h
< src/gromacs/mdlib/nbnxn_ocl/nbnxn_ocl.cpp
< src/gromacs/mdlib/nbnxn_ocl/nbnxn_ocl_data_mgmt.cpp
< src/gromacs/mdlib/nbnxn_ocl/nbnxn_ocl_internal.h
< src/gromacs/mdlib/nbnxn_ocl/nbnxn_ocl_jit_support.cpp
< src/gromacs/mdlib/nbnxn_ocl/nbnxn_ocl_types.h
< src/gromacs/mdlib/nbnxn_pairlist.h
< src/gromacs/mdlib/nbnxn_search.cpp
< src/gromacs/mdlib/nbnxn_search.h
< src/gromacs/mdlib/nbnxn_search_simd_2xnn.h
< src/gromacs/mdlib/nbnxn_search_simd_4xn.h
< src/gromacs/mdlib/nbnxn_simd.h
< src/gromacs/mdlib/nbnxn_util.h
< src/gromacs/mdlib/nb_verlet.h
< src/gromacs/mdlib/ns.cpp
< src/gromacs/mdlib/nsgrid.cpp
< src/gromacs/mdlib/nsgrid.h
< src/gromacs/mdlib/ns.h
---
> src/gromacs/mdlib/membed.cpp
> src/gromacs/mdlib/membed.h
1198,1203d1696
< src/gromacs/mdlib/qm_gamess.cpp
< src/gromacs/mdlib/qm_gaussian.cpp
< src/gromacs/mdlib/qmmm.cpp
< src/gromacs/mdlib/qmmm.h
< src/gromacs/mdlib/qm_mopac.cpp
< src/gromacs/mdlib/qm_orca.cpp
1205a1699,1700
> src/gromacs/mdlib/resethandler.cpp
> src/gromacs/mdlib/resethandler.h
1207,1209c1702,1710
< src/gromacs/mdlib/shakef.cpp
< src/gromacs/mdlib/shellfc.cpp
< src/gromacs/mdlib/shellfc.h
---
> src/gromacs/mdlib/rf_util.h
> src/gromacs/mdlib/settle.cpp
> src/gromacs/mdlib/settle_gpu.cpp
> src/gromacs/mdlib/settle_gpu.h
> src/gromacs/mdlib/settle_gpu_internal.h
> src/gromacs/mdlib/settle_gpu_internal_sycl.cpp
> src/gromacs/mdlib/settle.h
> src/gromacs/mdlib/shake.cpp
> src/gromacs/mdlib/shake.h
1215d1715
< src/gromacs/mdlib/sim_util.h
1218a1719,1747
> src/gromacs/mdlib/stat.h
> src/gromacs/mdlib/stophandler.cpp
> src/gromacs/mdlib/stophandler.h
> src/gromacs/mdlib/tests/calc_verletbuf.cpp
> src/gromacs/mdlib/tests/calcvir.cpp
> src/gromacs/mdlib/tests/constr.cpp
> src/gromacs/mdlib/tests/constrtestdata.cpp
> src/gromacs/mdlib/tests/constrtestdata.h
> src/gromacs/mdlib/tests/constrtestrunners.cpp
> src/gromacs/mdlib/tests/constrtestrunners_gpu.cpp
> src/gromacs/mdlib/tests/constrtestrunners.h
> src/gromacs/mdlib/tests/ebin.cpp
> src/gromacs/mdlib/tests/energydrifttracker.cpp
> src/gromacs/mdlib/tests/energyoutput.cpp
> src/gromacs/mdlib/tests/expanded.cpp
> src/gromacs/mdlib/tests/freeenergyparameters.cpp
> src/gromacs/mdlib/tests/langevin.cpp
> src/gromacs/mdlib/tests/langevintestdata.cpp
> src/gromacs/mdlib/tests/langevintestdata.h
> src/gromacs/mdlib/tests/langevintestrunners.cpp
> src/gromacs/mdlib/tests/langevintestrunners.h
> src/gromacs/mdlib/tests/leapfrog.cpp
> src/gromacs/mdlib/tests/leapfrogtestdata.cpp
> src/gromacs/mdlib/tests/leapfrogtestdata.h
> src/gromacs/mdlib/tests/leapfrogtestrunners.cpp
> src/gromacs/mdlib/tests/leapfrogtestrunners_gpu.cpp
> src/gromacs/mdlib/tests/leapfrogtestrunners.h
> src/gromacs/mdlib/tests/mdgpugraph.cpp
> src/gromacs/mdlib/tests/parrinellorahman.cpp
1219a1749,1753
> src/gromacs/mdlib/tests/settletestdata.cpp
> src/gromacs/mdlib/tests/settletestdata.h
> src/gromacs/mdlib/tests/settletestrunners.cpp
> src/gromacs/mdlib/tests/settletestrunners_gpu.cpp
> src/gromacs/mdlib/tests/settletestrunners.h
1221a1756,1759
> src/gromacs/mdlib/tests/updategroupscog.cpp
> src/gromacs/mdlib/tests/updategroups.cpp
> src/gromacs/mdlib/tests/watersystem.h
> src/gromacs/mdlib/tests/wholemoleculetransform.cpp
1224,1225d1761
< src/gromacs/mdlib/tpi.cpp
< src/gromacs/mdlib/tpi.h
1227a1764,1769
> src/gromacs/mdlib/update_constrain_gpu.h
> src/gromacs/mdlib/update_constrain_gpu_impl.cpp
> src/gromacs/mdlib/update_constrain_gpu_impl.h
> src/gromacs/mdlib/update_constrain_gpu_impl_stubs.cpp
> src/gromacs/mdlib/update_constrain_gpu_internal.h
> src/gromacs/mdlib/update_constrain_gpu_internal_sycl.cpp
1228a1771,1774
> src/gromacs/mdlib/updategroupscog.cpp
> src/gromacs/mdlib/updategroupscog.h
> src/gromacs/mdlib/updategroups.cpp
> src/gromacs/mdlib/updategroups.h
1229a1776,1777
> src/gromacs/mdlib/update_vv.cpp
> src/gromacs/mdlib/update_vv.h
1235c1783,1816
< src/gromacs/mdlib/wnblist.cpp
---
> src/gromacs/mdlib/wall.h
> src/gromacs/mdlib/wholemoleculetransform.cpp
> src/gromacs/mdlib/wholemoleculetransform.h
> src/gromacs/mdrun/isimulator.h
> src/gromacs/mdrun/legacymdrunoptions.cpp
> src/gromacs/mdrun/legacymdrunoptions.h
> src/gromacs/mdrun/legacysimulator.cpp
> src/gromacs/mdrun/legacysimulator.h
> src/gromacs/mdrun/md.cpp
> src/gromacs/mdrun/mdmodules.cpp
> src/gromacs/mdrun/mdmodules.h
> src/gromacs/mdrun/membedholder.cpp
> src/gromacs/mdrun/membedholder.h
> src/gromacs/mdrun/mimic.cpp
> src/gromacs/mdrun/minimize.cpp
> src/gromacs/mdrun/minimize.h
> src/gromacs/mdrun/replicaexchange.cpp
> src/gromacs/mdrun/replicaexchange.h
> src/gromacs/mdrun/rerun.cpp
> src/gromacs/mdrun/runner.cpp
> src/gromacs/mdrun/runner.h
> src/gromacs/mdrun/shellfc.cpp
> src/gromacs/mdrun/shellfc.h
> src/gromacs/mdrun/simulationcontext.cpp
> src/gromacs/mdrun/simulationcontext.h
> src/gromacs/mdrun/simulationinput.cpp
> src/gromacs/mdrun/simulationinput.h
> src/gromacs/mdrun/simulationinputhandle.cpp
> src/gromacs/mdrun/simulationinputhandle.h
> src/gromacs/mdrun/simulatorbuilder.cpp
> src/gromacs/mdrun/simulatorbuilder.h
> src/gromacs/mdrun/tpi.cpp
> src/gromacs/mdrunutility/freeenergy.cpp
> src/gromacs/mdrunutility/freeenergy.h
1237a1819,1832
> src/gromacs/mdrunutility/logging.cpp
> src/gromacs/mdrunutility/logging.h
> src/gromacs/mdrunutility/mdmodulesnotifier.h
> src/gromacs/mdrunutility/mdmodulesnotifiers.cpp
> src/gromacs/mdrunutility/mdmodulesnotifiers.h
> src/gromacs/mdrunutility/multisim.cpp
> src/gromacs/mdrunutility/multisim.h
> src/gromacs/mdrunutility/printtime.cpp
> src/gromacs/mdrunutility/printtime.h
> src/gromacs/mdrunutility/tests/mdmodulesnotifier.cpp
> src/gromacs/mdrunutility/tests/threadaffinity.cpp
> src/gromacs/mdrunutility/tests/threadaffinity_mpi.cpp
> src/gromacs/mdrunutility/tests/threadaffinitytest.cpp
> src/gromacs/mdrunutility/tests/threadaffinitytest.h
1239a1835,1852
> src/gromacs/mdspan/accessor_policy.h
> src/gromacs/mdspan/extensions.h
> src/gromacs/mdspan/extents.h
> src/gromacs/mdspan/layouts.h
> src/gromacs/mdspan/mdspan.h
> src/gromacs/mdspan/tests/accessor_policy.cpp
> src/gromacs/mdspan/tests/extensions.cpp
> src/gromacs/mdspan/tests/extents.cpp
> src/gromacs/mdspan/tests/layouts.cpp
> src/gromacs/mdspan/tests/mdspan.cpp
> src/gromacs/mdtypes/atominfo.h
> src/gromacs/mdtypes/awh_correlation_history.h
> src/gromacs/mdtypes/awh_history.cpp
> src/gromacs/mdtypes/awh_history.h
> src/gromacs/mdtypes/awh_params.h
> src/gromacs/mdtypes/checkpointdata.cpp
> src/gromacs/mdtypes/checkpointdata.h
> src/gromacs/mdtypes/commrec.cpp
1242a1856,1857
> src/gromacs/mdtypes/edsamhistory.h
> src/gromacs/mdtypes/enerdata.h
1245a1861,1863
> src/gromacs/mdtypes/forcebuffers.cpp
> src/gromacs/mdtypes/forcebuffers.h
> src/gromacs/mdtypes/forceoutput.h
1246a1865
> src/gromacs/mdtypes/group.cpp
1247a1867,1871
> src/gromacs/mdtypes/iforceprovider.cpp
> src/gromacs/mdtypes/iforceprovider.h
> src/gromacs/mdtypes/imdmodule.h
> src/gromacs/mdtypes/imdoutputprovider.h
> src/gromacs/mdtypes/imdpoptionprovider.h
1249c1873
< src/gromacs/mdtypes/inputrec.h
---
> src/gromacs/mdtypes/interaction_const.cpp
1250a1875
> src/gromacs/mdtypes/locality.h
1253c1878,1880
< src/gromacs/mdtypes/md_enums.h
---
> src/gromacs/mdtypes/mdrunoptions.h
> src/gromacs/mdtypes/multipletimestepping.cpp
> src/gromacs/mdtypes/multipletimestepping.h
1255c1882,1888
< src/gromacs/mdtypes/pull-params.h
---
> src/gromacs/mdtypes/observableshistory.cpp
> src/gromacs/mdtypes/observableshistory.h
> src/gromacs/mdtypes/observablesreducer.cpp
> src/gromacs/mdtypes/observablesreducer.h
> src/gromacs/mdtypes/pullhistory.h
> src/gromacs/mdtypes/pull_params.h
> src/gromacs/mdtypes/simulation_workload.h
1258c1891,2267
< src/gromacs/onlinehelp-doc.h
---
> src/gromacs/mdtypes/state_propagator_data_gpu.h
> src/gromacs/mdtypes/state_propagator_data_gpu_impl.cpp
> src/gromacs/mdtypes/state_propagator_data_gpu_impl_gpu.cpp
> src/gromacs/mdtypes/state_propagator_data_gpu_impl.h
> src/gromacs/mdtypes/swaphistory.h
> src/gromacs/mdtypes/tests/checkpointdata.cpp
> src/gromacs/mdtypes/tests/enerdata.cpp
> src/gromacs/mdtypes/tests/forcebuffers.cpp
> src/gromacs/mdtypes/tests/multipletimestepping.cpp
> src/gromacs/mdtypes/tests/observablesreducer.cpp
> src/gromacs/mdtypes/threaded_force_buffer.cpp
> src/gromacs/mdtypes/threaded_force_buffer.h
> src/gromacs/mimic/communicator.cpp
> src/gromacs/mimic/communicator.h
> src/gromacs/mimic/communicator_stub.cpp
> src/gromacs/mimic/utilities.cpp
> src/gromacs/mimic/utilities.h
> src/gromacs/modularsimulator/andersentemperaturecoupling.cpp
> src/gromacs/modularsimulator/andersentemperaturecoupling.h
> src/gromacs/modularsimulator/checkpointhelper.cpp
> src/gromacs/modularsimulator/checkpointhelper.h
> src/gromacs/modularsimulator/compositesimulatorelement.cpp
> src/gromacs/modularsimulator/compositesimulatorelement.h
> src/gromacs/modularsimulator/computeglobalselement.cpp
> src/gromacs/modularsimulator/computeglobalselement.h
> src/gromacs/modularsimulator/constraintelement.cpp
> src/gromacs/modularsimulator/constraintelement.h
> src/gromacs/modularsimulator/domdechelper.cpp
> src/gromacs/modularsimulator/domdechelper.h
> src/gromacs/modularsimulator/energydata.cpp
> src/gromacs/modularsimulator/energydata.h
> src/gromacs/modularsimulator/expandedensembleelement.cpp
> src/gromacs/modularsimulator/expandedensembleelement.h
> src/gromacs/modularsimulator/firstorderpressurecoupling.cpp
> src/gromacs/modularsimulator/firstorderpressurecoupling.h
> src/gromacs/modularsimulator/forceelement.cpp
> src/gromacs/modularsimulator/forceelement.h
> src/gromacs/modularsimulator/freeenergyperturbationdata.cpp
> src/gromacs/modularsimulator/freeenergyperturbationdata.h
> src/gromacs/modularsimulator/modularsimulator.cpp
> src/gromacs/modularsimulator/modularsimulator.h
> src/gromacs/modularsimulator/modularsimulatorinterfaces.h
> src/gromacs/modularsimulator/mttk.cpp
> src/gromacs/modularsimulator/mttk.h
> src/gromacs/modularsimulator/nosehooverchains.cpp
> src/gromacs/modularsimulator/nosehooverchains.h
> src/gromacs/modularsimulator/parrinellorahmanbarostat.cpp
> src/gromacs/modularsimulator/parrinellorahmanbarostat.h
> src/gromacs/modularsimulator/pmeloadbalancehelper.cpp
> src/gromacs/modularsimulator/pmeloadbalancehelper.h
> src/gromacs/modularsimulator/propagator.cpp
> src/gromacs/modularsimulator/propagator.h
> src/gromacs/modularsimulator/pullelement.cpp
> src/gromacs/modularsimulator/pullelement.h
> src/gromacs/modularsimulator/referencetemperaturemanager.cpp
> src/gromacs/modularsimulator/referencetemperaturemanager.h
> src/gromacs/modularsimulator/signallers.cpp
> src/gromacs/modularsimulator/signallers.h
> src/gromacs/modularsimulator/simulatoralgorithm.cpp
> src/gromacs/modularsimulator/simulatoralgorithm.h
> src/gromacs/modularsimulator/statepropagatordata.cpp
> src/gromacs/modularsimulator/statepropagatordata.h
> src/gromacs/modularsimulator/topologyholder.cpp
> src/gromacs/modularsimulator/topologyholder.h
> src/gromacs/modularsimulator/trajectoryelement.cpp
> src/gromacs/modularsimulator/trajectoryelement.h
> src/gromacs/modularsimulator/trotterhelperfunctions.h
> src/gromacs/modularsimulator/velocityscalingtemperaturecoupling.cpp
> src/gromacs/modularsimulator/velocityscalingtemperaturecoupling.h
> src/gromacs/nbnxm/atomdata.cpp
> src/gromacs/nbnxm/atomdata.h
> src/gromacs/nbnxm/benchmark/bench_coords.h
> src/gromacs/nbnxm/benchmark/bench_setup.cpp
> src/gromacs/nbnxm/benchmark/bench_setup.h
> src/gromacs/nbnxm/benchmark/bench_system.cpp
> src/gromacs/nbnxm/benchmark/bench_system.h
> src/gromacs/nbnxm/boundingboxdistance.h
> src/gromacs/nbnxm/boundingbox.h
> src/gromacs/nbnxm/boundingbox_simd.h
> src/gromacs/nbnxm/clusterdistancekerneltype.h
> src/gromacs/nbnxm/cuda/nbnxm_cuda.h
> src/gromacs/nbnxm/cuda/nbnxm_cuda_types.h
> src/gromacs/nbnxm/exclusionchecker.cpp
> src/gromacs/nbnxm/exclusionchecker.h
> src/gromacs/nbnxm/freeenergydispatch.cpp
> src/gromacs/nbnxm/freeenergydispatch.h
> src/gromacs/nbnxm/gpu_common.h
> src/gromacs/nbnxm/gpu_common_utils.h
> src/gromacs/nbnxm/gpu_data_mgmt.h
> src/gromacs/nbnxm/gpu_jit_support.h
> src/gromacs/nbnxm/gpu_types_common.h
> src/gromacs/nbnxm/grid.cpp
> src/gromacs/nbnxm/grid.h
> src/gromacs/nbnxm/gridset.cpp
> src/gromacs/nbnxm/gridsetdata.h
> src/gromacs/nbnxm/gridset.h
> src/gromacs/nbnxm/hip/nbnxm_gpu_buffer_ops_internal_hip.cpp
> src/gromacs/nbnxm/hip/nbnxm_hip.cpp
> src/gromacs/nbnxm/hip/nbnxm_hip_data_mgmt.cpp
> src/gromacs/nbnxm/hip/nbnxm_hip_kernel_body_f_noprune.cpp
> src/gromacs/nbnxm/hip/nbnxm_hip_kernel_body_f_prune.cpp
> src/gromacs/nbnxm/hip/nbnxm_hip_kernel_body_fv_noprune.cpp
> src/gromacs/nbnxm/hip/nbnxm_hip_kernel_body_fv_prune.cpp
> src/gromacs/nbnxm/hip/nbnxm_hip_kernel_body.h
> src/gromacs/nbnxm/hip/nbnxm_hip_kernel.cpp
> src/gromacs/nbnxm/hip/nbnxm_hip_kernel.h
> src/gromacs/nbnxm/hip/nbnxm_hip_kernel_pruneonly.cpp
> src/gromacs/nbnxm/hip/nbnxm_hip_kernel_pruneonly.h
> src/gromacs/nbnxm/hip/nbnxm_hip_kernel_sci_sort.cpp
> src/gromacs/nbnxm/hip/nbnxm_hip_kernel_sci_sort.h
> src/gromacs/nbnxm/hip/nbnxm_hip_kernel_utils.h
> src/gromacs/nbnxm/hip/nbnxm_hip_types.h
> src/gromacs/nbnxm/kernel_common.cpp
> src/gromacs/nbnxm/kernel_common.h
> src/gromacs/nbnxm/kerneldispatch.cpp
> src/gromacs/nbnxm/kernels_reference/kernel_gpu_ref.cpp
> src/gromacs/nbnxm/kernels_reference/kernel_gpu_ref.h
> src/gromacs/nbnxm/kernels_reference/kernel_ref_1x1.cpp
> src/gromacs/nbnxm/kernels_reference/kernel_ref_1x1.h
> src/gromacs/nbnxm/kernels_reference/kernel_ref_4x4.cpp
> src/gromacs/nbnxm/kernels_reference/kernel_ref_4x4.h
> src/gromacs/nbnxm/kernels_reference/kernel_ref_includes.h
> src/gromacs/nbnxm/kernels_reference/kernel_ref_inner.h
> src/gromacs/nbnxm/kernels_reference/kernel_ref_outer.h
> src/gromacs/nbnxm/kernels_reference/kernel_ref_prune.cpp
> src/gromacs/nbnxm/kernels_reference/kernel_ref_prune.h
> src/gromacs/nbnxm/kernels_simd_2xmm/kernel_ElecEwTwinCut_VdwLJCombGeom_F.cpp
> src/gromacs/nbnxm/kernels_simd_2xmm/kernel_ElecEwTwinCut_VdwLJCombGeom_VF.cpp
> src/gromacs/nbnxm/kernels_simd_2xmm/kernel_ElecEwTwinCut_VdwLJCombGeom_VgrpF.cpp
> src/gromacs/nbnxm/kernels_simd_2xmm/kernel_ElecEwTwinCut_VdwLJCombLB_F.cpp
> src/gromacs/nbnxm/kernels_simd_2xmm/kernel_ElecEwTwinCut_VdwLJCombLB_VF.cpp
> src/gromacs/nbnxm/kernels_simd_2xmm/kernel_ElecEwTwinCut_VdwLJCombLB_VgrpF.cpp
> src/gromacs/nbnxm/kernels_simd_2xmm/kernel_ElecEwTwinCut_VdwLJEwCombGeom_F.cpp
> src/gromacs/nbnxm/kernels_simd_2xmm/kernel_ElecEwTwinCut_VdwLJEwCombGeom_VF.cpp
> src/gromacs/nbnxm/kernels_simd_2xmm/kernel_ElecEwTwinCut_VdwLJEwCombGeom_VgrpF.cpp
> src/gromacs/nbnxm/kernels_simd_2xmm/kernel_ElecEwTwinCut_VdwLJ_F.cpp
> src/gromacs/nbnxm/kernels_simd_2xmm/kernel_ElecEwTwinCut_VdwLJFSw_F.cpp
> src/gromacs/nbnxm/kernels_simd_2xmm/kernel_ElecEwTwinCut_VdwLJFSw_VF.cpp
> src/gromacs/nbnxm/kernels_simd_2xmm/kernel_ElecEwTwinCut_VdwLJFSw_VgrpF.cpp
> src/gromacs/nbnxm/kernels_simd_2xmm/kernel_ElecEwTwinCut_VdwLJPSw_F.cpp
> src/gromacs/nbnxm/kernels_simd_2xmm/kernel_ElecEwTwinCut_VdwLJPSw_VF.cpp
> src/gromacs/nbnxm/kernels_simd_2xmm/kernel_ElecEwTwinCut_VdwLJPSw_VgrpF.cpp
> src/gromacs/nbnxm/kernels_simd_2xmm/kernel_ElecEwTwinCut_VdwLJ_VF.cpp
> src/gromacs/nbnxm/kernels_simd_2xmm/kernel_ElecEwTwinCut_VdwLJ_VgrpF.cpp
> src/gromacs/nbnxm/kernels_simd_2xmm/kernel_ElecEw_VdwLJCombGeom_F.cpp
> src/gromacs/nbnxm/kernels_simd_2xmm/kernel_ElecEw_VdwLJCombGeom_VF.cpp
> src/gromacs/nbnxm/kernels_simd_2xmm/kernel_ElecEw_VdwLJCombGeom_VgrpF.cpp
> src/gromacs/nbnxm/kernels_simd_2xmm/kernel_ElecEw_VdwLJCombLB_F.cpp
> src/gromacs/nbnxm/kernels_simd_2xmm/kernel_ElecEw_VdwLJCombLB_VF.cpp
> src/gromacs/nbnxm/kernels_simd_2xmm/kernel_ElecEw_VdwLJCombLB_VgrpF.cpp
> src/gromacs/nbnxm/kernels_simd_2xmm/kernel_ElecEw_VdwLJEwCombGeom_F.cpp
> src/gromacs/nbnxm/kernels_simd_2xmm/kernel_ElecEw_VdwLJEwCombGeom_VF.cpp
> src/gromacs/nbnxm/kernels_simd_2xmm/kernel_ElecEw_VdwLJEwCombGeom_VgrpF.cpp
> src/gromacs/nbnxm/kernels_simd_2xmm/kernel_ElecEw_VdwLJ_F.cpp
> src/gromacs/nbnxm/kernels_simd_2xmm/kernel_ElecEw_VdwLJFSw_F.cpp
> src/gromacs/nbnxm/kernels_simd_2xmm/kernel_ElecEw_VdwLJFSw_VF.cpp
> src/gromacs/nbnxm/kernels_simd_2xmm/kernel_ElecEw_VdwLJFSw_VgrpF.cpp
> src/gromacs/nbnxm/kernels_simd_2xmm/kernel_ElecEw_VdwLJPSw_F.cpp
> src/gromacs/nbnxm/kernels_simd_2xmm/kernel_ElecEw_VdwLJPSw_VF.cpp
> src/gromacs/nbnxm/kernels_simd_2xmm/kernel_ElecEw_VdwLJPSw_VgrpF.cpp
> src/gromacs/nbnxm/kernels_simd_2xmm/kernel_ElecEw_VdwLJ_VF.cpp
> src/gromacs/nbnxm/kernels_simd_2xmm/kernel_ElecEw_VdwLJ_VgrpF.cpp
> src/gromacs/nbnxm/kernels_simd_2xmm/kernel_ElecQSTabTwinCut_VdwLJCombGeom_F.cpp
> src/gromacs/nbnxm/kernels_simd_2xmm/kernel_ElecQSTabTwinCut_VdwLJCombGeom_VF.cpp
> src/gromacs/nbnxm/kernels_simd_2xmm/kernel_ElecQSTabTwinCut_VdwLJCombGeom_VgrpF.cpp
> src/gromacs/nbnxm/kernels_simd_2xmm/kernel_ElecQSTabTwinCut_VdwLJCombLB_F.cpp
> src/gromacs/nbnxm/kernels_simd_2xmm/kernel_ElecQSTabTwinCut_VdwLJCombLB_VF.cpp
> src/gromacs/nbnxm/kernels_simd_2xmm/kernel_ElecQSTabTwinCut_VdwLJCombLB_VgrpF.cpp
> src/gromacs/nbnxm/kernels_simd_2xmm/kernel_ElecQSTabTwinCut_VdwLJEwCombGeom_F.cpp
> src/gromacs/nbnxm/kernels_simd_2xmm/kernel_ElecQSTabTwinCut_VdwLJEwCombGeom_VF.cpp
> src/gromacs/nbnxm/kernels_simd_2xmm/kernel_ElecQSTabTwinCut_VdwLJEwCombGeom_VgrpF.cpp
> src/gromacs/nbnxm/kernels_simd_2xmm/kernel_ElecQSTabTwinCut_VdwLJ_F.cpp
> src/gromacs/nbnxm/kernels_simd_2xmm/kernel_ElecQSTabTwinCut_VdwLJFSw_F.cpp
> src/gromacs/nbnxm/kernels_simd_2xmm/kernel_ElecQSTabTwinCut_VdwLJFSw_VF.cpp
> src/gromacs/nbnxm/kernels_simd_2xmm/kernel_ElecQSTabTwinCut_VdwLJFSw_VgrpF.cpp
> src/gromacs/nbnxm/kernels_simd_2xmm/kernel_ElecQSTabTwinCut_VdwLJPSw_F.cpp
> src/gromacs/nbnxm/kernels_simd_2xmm/kernel_ElecQSTabTwinCut_VdwLJPSw_VF.cpp
> src/gromacs/nbnxm/kernels_simd_2xmm/kernel_ElecQSTabTwinCut_VdwLJPSw_VgrpF.cpp
> src/gromacs/nbnxm/kernels_simd_2xmm/kernel_ElecQSTabTwinCut_VdwLJ_VF.cpp
> src/gromacs/nbnxm/kernels_simd_2xmm/kernel_ElecQSTabTwinCut_VdwLJ_VgrpF.cpp
> src/gromacs/nbnxm/kernels_simd_2xmm/kernel_ElecQSTab_VdwLJCombGeom_F.cpp
> src/gromacs/nbnxm/kernels_simd_2xmm/kernel_ElecQSTab_VdwLJCombGeom_VF.cpp
> src/gromacs/nbnxm/kernels_simd_2xmm/kernel_ElecQSTab_VdwLJCombGeom_VgrpF.cpp
> src/gromacs/nbnxm/kernels_simd_2xmm/kernel_ElecQSTab_VdwLJCombLB_F.cpp
> src/gromacs/nbnxm/kernels_simd_2xmm/kernel_ElecQSTab_VdwLJCombLB_VF.cpp
> src/gromacs/nbnxm/kernels_simd_2xmm/kernel_ElecQSTab_VdwLJCombLB_VgrpF.cpp
> src/gromacs/nbnxm/kernels_simd_2xmm/kernel_ElecQSTab_VdwLJEwCombGeom_F.cpp
> src/gromacs/nbnxm/kernels_simd_2xmm/kernel_ElecQSTab_VdwLJEwCombGeom_VF.cpp
> src/gromacs/nbnxm/kernels_simd_2xmm/kernel_ElecQSTab_VdwLJEwCombGeom_VgrpF.cpp
> src/gromacs/nbnxm/kernels_simd_2xmm/kernel_ElecQSTab_VdwLJ_F.cpp
> src/gromacs/nbnxm/kernels_simd_2xmm/kernel_ElecQSTab_VdwLJFSw_F.cpp
> src/gromacs/nbnxm/kernels_simd_2xmm/kernel_ElecQSTab_VdwLJFSw_VF.cpp
> src/gromacs/nbnxm/kernels_simd_2xmm/kernel_ElecQSTab_VdwLJFSw_VgrpF.cpp
> src/gromacs/nbnxm/kernels_simd_2xmm/kernel_ElecQSTab_VdwLJPSw_F.cpp
> src/gromacs/nbnxm/kernels_simd_2xmm/kernel_ElecQSTab_VdwLJPSw_VF.cpp
> src/gromacs/nbnxm/kernels_simd_2xmm/kernel_ElecQSTab_VdwLJPSw_VgrpF.cpp
> src/gromacs/nbnxm/kernels_simd_2xmm/kernel_ElecQSTab_VdwLJ_VF.cpp
> src/gromacs/nbnxm/kernels_simd_2xmm/kernel_ElecQSTab_VdwLJ_VgrpF.cpp
> src/gromacs/nbnxm/kernels_simd_2xmm/kernel_ElecRF_VdwLJCombGeom_F.cpp
> src/gromacs/nbnxm/kernels_simd_2xmm/kernel_ElecRF_VdwLJCombGeom_VF.cpp
> src/gromacs/nbnxm/kernels_simd_2xmm/kernel_ElecRF_VdwLJCombGeom_VgrpF.cpp
> src/gromacs/nbnxm/kernels_simd_2xmm/kernel_ElecRF_VdwLJCombLB_F.cpp
> src/gromacs/nbnxm/kernels_simd_2xmm/kernel_ElecRF_VdwLJCombLB_VF.cpp
> src/gromacs/nbnxm/kernels_simd_2xmm/kernel_ElecRF_VdwLJCombLB_VgrpF.cpp
> src/gromacs/nbnxm/kernels_simd_2xmm/kernel_ElecRF_VdwLJEwCombGeom_F.cpp
> src/gromacs/nbnxm/kernels_simd_2xmm/kernel_ElecRF_VdwLJEwCombGeom_VF.cpp
> src/gromacs/nbnxm/kernels_simd_2xmm/kernel_ElecRF_VdwLJEwCombGeom_VgrpF.cpp
> src/gromacs/nbnxm/kernels_simd_2xmm/kernel_ElecRF_VdwLJ_F.cpp
> src/gromacs/nbnxm/kernels_simd_2xmm/kernel_ElecRF_VdwLJFSw_F.cpp
> src/gromacs/nbnxm/kernels_simd_2xmm/kernel_ElecRF_VdwLJFSw_VF.cpp
> src/gromacs/nbnxm/kernels_simd_2xmm/kernel_ElecRF_VdwLJFSw_VgrpF.cpp
> src/gromacs/nbnxm/kernels_simd_2xmm/kernel_ElecRF_VdwLJPSw_F.cpp
> src/gromacs/nbnxm/kernels_simd_2xmm/kernel_ElecRF_VdwLJPSw_VF.cpp
> src/gromacs/nbnxm/kernels_simd_2xmm/kernel_ElecRF_VdwLJPSw_VgrpF.cpp
> src/gromacs/nbnxm/kernels_simd_2xmm/kernel_ElecRF_VdwLJ_VF.cpp
> src/gromacs/nbnxm/kernels_simd_2xmm/kernel_ElecRF_VdwLJ_VgrpF.cpp
> src/gromacs/nbnxm/kernels_simd_2xmm/kernels.h
> src/gromacs/nbnxm/kernels_simd_4xm/kernel_ElecEwTwinCut_VdwLJCombGeom_F.cpp
> src/gromacs/nbnxm/kernels_simd_4xm/kernel_ElecEwTwinCut_VdwLJCombGeom_VF.cpp
> src/gromacs/nbnxm/kernels_simd_4xm/kernel_ElecEwTwinCut_VdwLJCombGeom_VgrpF.cpp
> src/gromacs/nbnxm/kernels_simd_4xm/kernel_ElecEwTwinCut_VdwLJCombLB_F.cpp
> src/gromacs/nbnxm/kernels_simd_4xm/kernel_ElecEwTwinCut_VdwLJCombLB_VF.cpp
> src/gromacs/nbnxm/kernels_simd_4xm/kernel_ElecEwTwinCut_VdwLJCombLB_VgrpF.cpp
> src/gromacs/nbnxm/kernels_simd_4xm/kernel_ElecEwTwinCut_VdwLJEwCombGeom_F.cpp
> src/gromacs/nbnxm/kernels_simd_4xm/kernel_ElecEwTwinCut_VdwLJEwCombGeom_VF.cpp
> src/gromacs/nbnxm/kernels_simd_4xm/kernel_ElecEwTwinCut_VdwLJEwCombGeom_VgrpF.cpp
> src/gromacs/nbnxm/kernels_simd_4xm/kernel_ElecEwTwinCut_VdwLJ_F.cpp
> src/gromacs/nbnxm/kernels_simd_4xm/kernel_ElecEwTwinCut_VdwLJFSw_F.cpp
> src/gromacs/nbnxm/kernels_simd_4xm/kernel_ElecEwTwinCut_VdwLJFSw_VF.cpp
> src/gromacs/nbnxm/kernels_simd_4xm/kernel_ElecEwTwinCut_VdwLJFSw_VgrpF.cpp
> src/gromacs/nbnxm/kernels_simd_4xm/kernel_ElecEwTwinCut_VdwLJPSw_F.cpp
> src/gromacs/nbnxm/kernels_simd_4xm/kernel_ElecEwTwinCut_VdwLJPSw_VF.cpp
> src/gromacs/nbnxm/kernels_simd_4xm/kernel_ElecEwTwinCut_VdwLJPSw_VgrpF.cpp
> src/gromacs/nbnxm/kernels_simd_4xm/kernel_ElecEwTwinCut_VdwLJ_VF.cpp
> src/gromacs/nbnxm/kernels_simd_4xm/kernel_ElecEwTwinCut_VdwLJ_VgrpF.cpp
> src/gromacs/nbnxm/kernels_simd_4xm/kernel_ElecEw_VdwLJCombGeom_F.cpp
> src/gromacs/nbnxm/kernels_simd_4xm/kernel_ElecEw_VdwLJCombGeom_VF.cpp
> src/gromacs/nbnxm/kernels_simd_4xm/kernel_ElecEw_VdwLJCombGeom_VgrpF.cpp
> src/gromacs/nbnxm/kernels_simd_4xm/kernel_ElecEw_VdwLJCombLB_F.cpp
> src/gromacs/nbnxm/kernels_simd_4xm/kernel_ElecEw_VdwLJCombLB_VF.cpp
> src/gromacs/nbnxm/kernels_simd_4xm/kernel_ElecEw_VdwLJCombLB_VgrpF.cpp
> src/gromacs/nbnxm/kernels_simd_4xm/kernel_ElecEw_VdwLJEwCombGeom_F.cpp
> src/gromacs/nbnxm/kernels_simd_4xm/kernel_ElecEw_VdwLJEwCombGeom_VF.cpp
> src/gromacs/nbnxm/kernels_simd_4xm/kernel_ElecEw_VdwLJEwCombGeom_VgrpF.cpp
> src/gromacs/nbnxm/kernels_simd_4xm/kernel_ElecEw_VdwLJ_F.cpp
> src/gromacs/nbnxm/kernels_simd_4xm/kernel_ElecEw_VdwLJFSw_F.cpp
> src/gromacs/nbnxm/kernels_simd_4xm/kernel_ElecEw_VdwLJFSw_VF.cpp
> src/gromacs/nbnxm/kernels_simd_4xm/kernel_ElecEw_VdwLJFSw_VgrpF.cpp
> src/gromacs/nbnxm/kernels_simd_4xm/kernel_ElecEw_VdwLJPSw_F.cpp
> src/gromacs/nbnxm/kernels_simd_4xm/kernel_ElecEw_VdwLJPSw_VF.cpp
> src/gromacs/nbnxm/kernels_simd_4xm/kernel_ElecEw_VdwLJPSw_VgrpF.cpp
> src/gromacs/nbnxm/kernels_simd_4xm/kernel_ElecEw_VdwLJ_VF.cpp
> src/gromacs/nbnxm/kernels_simd_4xm/kernel_ElecEw_VdwLJ_VgrpF.cpp
> src/gromacs/nbnxm/kernels_simd_4xm/kernel_ElecQSTabTwinCut_VdwLJCombGeom_F.cpp
> src/gromacs/nbnxm/kernels_simd_4xm/kernel_ElecQSTabTwinCut_VdwLJCombGeom_VF.cpp
> src/gromacs/nbnxm/kernels_simd_4xm/kernel_ElecQSTabTwinCut_VdwLJCombGeom_VgrpF.cpp
> src/gromacs/nbnxm/kernels_simd_4xm/kernel_ElecQSTabTwinCut_VdwLJCombLB_F.cpp
> src/gromacs/nbnxm/kernels_simd_4xm/kernel_ElecQSTabTwinCut_VdwLJCombLB_VF.cpp
> src/gromacs/nbnxm/kernels_simd_4xm/kernel_ElecQSTabTwinCut_VdwLJCombLB_VgrpF.cpp
> src/gromacs/nbnxm/kernels_simd_4xm/kernel_ElecQSTabTwinCut_VdwLJEwCombGeom_F.cpp
> src/gromacs/nbnxm/kernels_simd_4xm/kernel_ElecQSTabTwinCut_VdwLJEwCombGeom_VF.cpp
> src/gromacs/nbnxm/kernels_simd_4xm/kernel_ElecQSTabTwinCut_VdwLJEwCombGeom_VgrpF.cpp
> src/gromacs/nbnxm/kernels_simd_4xm/kernel_ElecQSTabTwinCut_VdwLJ_F.cpp
> src/gromacs/nbnxm/kernels_simd_4xm/kernel_ElecQSTabTwinCut_VdwLJFSw_F.cpp
> src/gromacs/nbnxm/kernels_simd_4xm/kernel_ElecQSTabTwinCut_VdwLJFSw_VF.cpp
> src/gromacs/nbnxm/kernels_simd_4xm/kernel_ElecQSTabTwinCut_VdwLJFSw_VgrpF.cpp
> src/gromacs/nbnxm/kernels_simd_4xm/kernel_ElecQSTabTwinCut_VdwLJPSw_F.cpp
> src/gromacs/nbnxm/kernels_simd_4xm/kernel_ElecQSTabTwinCut_VdwLJPSw_VF.cpp
> src/gromacs/nbnxm/kernels_simd_4xm/kernel_ElecQSTabTwinCut_VdwLJPSw_VgrpF.cpp
> src/gromacs/nbnxm/kernels_simd_4xm/kernel_ElecQSTabTwinCut_VdwLJ_VF.cpp
> src/gromacs/nbnxm/kernels_simd_4xm/kernel_ElecQSTabTwinCut_VdwLJ_VgrpF.cpp
> src/gromacs/nbnxm/kernels_simd_4xm/kernel_ElecQSTab_VdwLJCombGeom_F.cpp
> src/gromacs/nbnxm/kernels_simd_4xm/kernel_ElecQSTab_VdwLJCombGeom_VF.cpp
> src/gromacs/nbnxm/kernels_simd_4xm/kernel_ElecQSTab_VdwLJCombGeom_VgrpF.cpp
> src/gromacs/nbnxm/kernels_simd_4xm/kernel_ElecQSTab_VdwLJCombLB_F.cpp
> src/gromacs/nbnxm/kernels_simd_4xm/kernel_ElecQSTab_VdwLJCombLB_VF.cpp
> src/gromacs/nbnxm/kernels_simd_4xm/kernel_ElecQSTab_VdwLJCombLB_VgrpF.cpp
> src/gromacs/nbnxm/kernels_simd_4xm/kernel_ElecQSTab_VdwLJEwCombGeom_F.cpp
> src/gromacs/nbnxm/kernels_simd_4xm/kernel_ElecQSTab_VdwLJEwCombGeom_VF.cpp
> src/gromacs/nbnxm/kernels_simd_4xm/kernel_ElecQSTab_VdwLJEwCombGeom_VgrpF.cpp
> src/gromacs/nbnxm/kernels_simd_4xm/kernel_ElecQSTab_VdwLJ_F.cpp
> src/gromacs/nbnxm/kernels_simd_4xm/kernel_ElecQSTab_VdwLJFSw_F.cpp
> src/gromacs/nbnxm/kernels_simd_4xm/kernel_ElecQSTab_VdwLJFSw_VF.cpp
> src/gromacs/nbnxm/kernels_simd_4xm/kernel_ElecQSTab_VdwLJFSw_VgrpF.cpp
> src/gromacs/nbnxm/kernels_simd_4xm/kernel_ElecQSTab_VdwLJPSw_F.cpp
> src/gromacs/nbnxm/kernels_simd_4xm/kernel_ElecQSTab_VdwLJPSw_VF.cpp
> src/gromacs/nbnxm/kernels_simd_4xm/kernel_ElecQSTab_VdwLJPSw_VgrpF.cpp
> src/gromacs/nbnxm/kernels_simd_4xm/kernel_ElecQSTab_VdwLJ_VF.cpp
> src/gromacs/nbnxm/kernels_simd_4xm/kernel_ElecQSTab_VdwLJ_VgrpF.cpp
> src/gromacs/nbnxm/kernels_simd_4xm/kernel_ElecRF_VdwLJCombGeom_F.cpp
> src/gromacs/nbnxm/kernels_simd_4xm/kernel_ElecRF_VdwLJCombGeom_VF.cpp
> src/gromacs/nbnxm/kernels_simd_4xm/kernel_ElecRF_VdwLJCombGeom_VgrpF.cpp
> src/gromacs/nbnxm/kernels_simd_4xm/kernel_ElecRF_VdwLJCombLB_F.cpp
> src/gromacs/nbnxm/kernels_simd_4xm/kernel_ElecRF_VdwLJCombLB_VF.cpp
> src/gromacs/nbnxm/kernels_simd_4xm/kernel_ElecRF_VdwLJCombLB_VgrpF.cpp
> src/gromacs/nbnxm/kernels_simd_4xm/kernel_ElecRF_VdwLJEwCombGeom_F.cpp
> src/gromacs/nbnxm/kernels_simd_4xm/kernel_ElecRF_VdwLJEwCombGeom_VF.cpp
> src/gromacs/nbnxm/kernels_simd_4xm/kernel_ElecRF_VdwLJEwCombGeom_VgrpF.cpp
> src/gromacs/nbnxm/kernels_simd_4xm/kernel_ElecRF_VdwLJ_F.cpp
> src/gromacs/nbnxm/kernels_simd_4xm/kernel_ElecRF_VdwLJFSw_F.cpp
> src/gromacs/nbnxm/kernels_simd_4xm/kernel_ElecRF_VdwLJFSw_VF.cpp
> src/gromacs/nbnxm/kernels_simd_4xm/kernel_ElecRF_VdwLJFSw_VgrpF.cpp
> src/gromacs/nbnxm/kernels_simd_4xm/kernel_ElecRF_VdwLJPSw_F.cpp
> src/gromacs/nbnxm/kernels_simd_4xm/kernel_ElecRF_VdwLJPSw_VF.cpp
> src/gromacs/nbnxm/kernels_simd_4xm/kernel_ElecRF_VdwLJPSw_VgrpF.cpp
> src/gromacs/nbnxm/kernels_simd_4xm/kernel_ElecRF_VdwLJ_VF.cpp
> src/gromacs/nbnxm/kernels_simd_4xm/kernel_ElecRF_VdwLJ_VgrpF.cpp
> src/gromacs/nbnxm/kernels_simd_4xm/kernels.h
> src/gromacs/nbnxm/nbnxm.cpp
> src/gromacs/nbnxm/nbnxm_enums.h
> src/gromacs/nbnxm/nbnxm_geometry.cpp
> src/gromacs/nbnxm/nbnxm_geometry.h
> src/gromacs/nbnxm/nbnxm_gpu_buffer_ops.cpp
> src/gromacs/nbnxm/nbnxm_gpu_buffer_ops_internal.h
> src/gromacs/nbnxm/nbnxm_gpu_data_mgmt.cpp
> src/gromacs/nbnxm/nbnxm_gpu_data_mgmt.h
> src/gromacs/nbnxm/nbnxm_gpu.h
> src/gromacs/nbnxm/nbnxm.h
> src/gromacs/nbnxm/nbnxm_kernel_utils.h
> src/gromacs/nbnxm/nbnxm_setup.cpp
> src/gromacs/nbnxm/nbnxm_simd.h
> src/gromacs/nbnxm/opencl/nbnxm_gpu_buffer_ops_internal_ocl.cpp
> src/gromacs/nbnxm/opencl/nbnxm_ocl_consts.h
> src/gromacs/nbnxm/opencl/nbnxm_ocl.cpp
> src/gromacs/nbnxm/opencl/nbnxm_ocl_data_mgmt.cpp
> src/gromacs/nbnxm/opencl/nbnxm_ocl_jit_support.cpp
> src/gromacs/nbnxm/opencl/nbnxm_ocl_types.h
> src/gromacs/nbnxm/pairlist.cpp
> src/gromacs/nbnxm/pairlist.h
> src/gromacs/nbnxm/pairlist_imask.h
> src/gromacs/nbnxm/pairlistparams.cpp
> src/gromacs/nbnxm/pairlistparams.h
> src/gromacs/nbnxm/pairlistset.cpp
> src/gromacs/nbnxm/pairlistset.h
> src/gromacs/nbnxm/pairlistsets.h
> src/gromacs/nbnxm/pairlist_simd_kernel.cpp
> src/gromacs/nbnxm/pairlist_simd_kernel.h
> src/gromacs/nbnxm/pairlist_tuning.cpp
> src/gromacs/nbnxm/pairlist_tuning.h
> src/gromacs/nbnxm/pairlistwork.cpp
> src/gromacs/nbnxm/pairlistwork.h
> src/gromacs/nbnxm/pairsearch.cpp
> src/gromacs/nbnxm/pairsearch.h
> src/gromacs/nbnxm/prunekerneldispatch.cpp
> src/gromacs/nbnxm/simd_coulomb_functions.h
> src/gromacs/nbnxm/simd_diagonal_masker.h
> src/gromacs/nbnxm/simd_energy_accumulator.cpp
> src/gromacs/nbnxm/simd_energy_accumulator.h
> src/gromacs/nbnxm/simd_kernel.h
> src/gromacs/nbnxm/simd_kernel_inner.h
> src/gromacs/nbnxm/simd_lennardjones_functions.h
> src/gromacs/nbnxm/simd_load_store_functions.h
> src/gromacs/nbnxm/simd_prune_kernel.cpp
> src/gromacs/nbnxm/simd_prune_kernel.h
> src/gromacs/nbnxm/sycl/nbnxm_gpu_buffer_ops_internal_sycl.cpp
> src/gromacs/nbnxm/sycl/nbnxm_sycl.cpp
> src/gromacs/nbnxm/sycl/nbnxm_sycl_data_mgmt.cpp
> src/gromacs/nbnxm/sycl/nbnxm_sycl_kernel_body_f_noprune.cpp
> src/gromacs/nbnxm/sycl/nbnxm_sycl_kernel_body_f_prune.cpp
> src/gromacs/nbnxm/sycl/nbnxm_sycl_kernel_body_fv_noprune.cpp
> src/gromacs/nbnxm/sycl/nbnxm_sycl_kernel_body_fv_prune.cpp
> src/gromacs/nbnxm/sycl/nbnxm_sycl_kernel_body.h
> src/gromacs/nbnxm/sycl/nbnxm_sycl_kernel.cpp
> src/gromacs/nbnxm/sycl/nbnxm_sycl_kernel.h
> src/gromacs/nbnxm/sycl/nbnxm_sycl_kernel_pruneonly.cpp
> src/gromacs/nbnxm/sycl/nbnxm_sycl_kernel_pruneonly.h
> src/gromacs/nbnxm/sycl/nbnxm_sycl_kernel_utils.h
> src/gromacs/nbnxm/sycl/nbnxm_sycl_types.h
> src/gromacs/nbnxm/tests/exclusions.cpp
> src/gromacs/nbnxm/tests/kernelsetup.cpp
> src/gromacs/nbnxm/tests/kernel_test.cpp
> src/gromacs/nbnxm/tests/pairlist.cpp
> src/gromacs/nbnxm/tests/simd_energy_accumulator.cpp
> src/gromacs/nbnxm/tests/spc81_coords.h
> src/gromacs/nbnxm/tests/testsystem.cpp
> src/gromacs/nbnxm/tests/testsystem.h
> src/gromacs/onlinehelp_doc.h
1276d2284
< src/gromacs/options/abstractoption.h
1277a2286,2287
> src/gromacs/options/abstractsection.cpp
> src/gromacs/options/abstractsection.h
1279d2288
< src/gromacs/options/basicoptions.h
1284d2292
< src/gromacs/options/filenameoption.h
1286d2293
< src/gromacs/options/filenameoptionmanager.h
1288,1292c2295
< src/gromacs/options.h
< src/gromacs/options/ioptionsbehavior.h
< src/gromacs/options/ioptionscontainer.h
< src/gromacs/options/optionfiletype.h
< src/gromacs/options/optionflags.h
---
> src/gromacs/options/isectionstorage.h
1297,1298c2300,2302
< src/gromacs/options/options.h
< src/gromacs/options/options-impl.h
---
> src/gromacs/options/optionsection.cpp
> src/gromacs/options/optionsection.h
> src/gromacs/options/options_impl.h
1301a2306
> src/gromacs/options/repeatingsection.h
1306a2312
> src/gromacs/options/tests/repeatingsection.cpp
1307a2314
> src/gromacs/options/tests/treesupport.cpp
1309c2316,2319
< src/gromacs/options/timeunitmanager.h
---
> src/gromacs/options/treesupport.cpp
> src/gromacs/options/treesupport.h
> src/gromacs/options/valueconverter.h
> src/gromacs/options/valuestore.h
1311,1312c2321,2331
< src/gromacs/pbcutil/boxutilities.h
< src/gromacs/pbcutil/ishift.h
---
> src/gromacs/pbcutil/com.cpp
> src/gromacs/pbcutil/include/gromacs/pbcutil/boxutilities.h
> src/gromacs/pbcutil/include/gromacs/pbcutil/com.h
> src/gromacs/pbcutil/include/gromacs/pbcutil/ishift.h
> src/gromacs/pbcutil/include/gromacs/pbcutil/mshift.h
> src/gromacs/pbcutil/include/gromacs/pbcutil/pbc_aiuc.h
> src/gromacs/pbcutil/include/gromacs/pbcutil/pbc_aiuc_sycl.h
> src/gromacs/pbcutil/include/gromacs/pbcutil/pbcenums.h
> src/gromacs/pbcutil/include/gromacs/pbcutil/pbcmethods.h
> src/gromacs/pbcutil/include/gromacs/pbcutil/pbc_simd.h
> src/gromacs/pbcutil/include/gromacs/pbcutil/rmpbc.h
1314d2332
< src/gromacs/pbcutil/mshift.h
1316,1318c2334,2336
< src/gromacs/pbcutil/pbc.h
< src/gromacs/pbcutil/pbc-simd.cpp
< src/gromacs/pbcutil/pbc-simd.h
---
> src/gromacs/pbcutil/pbcenums.cpp
> src/gromacs/pbcutil/pbcmethods.cpp
> src/gromacs/pbcutil/pbc_simd.cpp
1320c2338,2347
< src/gromacs/pbcutil/rmpbc.h
---
> src/gromacs/pbcutil/tests/com.cpp
> src/gromacs/pbcutil/tests/mshift.cpp
> src/gromacs/pbcutil/tests/pbc.cpp
> src/gromacs/pbcutil/tests/pbcenums.cpp
> src/gromacs/pulling/include/gromacs/pulling/pull.h
> src/gromacs/pulling/include/gromacs/pulling/pull_rotation.h
> src/gromacs/pulling/output.cpp
> src/gromacs/pulling/output.h
> src/gromacs/pulling/pullcoordexpressionparser.cpp
> src/gromacs/pulling/pullcoordexpressionparser.h
1322d2348
< src/gromacs/pulling/pull.h
1325d2350
< src/gromacs/pulling/pull_rotation.h
1327a2353,2354
> src/gromacs/pulling/transformationcoordinate.cpp
> src/gromacs/pulling/transformationcoordinate.h
1330d2356
< src/gromacs/random.h
1346a2373,2378
> src/gromacs/restraint/manager.cpp
> src/gromacs/restraint/manager.h
> src/gromacs/restraint/restraintmdmodule.cpp
> src/gromacs/restraint/restraintmdmodule.h
> src/gromacs/restraint/restraintmdmodule_impl.h
> src/gromacs/restraint/tests/manager.cpp
1353d2384
< src/gromacs/selection.h
1355d2385
< src/gromacs/selection/indexutil.h
1360d2389
< src/gromacs/selection/nbsearch.h
1370d2398
< src/gromacs/selection/position.h
1377,1378c2405
< src/gromacs/selection/selectioncollection.h
< src/gromacs/selection/selectioncollection-impl.h
---
> src/gromacs/selection/selectioncollection_impl.h
1380d2406
< src/gromacs/selection/selectionenums.h
1383d2408
< src/gromacs/selection/selection.h
1385d2409
< src/gromacs/selection/selectionoptionbehavior.h
1387d2410
< src/gromacs/selection/selectionoption.h
1389d2411
< src/gromacs/selection/selectionoptionmanager.h
1396a2419
> src/gromacs/selection/selmethod_impl.h
1418,1545c2441,2553
< src/gromacs/simd/impl_arm_neon_asimd/impl_arm_neon_asimd_definitions.h
< src/gromacs/simd/impl_arm_neon_asimd/impl_arm_neon_asimd_general.h
< src/gromacs/simd/impl_arm_neon_asimd/impl_arm_neon_asimd.h
< src/gromacs/simd/impl_arm_neon_asimd/impl_arm_neon_asimd_simd4_float.h
< src/gromacs/simd/impl_arm_neon_asimd/impl_arm_neon_asimd_simd_double.h
< src/gromacs/simd/impl_arm_neon_asimd/impl_arm_neon_asimd_simd_float.h
< src/gromacs/simd/impl_arm_neon_asimd/impl_arm_neon_asimd_util_double.h
< src/gromacs/simd/impl_arm_neon_asimd/impl_arm_neon_asimd_util_float.h
< src/gromacs/simd/impl_arm_neon/impl_arm_neon_definitions.h
< src/gromacs/simd/impl_arm_neon/impl_arm_neon_general.h
< src/gromacs/simd/impl_arm_neon/impl_arm_neon.h
< src/gromacs/simd/impl_arm_neon/impl_arm_neon_simd4_float.h
< src/gromacs/simd/impl_arm_neon/impl_arm_neon_simd_float.h
< src/gromacs/simd/impl_arm_neon/impl_arm_neon_util_float.h
< src/gromacs/simd/impl_ibm_qpx/impl_ibm_qpx_definitions.h
< src/gromacs/simd/impl_ibm_qpx/impl_ibm_qpx_general.h
< src/gromacs/simd/impl_ibm_qpx/impl_ibm_qpx.h
< src/gromacs/simd/impl_ibm_qpx/impl_ibm_qpx_simd4_double.h
< src/gromacs/simd/impl_ibm_qpx/impl_ibm_qpx_simd4_float.h
< src/gromacs/simd/impl_ibm_qpx/impl_ibm_qpx_simd_double.h
< src/gromacs/simd/impl_ibm_qpx/impl_ibm_qpx_simd_float.h
< src/gromacs/simd/impl_ibm_qpx/impl_ibm_qpx_util_double.h
< src/gromacs/simd/impl_ibm_qpx/impl_ibm_qpx_util_float.h
< src/gromacs/simd/impl_ibm_vmx/impl_ibm_vmx_definitions.h
< src/gromacs/simd/impl_ibm_vmx/impl_ibm_vmx_general.h
< src/gromacs/simd/impl_ibm_vmx/impl_ibm_vmx.h
< src/gromacs/simd/impl_ibm_vmx/impl_ibm_vmx_simd4_float.h
< src/gromacs/simd/impl_ibm_vmx/impl_ibm_vmx_simd_float.h
< src/gromacs/simd/impl_ibm_vmx/impl_ibm_vmx_util_float.h
< src/gromacs/simd/impl_ibm_vsx/impl_ibm_vsx_definitions.h
< src/gromacs/simd/impl_ibm_vsx/impl_ibm_vsx_general.h
< src/gromacs/simd/impl_ibm_vsx/impl_ibm_vsx.h
< src/gromacs/simd/impl_ibm_vsx/impl_ibm_vsx_simd4_float.h
< src/gromacs/simd/impl_ibm_vsx/impl_ibm_vsx_simd_double.h
< src/gromacs/simd/impl_ibm_vsx/impl_ibm_vsx_simd_float.h
< src/gromacs/simd/impl_ibm_vsx/impl_ibm_vsx_util_double.h
< src/gromacs/simd/impl_ibm_vsx/impl_ibm_vsx_util_float.h
< src/gromacs/simd/impl_none/impl_none.h
< src/gromacs/simd/impl_reference/impl_reference_definitions.h
< src/gromacs/simd/impl_reference/impl_reference_general.h
< src/gromacs/simd/impl_reference/impl_reference.h
< src/gromacs/simd/impl_reference/impl_reference_simd4_double.h
< src/gromacs/simd/impl_reference/impl_reference_simd4_float.h
< src/gromacs/simd/impl_reference/impl_reference_simd_double.h
< src/gromacs/simd/impl_reference/impl_reference_simd_float.h
< src/gromacs/simd/impl_reference/impl_reference_util_double.h
< src/gromacs/simd/impl_reference/impl_reference_util_float.h
< src/gromacs/simd/impl_sparc64_hpc_ace/impl_sparc64_hpc_ace_common.h
< src/gromacs/simd/impl_sparc64_hpc_ace/impl_sparc64_hpc_ace.h
< src/gromacs/simd/impl_sparc64_hpc_ace/impl_sparc64_hpc_ace_simd_double.h
< src/gromacs/simd/impl_sparc64_hpc_ace/impl_sparc64_hpc_ace_simd_float.h
< src/gromacs/simd/impl_x86_avx_128_fma/impl_x86_avx_128_fma_definitions.h
< src/gromacs/simd/impl_x86_avx_128_fma/impl_x86_avx_128_fma_general.h
< src/gromacs/simd/impl_x86_avx_128_fma/impl_x86_avx_128_fma.h
< src/gromacs/simd/impl_x86_avx_128_fma/impl_x86_avx_128_fma_simd4_double.h
< src/gromacs/simd/impl_x86_avx_128_fma/impl_x86_avx_128_fma_simd4_float.h
< src/gromacs/simd/impl_x86_avx_128_fma/impl_x86_avx_128_fma_simd_double.h
< src/gromacs/simd/impl_x86_avx_128_fma/impl_x86_avx_128_fma_simd_float.h
< src/gromacs/simd/impl_x86_avx_128_fma/impl_x86_avx_128_fma_util_double.h
< src/gromacs/simd/impl_x86_avx_128_fma/impl_x86_avx_128_fma_util_float.h
< src/gromacs/simd/impl_x86_avx2_256/impl_x86_avx2_256_definitions.h
< src/gromacs/simd/impl_x86_avx2_256/impl_x86_avx2_256_general.h
< src/gromacs/simd/impl_x86_avx2_256/impl_x86_avx2_256.h
< src/gromacs/simd/impl_x86_avx2_256/impl_x86_avx2_256_simd4_double.h
< src/gromacs/simd/impl_x86_avx2_256/impl_x86_avx2_256_simd4_float.h
< src/gromacs/simd/impl_x86_avx2_256/impl_x86_avx2_256_simd_double.h
< src/gromacs/simd/impl_x86_avx2_256/impl_x86_avx2_256_simd_float.h
< src/gromacs/simd/impl_x86_avx2_256/impl_x86_avx2_256_util_double.h
< src/gromacs/simd/impl_x86_avx2_256/impl_x86_avx2_256_util_float.h
< src/gromacs/simd/impl_x86_avx_256/impl_x86_avx_256_definitions.h
< src/gromacs/simd/impl_x86_avx_256/impl_x86_avx_256_general.h
< src/gromacs/simd/impl_x86_avx_256/impl_x86_avx_256.h
< src/gromacs/simd/impl_x86_avx_256/impl_x86_avx_256_simd4_double.h
< src/gromacs/simd/impl_x86_avx_256/impl_x86_avx_256_simd4_float.h
< src/gromacs/simd/impl_x86_avx_256/impl_x86_avx_256_simd_double.h
< src/gromacs/simd/impl_x86_avx_256/impl_x86_avx_256_simd_float.h
< src/gromacs/simd/impl_x86_avx_256/impl_x86_avx_256_util_double.h
< src/gromacs/simd/impl_x86_avx_256/impl_x86_avx_256_util_float.h
< src/gromacs/simd/impl_x86_avx_512/impl_x86_avx_512_definitions.h
< src/gromacs/simd/impl_x86_avx_512/impl_x86_avx_512_general.h
< src/gromacs/simd/impl_x86_avx_512/impl_x86_avx_512.h
< src/gromacs/simd/impl_x86_avx_512/impl_x86_avx_512_simd4_double.h
< src/gromacs/simd/impl_x86_avx_512/impl_x86_avx_512_simd4_float.h
< src/gromacs/simd/impl_x86_avx_512/impl_x86_avx_512_simd_double.h
< src/gromacs/simd/impl_x86_avx_512/impl_x86_avx_512_simd_float.h
< src/gromacs/simd/impl_x86_avx_512/impl_x86_avx_512_util_double.h
< src/gromacs/simd/impl_x86_avx_512/impl_x86_avx_512_util_float.h
< src/gromacs/simd/impl_x86_avx_512_knl/impl_x86_avx_512_knl_definitions.h
< src/gromacs/simd/impl_x86_avx_512_knl/impl_x86_avx_512_knl_general.h
< src/gromacs/simd/impl_x86_avx_512_knl/impl_x86_avx_512_knl.h
< src/gromacs/simd/impl_x86_avx_512_knl/impl_x86_avx_512_knl_simd4_double.h
< src/gromacs/simd/impl_x86_avx_512_knl/impl_x86_avx_512_knl_simd4_float.h
< src/gromacs/simd/impl_x86_avx_512_knl/impl_x86_avx_512_knl_simd_double.h
< src/gromacs/simd/impl_x86_avx_512_knl/impl_x86_avx_512_knl_simd_float.h
< src/gromacs/simd/impl_x86_avx_512_knl/impl_x86_avx_512_knl_util_double.h
< src/gromacs/simd/impl_x86_avx_512_knl/impl_x86_avx_512_knl_util_float.h
< src/gromacs/simd/impl_x86_mic/impl_x86_mic_definitions.h
< src/gromacs/simd/impl_x86_mic/impl_x86_mic_general.h
< src/gromacs/simd/impl_x86_mic/impl_x86_mic.h
< src/gromacs/simd/impl_x86_mic/impl_x86_mic_simd4_double.h
< src/gromacs/simd/impl_x86_mic/impl_x86_mic_simd4_float.h
< src/gromacs/simd/impl_x86_mic/impl_x86_mic_simd_double.h
< src/gromacs/simd/impl_x86_mic/impl_x86_mic_simd_float.h
< src/gromacs/simd/impl_x86_mic/impl_x86_mic_util_double.h
< src/gromacs/simd/impl_x86_mic/impl_x86_mic_util_float.h
< src/gromacs/simd/impl_x86_sse2/impl_x86_sse2_definitions.h
< src/gromacs/simd/impl_x86_sse2/impl_x86_sse2_general.h
< src/gromacs/simd/impl_x86_sse2/impl_x86_sse2.h
< src/gromacs/simd/impl_x86_sse2/impl_x86_sse2_simd4_float.h
< src/gromacs/simd/impl_x86_sse2/impl_x86_sse2_simd_double.h
< src/gromacs/simd/impl_x86_sse2/impl_x86_sse2_simd_float.h
< src/gromacs/simd/impl_x86_sse2/impl_x86_sse2_util_double.h
< src/gromacs/simd/impl_x86_sse2/impl_x86_sse2_util_float.h
< src/gromacs/simd/impl_x86_sse4_1/impl_x86_sse4_1_definitions.h
< src/gromacs/simd/impl_x86_sse4_1/impl_x86_sse4_1_general.h
< src/gromacs/simd/impl_x86_sse4_1/impl_x86_sse4_1.h
< src/gromacs/simd/impl_x86_sse4_1/impl_x86_sse4_1_simd4_float.h
< src/gromacs/simd/impl_x86_sse4_1/impl_x86_sse4_1_simd_double.h
< src/gromacs/simd/impl_x86_sse4_1/impl_x86_sse4_1_simd_float.h
< src/gromacs/simd/impl_x86_sse4_1/impl_x86_sse4_1_util_double.h
< src/gromacs/simd/impl_x86_sse4_1/impl_x86_sse4_1_util_float.h
< src/gromacs/simd/scalar/scalar.h
< src/gromacs/simd/scalar/scalar_math.h
< src/gromacs/simd/scalar/scalar_util.h
< src/gromacs/simd/simd.h
< src/gromacs/simd/simd_math.h
< src/gromacs/simd/support.cpp
< src/gromacs/simd/support.h
---
> src/gromacs/simd/include/gromacs/simd/hsimd_declarations.h
> src/gromacs/simd/include/gromacs/simd/impl_arm_neon_asimd/impl_arm_neon_asimd_definitions.h
> src/gromacs/simd/include/gromacs/simd/impl_arm_neon_asimd/impl_arm_neon_asimd_general.h
> src/gromacs/simd/include/gromacs/simd/impl_arm_neon_asimd/impl_arm_neon_asimd.h
> src/gromacs/simd/include/gromacs/simd/impl_arm_neon_asimd/impl_arm_neon_asimd_simd4_float.h
> src/gromacs/simd/include/gromacs/simd/impl_arm_neon_asimd/impl_arm_neon_asimd_simd_double.h
> src/gromacs/simd/include/gromacs/simd/impl_arm_neon_asimd/impl_arm_neon_asimd_simd_float.h
> src/gromacs/simd/include/gromacs/simd/impl_arm_neon_asimd/impl_arm_neon_asimd_util_double.h
> src/gromacs/simd/include/gromacs/simd/impl_arm_neon_asimd/impl_arm_neon_asimd_util_float.h
> src/gromacs/simd/include/gromacs/simd/impl_arm_sve/impl_arm_sve_definitions.h
> src/gromacs/simd/include/gromacs/simd/impl_arm_sve/impl_arm_sve_general.h
> src/gromacs/simd/include/gromacs/simd/impl_arm_sve/impl_arm_sve.h
> src/gromacs/simd/include/gromacs/simd/impl_arm_sve/impl_arm_sve_simd4_double.h
> src/gromacs/simd/include/gromacs/simd/impl_arm_sve/impl_arm_sve_simd4_float.h
> src/gromacs/simd/include/gromacs/simd/impl_arm_sve/impl_arm_sve_simd_double.h
> src/gromacs/simd/include/gromacs/simd/impl_arm_sve/impl_arm_sve_simd_float.h
> src/gromacs/simd/include/gromacs/simd/impl_arm_sve/impl_arm_sve_util_double.h
> src/gromacs/simd/include/gromacs/simd/impl_arm_sve/impl_arm_sve_util_float.h
> src/gromacs/simd/include/gromacs/simd/impl_ibm_vsx/impl_ibm_vsx_definitions.h
> src/gromacs/simd/include/gromacs/simd/impl_ibm_vsx/impl_ibm_vsx_general.h
> src/gromacs/simd/include/gromacs/simd/impl_ibm_vsx/impl_ibm_vsx.h
> src/gromacs/simd/include/gromacs/simd/impl_ibm_vsx/impl_ibm_vsx_simd4_float.h
> src/gromacs/simd/include/gromacs/simd/impl_ibm_vsx/impl_ibm_vsx_simd_double.h
> src/gromacs/simd/include/gromacs/simd/impl_ibm_vsx/impl_ibm_vsx_simd_float.h
> src/gromacs/simd/include/gromacs/simd/impl_ibm_vsx/impl_ibm_vsx_util_double.h
> src/gromacs/simd/include/gromacs/simd/impl_ibm_vsx/impl_ibm_vsx_util_float.h
> src/gromacs/simd/include/gromacs/simd/impl_none/impl_none.h
> src/gromacs/simd/include/gromacs/simd/impl_reference/impl_reference_definitions.h
> src/gromacs/simd/include/gromacs/simd/impl_reference/impl_reference_general.h
> src/gromacs/simd/include/gromacs/simd/impl_reference/impl_reference.h
> src/gromacs/simd/include/gromacs/simd/impl_reference/impl_reference_simd4_double.h
> src/gromacs/simd/include/gromacs/simd/impl_reference/impl_reference_simd4_float.h
> src/gromacs/simd/include/gromacs/simd/impl_reference/impl_reference_simd_double.h
> src/gromacs/simd/include/gromacs/simd/impl_reference/impl_reference_simd_float.h
> src/gromacs/simd/include/gromacs/simd/impl_reference/impl_reference_util_double.h
> src/gromacs/simd/include/gromacs/simd/impl_reference/impl_reference_util_float.h
> src/gromacs/simd/include/gromacs/simd/impl_x86_avx_128_fma/impl_x86_avx_128_fma_definitions.h
> src/gromacs/simd/include/gromacs/simd/impl_x86_avx_128_fma/impl_x86_avx_128_fma_general.h
> src/gromacs/simd/include/gromacs/simd/impl_x86_avx_128_fma/impl_x86_avx_128_fma.h
> src/gromacs/simd/include/gromacs/simd/impl_x86_avx_128_fma/impl_x86_avx_128_fma_simd4_double.h
> src/gromacs/simd/include/gromacs/simd/impl_x86_avx_128_fma/impl_x86_avx_128_fma_simd4_float.h
> src/gromacs/simd/include/gromacs/simd/impl_x86_avx_128_fma/impl_x86_avx_128_fma_simd_double.h
> src/gromacs/simd/include/gromacs/simd/impl_x86_avx_128_fma/impl_x86_avx_128_fma_simd_float.h
> src/gromacs/simd/include/gromacs/simd/impl_x86_avx_128_fma/impl_x86_avx_128_fma_util_double.h
> src/gromacs/simd/include/gromacs/simd/impl_x86_avx_128_fma/impl_x86_avx_128_fma_util_float.h
> src/gromacs/simd/include/gromacs/simd/impl_x86_avx2_128/impl_x86_avx2_128_definitions.h
> src/gromacs/simd/include/gromacs/simd/impl_x86_avx2_128/impl_x86_avx2_128_general.h
> src/gromacs/simd/include/gromacs/simd/impl_x86_avx2_128/impl_x86_avx2_128.h
> src/gromacs/simd/include/gromacs/simd/impl_x86_avx2_128/impl_x86_avx2_128_simd4_double.h
> src/gromacs/simd/include/gromacs/simd/impl_x86_avx2_128/impl_x86_avx2_128_simd4_float.h
> src/gromacs/simd/include/gromacs/simd/impl_x86_avx2_128/impl_x86_avx2_128_simd_double.h
> src/gromacs/simd/include/gromacs/simd/impl_x86_avx2_128/impl_x86_avx2_128_simd_float.h
> src/gromacs/simd/include/gromacs/simd/impl_x86_avx2_128/impl_x86_avx2_128_util_double.h
> src/gromacs/simd/include/gromacs/simd/impl_x86_avx2_128/impl_x86_avx2_128_util_float.h
> src/gromacs/simd/include/gromacs/simd/impl_x86_avx2_256/impl_x86_avx2_256_definitions.h
> src/gromacs/simd/include/gromacs/simd/impl_x86_avx2_256/impl_x86_avx2_256_general.h
> src/gromacs/simd/include/gromacs/simd/impl_x86_avx2_256/impl_x86_avx2_256.h
> src/gromacs/simd/include/gromacs/simd/impl_x86_avx2_256/impl_x86_avx2_256_simd4_double.h
> src/gromacs/simd/include/gromacs/simd/impl_x86_avx2_256/impl_x86_avx2_256_simd4_float.h
> src/gromacs/simd/include/gromacs/simd/impl_x86_avx2_256/impl_x86_avx2_256_simd_double.h
> src/gromacs/simd/include/gromacs/simd/impl_x86_avx2_256/impl_x86_avx2_256_simd_float.h
> src/gromacs/simd/include/gromacs/simd/impl_x86_avx2_256/impl_x86_avx2_256_util_double.h
> src/gromacs/simd/include/gromacs/simd/impl_x86_avx2_256/impl_x86_avx2_256_util_float.h
> src/gromacs/simd/include/gromacs/simd/impl_x86_avx_256/impl_x86_avx_256_definitions.h
> src/gromacs/simd/include/gromacs/simd/impl_x86_avx_256/impl_x86_avx_256_general.h
> src/gromacs/simd/include/gromacs/simd/impl_x86_avx_256/impl_x86_avx_256.h
> src/gromacs/simd/include/gromacs/simd/impl_x86_avx_256/impl_x86_avx_256_simd4_double.h
> src/gromacs/simd/include/gromacs/simd/impl_x86_avx_256/impl_x86_avx_256_simd4_float.h
> src/gromacs/simd/include/gromacs/simd/impl_x86_avx_256/impl_x86_avx_256_simd_double.h
> src/gromacs/simd/include/gromacs/simd/impl_x86_avx_256/impl_x86_avx_256_simd_float.h
> src/gromacs/simd/include/gromacs/simd/impl_x86_avx_256/impl_x86_avx_256_util_double.h
> src/gromacs/simd/include/gromacs/simd/impl_x86_avx_256/impl_x86_avx_256_util_float.h
> src/gromacs/simd/include/gromacs/simd/impl_x86_avx_512/impl_x86_avx_512_definitions.h
> src/gromacs/simd/include/gromacs/simd/impl_x86_avx_512/impl_x86_avx_512_general.h
> src/gromacs/simd/include/gromacs/simd/impl_x86_avx_512/impl_x86_avx_512.h
> src/gromacs/simd/include/gromacs/simd/impl_x86_avx_512/impl_x86_avx_512_simd4_double.h
> src/gromacs/simd/include/gromacs/simd/impl_x86_avx_512/impl_x86_avx_512_simd4_float.h
> src/gromacs/simd/include/gromacs/simd/impl_x86_avx_512/impl_x86_avx_512_simd_double.h
> src/gromacs/simd/include/gromacs/simd/impl_x86_avx_512/impl_x86_avx_512_simd_float.h
> src/gromacs/simd/include/gromacs/simd/impl_x86_avx_512/impl_x86_avx_512_util_double.h
> src/gromacs/simd/include/gromacs/simd/impl_x86_avx_512/impl_x86_avx_512_util_float.h
> src/gromacs/simd/include/gromacs/simd/impl_x86_avx_512_knl/impl_x86_avx_512_knl_definitions.h
> src/gromacs/simd/include/gromacs/simd/impl_x86_avx_512_knl/impl_x86_avx_512_knl_general.h
> src/gromacs/simd/include/gromacs/simd/impl_x86_avx_512_knl/impl_x86_avx_512_knl.h
> src/gromacs/simd/include/gromacs/simd/impl_x86_avx_512_knl/impl_x86_avx_512_knl_simd4_double.h
> src/gromacs/simd/include/gromacs/simd/impl_x86_avx_512_knl/impl_x86_avx_512_knl_simd4_float.h
> src/gromacs/simd/include/gromacs/simd/impl_x86_avx_512_knl/impl_x86_avx_512_knl_simd_double.h
> src/gromacs/simd/include/gromacs/simd/impl_x86_avx_512_knl/impl_x86_avx_512_knl_simd_float.h
> src/gromacs/simd/include/gromacs/simd/impl_x86_avx_512_knl/impl_x86_avx_512_knl_util_double.h
> src/gromacs/simd/include/gromacs/simd/impl_x86_avx_512_knl/impl_x86_avx_512_knl_util_float.h
> src/gromacs/simd/include/gromacs/simd/impl_x86_sse2/impl_x86_sse2_definitions.h
> src/gromacs/simd/include/gromacs/simd/impl_x86_sse2/impl_x86_sse2_general.h
> src/gromacs/simd/include/gromacs/simd/impl_x86_sse2/impl_x86_sse2.h
> src/gromacs/simd/include/gromacs/simd/impl_x86_sse2/impl_x86_sse2_simd4_float.h
> src/gromacs/simd/include/gromacs/simd/impl_x86_sse2/impl_x86_sse2_simd_double.h
> src/gromacs/simd/include/gromacs/simd/impl_x86_sse2/impl_x86_sse2_simd_float.h
> src/gromacs/simd/include/gromacs/simd/impl_x86_sse2/impl_x86_sse2_util_double.h
> src/gromacs/simd/include/gromacs/simd/impl_x86_sse2/impl_x86_sse2_util_float.h
> src/gromacs/simd/include/gromacs/simd/impl_x86_sse4_1/impl_x86_sse4_1_definitions.h
> src/gromacs/simd/include/gromacs/simd/impl_x86_sse4_1/impl_x86_sse4_1_general.h
> src/gromacs/simd/include/gromacs/simd/impl_x86_sse4_1/impl_x86_sse4_1.h
> src/gromacs/simd/include/gromacs/simd/impl_x86_sse4_1/impl_x86_sse4_1_simd4_float.h
> src/gromacs/simd/include/gromacs/simd/impl_x86_sse4_1/impl_x86_sse4_1_simd_double.h
> src/gromacs/simd/include/gromacs/simd/impl_x86_sse4_1/impl_x86_sse4_1_simd_float.h
> src/gromacs/simd/include/gromacs/simd/impl_x86_sse4_1/impl_x86_sse4_1_util_double.h
> src/gromacs/simd/include/gromacs/simd/impl_x86_sse4_1/impl_x86_sse4_1_util_float.h
> src/gromacs/simd/include/gromacs/simd/scalar/scalar.h
> src/gromacs/simd/include/gromacs/simd/scalar/scalar_math.h
> src/gromacs/simd/include/gromacs/simd/scalar/scalar_util.h
> src/gromacs/simd/include/gromacs/simd/simd.h
> src/gromacs/simd/include/gromacs/simd/simd_math.h
> src/gromacs/simd/include/gromacs/simd/simd_memory.h
> src/gromacs/simd/include/gromacs/simd/vector_operations.h
1548a2557
> src/gromacs/simd/tests/data.h
1562a2572
> src/gromacs/simd/tests/simd_memory.cpp
1564d2573
< src/gromacs/simd/vector_operations.h
1568a2578,2579
> src/gromacs/tables/cubicsplinetable.cpp
> src/gromacs/tables/cubicsplinetable.h
1570a2582,2602
> src/gromacs/tables/quadraticsplinetable.cpp
> src/gromacs/tables/quadraticsplinetable.h
> src/gromacs/tables/splineutil.cpp
> src/gromacs/tables/splineutil.h
> src/gromacs/tables/tableinput.h
> src/gromacs/tables/tests/splinetable.cpp
> src/gromacs/taskassignment/decidegpuusage.cpp
> src/gromacs/taskassignment/decidesimulationworkload.cpp
> src/gromacs/taskassignment/findallgputasks.cpp
> src/gromacs/taskassignment/findallgputasks.h
> src/gromacs/taskassignment/include/gromacs/taskassignment/decidegpuusage.h
> src/gromacs/taskassignment/include/gromacs/taskassignment/decidesimulationworkload.h
> src/gromacs/taskassignment/include/gromacs/taskassignment/resourcedivision.h
> src/gromacs/taskassignment/include/gromacs/taskassignment/taskassignment.h
> src/gromacs/taskassignment/include/gromacs/taskassignment/usergpuids.h
> src/gromacs/taskassignment/reportgpuusage.cpp
> src/gromacs/taskassignment/reportgpuusage.h
> src/gromacs/taskassignment/resourcedivision.cpp
> src/gromacs/taskassignment/taskassignment.cpp
> src/gromacs/taskassignment/tests/usergpuids.cpp
> src/gromacs/taskassignment/usergpuids.cpp
1572,1573c2604,2610
< src/gromacs/timing/cyclecounter.h
< src/gromacs/timing/gpu_timing.h
---
> src/gromacs/timing/include/gromacs/timing/cyclecounter.h
> src/gromacs/timing/include/gromacs/timing/gpu_timing.h
> src/gromacs/timing/include/gromacs/timing/instrumentation.h
> src/gromacs/timing/include/gromacs/timing/wallcycle.h
> src/gromacs/timing/include/gromacs/timing/wallcyclereporting.h
> src/gromacs/timing/include/gromacs/timing/walltime_accounting.h
> src/gromacs/timing/tests/timing.cpp
1575,1576d2611
< src/gromacs/timing/wallcycle.h
< src/gromacs/timing/wallcyclereporting.h
1578d2612
< src/gromacs/timing/walltime_accounting.h
1581,1582d2614
< src/gromacs/tools/compare.cpp
< src/gromacs/tools/compare.h
1586a2619,2642
> src/gromacs/tools/eneconv.cpp
> src/gromacs/tools/eneconv.h
> src/gromacs/tools/make_ndx.cpp
> src/gromacs/tools/make_ndx.h
> src/gromacs/tools/mk_angndx.cpp
> src/gromacs/tools/mk_angndx.h
> src/gromacs/tools/pme_error.cpp
> src/gromacs/tools/pme_error.h
> src/gromacs/tools/report_methods.cpp
> src/gromacs/tools/report_methods.h
> src/gromacs/tools/tests/convert-tpr.cpp
> src/gromacs/tools/tests/convert-tpr-fixture.h
> src/gromacs/tools/tests/convert-tpr-with-leaks.cpp
> src/gromacs/tools/tests/dump.cpp
> src/gromacs/tools/tests/helpwriting.cpp
> src/gromacs/tools/tests/make_ndx.cpp
> src/gromacs/tools/tests/report_methods.cpp
> src/gromacs/tools/tests/trjconv.cpp
> src/gromacs/tools/trjcat.cpp
> src/gromacs/tools/trjcat.h
> src/gromacs/tools/trjconv.cpp
> src/gromacs/tools/trjconv.h
> src/gromacs/tools/tune_pme.cpp
> src/gromacs/tools/tune_pme.h
1588d2643
< src/gromacs/topology/atomprop.h
1590d2644
< src/gromacs/topology/atomsbuilder.h
1592d2645
< src/gromacs/topology/atoms.h
1594c2647,2648
< src/gromacs/topology/block.h
---
> src/gromacs/topology/exclusionblocks.cpp
> src/gromacs/topology/forcefieldparameters.cpp
1596d2649
< src/gromacs/topology/idef.h
1598c2651,2658
< src/gromacs/topology/ifunc.h
---
> src/gromacs/topology/include/gromacs/topology/atomsbuilder.h
> src/gromacs/topology/include/gromacs/topology/exclusionblocks.h
> src/gromacs/topology/include/gromacs/topology/invblock.h
> src/gromacs/topology/include/gromacs/topology/mtop_atomloops.h
> src/gromacs/topology/include/gromacs/topology/mtop_lookup.h
> src/gromacs/topology/include/gromacs/topology/mtop_util.h
> src/gromacs/topology/include/gromacs/topology/residuetypes.h
> src/gromacs/topology/include/gromacs/topology/topsort.h
1600d2659
< src/gromacs/topology/index.h
1602c2661
< src/gromacs/topology/invblock.h
---
> src/gromacs/topology/mtop_atomloops.cpp
1604d2662
< src/gromacs/topology/mtop_util.h
1606d2663
< src/gromacs/topology/residuetypes.h
1608c2665,2671
< src/gromacs/topology/symtab.h
---
> src/gromacs/topology/tests/atoms.cpp
> src/gromacs/topology/tests/exclusionblocks.cpp
> src/gromacs/topology/tests/idef.cpp
> src/gromacs/topology/tests/index.cpp
> src/gromacs/topology/tests/mtop.cpp
> src/gromacs/topology/tests/symtab.cpp
> src/gromacs/topology/tests/topsort.cpp
1610d2672
< src/gromacs/topology/topology.h
1612d2673
< src/gromacs/topology/topsort.h
1614d2674
< src/gromacs/trajectoryanalysis/analysismodule.h
1616,1617c2676
< src/gromacs/trajectoryanalysis/analysissettings.h
< src/gromacs/trajectoryanalysis/analysissettings-impl.h
---
> src/gromacs/trajectoryanalysis/analysissettings_impl.h
1619,1620d2677
< src/gromacs/trajectoryanalysis/cmdlinerunner.h
< src/gromacs/trajectoryanalysis.h
1622a2680,2681
> src/gromacs/trajectoryanalysis/modules/convert_trj.cpp
> src/gromacs/trajectoryanalysis/modules/convert_trj.h
1625a2685,2688
> src/gromacs/trajectoryanalysis/modules/dssp.cpp
> src/gromacs/trajectoryanalysis/modules/dssp.h
> src/gromacs/trajectoryanalysis/modules/extract_cluster.cpp
> src/gromacs/trajectoryanalysis/modules/extract_cluster.h
1627a2691,2692
> src/gromacs/trajectoryanalysis/modules/gyrate.cpp
> src/gromacs/trajectoryanalysis/modules/gyrate.h
1628a2694,2699
> src/gromacs/trajectoryanalysis/modules/hbond.cpp
> src/gromacs/trajectoryanalysis/modules/hbond.h
> src/gromacs/trajectoryanalysis/modules/isotope.cpp
> src/gromacs/trajectoryanalysis/modules/isotope.h
> src/gromacs/trajectoryanalysis/modules/msd.cpp
> src/gromacs/trajectoryanalysis/modules/msd.h
1634a2706,2715
> src/gromacs/trajectoryanalysis/modules/scattering.cpp
> src/gromacs/trajectoryanalysis/modules/scattering-debye.cpp
> src/gromacs/trajectoryanalysis/modules/scattering-debye.h
> src/gromacs/trajectoryanalysis/modules/scattering-debye-sans.cpp
> src/gromacs/trajectoryanalysis/modules/scattering-debye-sans.h
> src/gromacs/trajectoryanalysis/modules/scattering-debye-saxs.cpp
> src/gromacs/trajectoryanalysis/modules/scattering-debye-saxs.h
> src/gromacs/trajectoryanalysis/modules/scatteringfactors.cpp
> src/gromacs/trajectoryanalysis/modules/scatteringfactors.h
> src/gromacs/trajectoryanalysis/modules/scattering.h
1638a2720,2722
> src/gromacs/trajectoryanalysis/modules/trajectory.cpp
> src/gromacs/trajectoryanalysis/modules/trajectory.h
> src/gromacs/trajectoryanalysis/modules/unionfind.h
1641a2726
> src/gromacs/trajectoryanalysis/tests/clustsize.cpp
1642a2728
> src/gromacs/trajectoryanalysis/tests/convert_trj.cpp
1643a2730,2731
> src/gromacs/trajectoryanalysis/tests/dssp.cpp
> src/gromacs/trajectoryanalysis/tests/extract_cluster.cpp
1644a2733,2734
> src/gromacs/trajectoryanalysis/tests/gyrate.cpp
> src/gromacs/trajectoryanalysis/tests/hbond.cpp
1646a2737
> src/gromacs/trajectoryanalysis/tests/msd.cpp
1649a2741
> src/gromacs/trajectoryanalysis/tests/scattering.cpp
1653,1654c2745,2751
< src/gromacs/trajectory/energy.h
< src/gromacs/trajectory/trajectoryframe.h
---
> src/gromacs/trajectoryanalysis/tests/topologyinformation.cpp
> src/gromacs/trajectoryanalysis/tests/trajectory.cpp
> src/gromacs/trajectoryanalysis/tests/unionfind.cpp
> src/gromacs/trajectoryanalysis/topologyinformation.cpp
> src/gromacs/trajectory/energyframe.cpp
> src/gromacs/trajectory/energyframe.h
> src/gromacs/trajectory/trajectoryframe.cpp
1656,1659c2753
< src/gromacs/utility/alignedallocator.h
< src/gromacs/utility/arrayref.h
< src/gromacs/utility/arraysize.h
< src/gromacs/utility/basedefinitions.h
---
> src/gromacs/utility/any.cpp
1661d2754
< src/gromacs/utility/basenetwork.h
1663,1664c2756
< src/gromacs/utility/baseversion-gen.h
< src/gromacs/utility/baseversion.h
---
> src/gromacs/utility/baseversion_gen.h
1666,1668c2758,2759
< src/gromacs/utility/binaryinformation.h
< src/gromacs/utility/bitmask.h
< src/gromacs/utility/classhelpers.h
---
> src/gromacs/utility/booltype.cpp
> src/gromacs/utility/compare.cpp
1670d2760
< src/gromacs/utility/coolstuff.h
1672d2761
< src/gromacs/utility/cstringutil.h
1674d2762
< src/gromacs/utility/current_function.h
1676d2763
< src/gromacs/utility/datafilefinder.h
1678,1679d2764
< src/gromacs/utility/directoryenumerator.h
< src/gromacs/utility/dir_separator.h
1685d2769
< src/gromacs/utility/exceptions.h
1687d2770
< src/gromacs/utility/fatalerror.h
1689d2771
< src/gromacs/utility/fileredirector.h
1691,1692d2772
< src/gromacs/utility/filestream.h
< src/gromacs/utility/flags.h
1694d2773
< src/gromacs/utility/futil.h
1696,1697d2774
< src/gromacs/utility/gmxassert.h
< src/gromacs/utility/gmxmpi.h
1699,1701d2775
< src/gromacs/utility/gmxomp.h
< src/gromacs/utility/gmxregex.cpp
< src/gromacs/utility/gmxregex.h
1702a2777,2829
> src/gromacs/utility/hip_version_information.cpp
> src/gromacs/utility/hip_version_information.h
> src/gromacs/utility/ikeyvaluetreeerror.cpp
> src/gromacs/utility/include/gromacs/utility/alignedallocator.h
> src/gromacs/utility/include/gromacs/utility/allocator.h
> src/gromacs/utility/include/gromacs/utility/any.h
> src/gromacs/utility/include/gromacs/utility/arraysize.h
> src/gromacs/utility/include/gromacs/utility/basenetwork.h
> src/gromacs/utility/include/gromacs/utility/binaryinformation.h
> src/gromacs/utility/include/gromacs/utility/bitmask.h
> src/gromacs/utility/include/gromacs/utility/booltype.h
> src/gromacs/utility/include/gromacs/utility/compare.h
> src/gromacs/utility/include/gromacs/utility/coolstuff.h
> src/gromacs/utility/include/gromacs/utility/cstringutil.h
> src/gromacs/utility/include/gromacs/utility/datafilefinder.h
> src/gromacs/utility/include/gromacs/utility/defaultinitializationallocator.h
> src/gromacs/utility/include/gromacs/utility/directoryenumerator.h
> src/gromacs/utility/include/gromacs/utility/fatalerror.h
> src/gromacs/utility/include/gromacs/utility/fileredirector.h
> src/gromacs/utility/include/gromacs/utility/filestream.h
> src/gromacs/utility/include/gromacs/utility/fixedcapacityvector.h
> src/gromacs/utility/include/gromacs/utility/gmxmpi.h
> src/gromacs/utility/include/gromacs/utility/gmxomp.h
> src/gromacs/utility/include/gromacs/utility/ikeyvaluetreeerror.h
> src/gromacs/utility/include/gromacs/utility/init.h
> src/gromacs/utility/include/gromacs/utility/inmemoryserializer.h
> src/gromacs/utility/include/gromacs/utility/int64_to_int.h
> src/gromacs/utility/include/gromacs/utility/iserializer.h
> src/gromacs/utility/include/gromacs/utility/keyvaluetreebuilder.h
> src/gromacs/utility/include/gromacs/utility/keyvaluetree.h
> src/gromacs/utility/include/gromacs/utility/keyvaluetreemdpwriter.h
> src/gromacs/utility/include/gromacs/utility/keyvaluetreeserializer.h
> src/gromacs/utility/include/gromacs/utility/keyvaluetreetransform.h
> src/gromacs/utility/include/gromacs/utility/loggerbuilder.h
> src/gromacs/utility/include/gromacs/utility/logger.h
> src/gromacs/utility/include/gromacs/utility/message_string_collector.h
> src/gromacs/utility/include/gromacs/utility/mpiinfo.h
> src/gromacs/utility/include/gromacs/utility/niceheader.h
> src/gromacs/utility/include/gromacs/utility/path.h
> src/gromacs/utility/include/gromacs/utility/physicalnodecommunicator.h
> src/gromacs/utility/include/gromacs/utility/snprintf.h
> src/gromacs/utility/include/gromacs/utility/strconvert.h
> src/gromacs/utility/include/gromacs/utility/strdb.h
> src/gromacs/utility/include/gromacs/utility/stringcompare.h
> src/gromacs/utility/include/gromacs/utility/stringstream.h
> src/gromacs/utility/include/gromacs/utility/stringtoenumvalueconverter.h
> src/gromacs/utility/include/gromacs/utility/sysinfo.h
> src/gromacs/utility/include/gromacs/utility/template_mp.h
> src/gromacs/utility/include/gromacs/utility/textreader.h
> src/gromacs/utility/include/gromacs/utility/textstream.h
> src/gromacs/utility/include/gromacs/utility/textwriter.h
> src/gromacs/utility/include/gromacs/utility/txtdump.h
> src/gromacs/utility/include/gromacs/utility/typetraits.h
1704c2831
< src/gromacs/utility/init.h
---
> src/gromacs/utility/inmemoryserializer.cpp
1706,1709c2833,2841
< src/gromacs/utility/int64_to_int.h
< src/gromacs/utility/messagestringcollector.cpp
< src/gromacs/utility/messagestringcollector.h
< src/gromacs/utility/mutex.h
---
> src/gromacs/utility/keyvaluetree.cpp
> src/gromacs/utility/keyvaluetreemdpwriter.cpp
> src/gromacs/utility/keyvaluetreeserializer.cpp
> src/gromacs/utility/keyvaluetreetransform.cpp
> src/gromacs/utility/loggerbuilder.cpp
> src/gromacs/utility/logger.cpp
> src/gromacs/utility/message_string_collector.cpp
> src/gromacs/utility/mpiinfo.cpp
> src/gromacs/utility/niceheader.cpp
1712c2844
< src/gromacs/utility/path.h
---
> src/gromacs/utility/physicalnodecommunicator.cpp
1714d2845
< src/gromacs/utility/pleasecite.h
1716,1720d2846
< src/gromacs/utility/programcontext.h
< src/gromacs/utility/qsort_threadsafe.cpp
< src/gromacs/utility/qsort_threadsafe.h
< src/gromacs/utility/real.h
< src/gromacs/utility/scoped_cptr.h
1722,1723c2848
< src/gromacs/utility/smalloc.h
< src/gromacs/utility/snprintf.h
---
> src/gromacs/utility/strconvert.cpp
1725d2849
< src/gromacs/utility/strdb.h
1727d2850
< src/gromacs/utility/stringstream.h
1729c2852,2853
< src/gromacs/utility/stringutil.h
---
> src/gromacs/utility/sycl_version_information.cpp
> src/gromacs/utility/sycl_version_information.h
1731d2854
< src/gromacs/utility/sysinfo.h
1732a2856
> src/gromacs/utility/tests/alignedallocator_impl.h
1734d2857
< src/gromacs/utility/tests/basedefinitions.cpp
1738a2862,2872
> src/gromacs/utility/tests/booltype.cpp
> src/gromacs/utility/tests/cstringutil.cpp
> src/gromacs/utility/tests/defaultinitializationallocator.cpp
> src/gromacs/utility/tests/enumerationhelpers.cpp
> src/gromacs/utility/tests/fixedcapacityvector.cpp
> src/gromacs/utility/tests/inmemoryserializer.cpp
> src/gromacs/utility/tests/keyvaluetreeserializer.cpp
> src/gromacs/utility/tests/keyvaluetreetransform.cpp
> src/gromacs/utility/tests/listoflists.cpp
> src/gromacs/utility/tests/logger.cpp
> src/gromacs/utility/tests/message_string_collector.cpp
1739a2874,2879
> src/gromacs/utility/tests/physicalnodecommunicator.cpp
> src/gromacs/utility/tests/physicalnodecommunicator_mpi.cpp
> src/gromacs/utility/tests/range.cpp
> src/gromacs/utility/tests/scope_guard.cpp
> src/gromacs/utility/tests/strconvert.cpp
> src/gromacs/utility/tests/stringtoenumvalueconverter.cpp
1740a2881,2882
> src/gromacs/utility/tests/template_mp.cpp
> src/gromacs/utility/tests/textreader.cpp
1741a2884
> src/gromacs/utility/tests/typetraits.cpp
1743,1744d2885
< src/gromacs/utility/textreader.h
< src/gromacs/utility/textstream.h
1746d2886
< src/gromacs/utility/textwriter.h
1748c2888
< src/gromacs/utility/txtdump.h
---
> src/include/gmxpre.h
1752d2891
< src/programs/mdrun/deform.h
1754,1755d2892
< src/programs/mdrun/md.cpp
< src/programs/mdrun/md.h
1758,1765c2895,2899
< src/programs/mdrun/membed.cpp
< src/programs/mdrun/membed.h
< src/programs/mdrun/repl_ex.cpp
< src/programs/mdrun/repl_ex.h
< src/programs/mdrun/resource-division.cpp
< src/programs/mdrun/resource-division.h
< src/programs/mdrun/runner.cpp
< src/programs/mdrun/runner.h
---
> src/programs/mdrun/nonbonded_bench.cpp
> src/programs/mdrun/nonbonded_bench.h
> src/programs/mdrun/tests/boxdeformation.cpp
> src/programs/mdrun/tests/checkpoint.cpp
> src/programs/mdrun/tests/comparison_helpers.h
1766a2901,2903
> src/programs/mdrun/tests/constantacceleration.cpp
> src/programs/mdrun/tests/densityfittingmodule.cpp
> src/programs/mdrun/tests/dispersion_correction.cpp
1767a2905,2906
> src/programs/mdrun/tests/energycomparison.cpp
> src/programs/mdrun/tests/energycomparison.h
1769a2909,2913
> src/programs/mdrun/tests/ewaldsurfaceterm.cpp
> src/programs/mdrun/tests/exactcontinuation.cpp
> src/programs/mdrun/tests/expandedensemble.cpp
> src/programs/mdrun/tests/freeenergy.cpp
> src/programs/mdrun/tests/freezegroups.cpp
1770a2915,2916
> src/programs/mdrun/tests/helpwriting.cpp
> src/programs/mdrun/tests/initialconstraints.cpp
1772,1773c2918,2920
< src/programs/mdrun/tests/mdruncomparisonfixture.cpp
< src/programs/mdrun/tests/mdruncomparisonfixture.h
---
> src/programs/mdrun/tests/mdruncomparison.h
> src/programs/mdrun/tests/mimic.cpp
> src/programs/mdrun/tests/minimize.cpp
1775a2923
> src/programs/mdrun/tests/multiple_time_stepping.cpp
1778a2927,2938
> src/programs/mdrun/tests/nonbonded_bench.cpp
> src/programs/mdrun/tests/normalmodes.cpp
> src/programs/mdrun/tests/orires.cpp
> src/programs/mdrun/tests/outputfiles.cpp
> src/programs/mdrun/tests/periodicactions_basic.cpp
> src/programs/mdrun/tests/periodicactions_constraints.cpp
> src/programs/mdrun/tests/periodicactions_coupling.cpp
> src/programs/mdrun/tests/periodicactions.cpp
> src/programs/mdrun/tests/periodicactions.h
> src/programs/mdrun/tests/pmetest.cpp
> src/programs/mdrun/tests/pull.cpp
> src/programs/mdrun/tests/pull_rotation.cpp
1779a2940
> src/programs/mdrun/tests/replicaexchange_equivalence.cpp
1780a2942,2945
> src/programs/mdrun/tests/simple_mdrun.cpp
> src/programs/mdrun/tests/simulatorcomparison.cpp
> src/programs/mdrun/tests/simulatorcomparison.h
> src/programs/mdrun/tests/simulator.cpp
1786,1787c2951,2953
< src/programs/mdrun/tests/trajectoryreader.cpp
< src/programs/mdrun/tests/trajectoryreader.h
---
> src/programs/mdrun/tests/tpitest.cpp
> src/programs/mdrun/tests/trajectorycomparison.cpp
> src/programs/mdrun/tests/trajectorycomparison.h
1789,1826c2955
< src/programs/view/3dview.cpp
< src/programs/view/3dview.h
< src/programs/view/buttons.cpp
< src/programs/view/buttons.h
< src/programs/view/dialogs.cpp
< src/programs/view/dialogs.h
< src/programs/view/fgrid.cpp
< src/programs/view/fgrid.h
< src/programs/view/filter.cpp
< src/programs/view/logo.cpp
< src/programs/view/logo.h
< src/programs/view/manager.cpp
< src/programs/view/manager.h
< src/programs/view/molps.cpp
< src/programs/view/molps.h
< src/programs/view/nleg.cpp
< src/programs/view/nleg.h
< src/programs/view/nmol.cpp
< src/programs/view/nmol.h
< src/programs/view/popup.cpp
< src/programs/view/popup.h
< src/programs/view/pulldown.cpp
< src/programs/view/pulldown.h
< src/programs/view/view.cpp
< src/programs/view/view.h
< src/programs/view/x11.cpp
< src/programs/view/x11.h
< src/programs/view/xdlg.cpp
< src/programs/view/xdlg.h
< src/programs/view/xdlghi.cpp
< src/programs/view/xdlghi.h
< src/programs/view/xdlgitem.cpp
< src/programs/view/xdlgitem.h
< src/programs/view/xmb.cpp
< src/programs/view/xmb.h
< src/programs/view/Xstuff.h
< src/programs/view/xutil.cpp
< src/programs/view/xutil.h
---
> src/programs/mdrun/tests/virtualsites.cpp
1828d2956
< src/testutils/cmdlinetest.h
1830,1832c2958,2983
< src/testutils/conftest.h
< src/testutils/integrationtests.cpp
< src/testutils/integrationtests.h
---
> src/testutils/filematchers.cpp
> src/testutils/include/testutils/cmdlinetest.h
> src/testutils/include/testutils/conftest.h
> src/testutils/include/testutils/filematchers.h
> src/testutils/include/testutils/interactivetest.h
> src/testutils/include/testutils/loggertest.h
> src/testutils/include/testutils/mpitest.h
> src/testutils/include/testutils/naming.h
> src/testutils/include/testutils/refdata.h
> src/testutils/include/testutils/setenv.h
> src/testutils/include/testutils/simulationdatabase.h
> src/testutils/include/testutils/stdiohelper.h
> src/testutils/include/testutils/stringtest.h
> src/testutils/include/testutils/testasserts.h
> src/testutils/include/testutils/test_device.h
> src/testutils/include/testutils/testexceptions.h
> src/testutils/include/testutils/testfilemanager.h
> src/testutils/include/testutils/testfileredirector.h
> src/testutils/include/testutils/test_hardware_environment.h
> src/testutils/include/testutils/testinit.h
> src/testutils/include/testutils/testmatchers.h
> src/testutils/include/testutils/testoptions.h
> src/testutils/include/testutils/textblockmatchers.h
> src/testutils/include/testutils/tprfilegenerator.h
> src/testutils/include/testutils/trajectoryreader.h
> src/testutils/include/testutils/xvgtest.h
1834,1837c2985,2989
< src/testutils/interactivetest.h
< src/testutils/mpi-printer.cpp
< src/testutils/mpi-printer.h
< src/testutils/refdata-checkers.h
---
> src/testutils/loggertest.cpp
> src/testutils/mpi_printer.cpp
> src/testutils/mpi_printer.h
> src/testutils/mpitest.cpp
> src/testutils/refdata_checkers.h
1839,1842c2991,2995
< src/testutils/refdata.h
< src/testutils/refdata-impl.h
< src/testutils/refdata-xml.cpp
< src/testutils/refdata-xml.h
---
> src/testutils/refdata_impl.h
> src/testutils/refdata_xml.cpp
> src/testutils/refdata_xml.h
> src/testutils/simulationdatabase.cpp
> src/testutils/stdiohelper.cpp
1844d2996
< src/testutils/stringtest.h
1846,1847c2998
< src/testutils/testasserts.h
< src/testutils/testexceptions.h
---
> src/testutils/test_device.cpp
1849d2999
< src/testutils/testfilemanager.h
1851c3001
< src/testutils/testfileredirector.h
---
> src/testutils/test_hardware_environment.cpp
1853c3003
< src/testutils/testinit.h
---
> src/testutils/testmatchers.cpp
1855d3004
< src/testutils/testoptions.h
1856a3006,3007
> src/testutils/tests/mpitest.cpp
> src/testutils/tests/naming.cpp
1860c3011
< src/testutils/testutils-doc.h
---
> src/testutils/testutils_doc.h
1862c3013,3016
< src/testutils/textblockmatchers.h
---
> src/testutils/topologyhelpers.cpp
> src/testutils/topologyhelpers.h
> src/testutils/tprfilegenerator.cpp
> src/testutils/trajectoryreader.cpp
1865d3018
< src/testutils/xvgtest.h
