
FORCE_KERNELS (1166 files):
  - src/gromacs/gmxlib/nonbonded/nb_kernel_avx_128_fma_double/nb_kernel_ElecCSTab_VdwCSTab_GeomP1P1_avx_128_fma_double.cpp
  - src/gromacs/gmxlib/nonbonded/nb_kernel_avx_128_fma_double/nb_kernel_ElecCSTab_VdwCSTab_GeomW3P1_avx_128_fma_double.cpp
  - src/gromacs/gmxlib/nonbonded/nb_kernel_avx_128_fma_double/nb_kernel_ElecCSTab_VdwCSTab_GeomW3W3_avx_128_fma_double.cpp
  - src/gromacs/gmxlib/nonbonded/nb_kernel_avx_128_fma_double/nb_kernel_ElecCSTab_VdwCSTab_GeomW4P1_avx_128_fma_double.cpp
  - src/gromacs/gmxlib/nonbonded/nb_kernel_avx_128_fma_double/nb_kernel_ElecCSTab_VdwCSTab_GeomW4W4_avx_128_fma_double.cpp
  - src/gromacs/gmxlib/nonbonded/nb_kernel_avx_128_fma_double/nb_kernel_ElecCSTab_VdwLJ_GeomP1P1_avx_128_fma_double.cpp
  - src/gromacs/gmxlib/nonbonded/nb_kernel_avx_128_fma_double/nb_kernel_ElecCSTab_VdwLJ_GeomW3P1_avx_128_fma_double.cpp
  - src/gromacs/gmxlib/nonbonded/nb_kernel_avx_128_fma_double/nb_kernel_ElecCSTab_VdwLJ_GeomW3W3_avx_128_fma_double.cpp
  - src/gromacs/gmxlib/nonbonded/nb_kernel_avx_128_fma_double/nb_kernel_ElecCSTab_VdwLJ_GeomW4P1_avx_128_fma_double.cpp
  - src/gromacs/gmxlib/nonbonded/nb_kernel_avx_128_fma_double/nb_kernel_ElecCSTab_VdwLJ_GeomW4W4_avx_128_fma_double.cpp
  - src/gromacs/gmxlib/nonbonded/nb_kernel_avx_128_fma_double/nb_kernel_ElecCSTab_VdwNone_GeomP1P1_avx_128_fma_double.cpp
  - src/gromacs/gmxlib/nonbonded/nb_kernel_avx_128_fma_double/nb_kernel_ElecCSTab_VdwNone_GeomW3P1_avx_128_fma_double.cpp
  - src/gromacs/gmxlib/nonbonded/nb_kernel_avx_128_fma_double/nb_kernel_ElecCSTab_VdwNone_GeomW3W3_avx_128_fma_double.cpp
  - src/gromacs/gmxlib/nonbonded/nb_kernel_avx_128_fma_double/nb_kernel_ElecCSTab_VdwNone_GeomW4P1_avx_128_fma_double.cpp
  - src/gromacs/gmxlib/nonbonded/nb_kernel_avx_128_fma_double/nb_kernel_ElecCSTab_VdwNone_GeomW4W4_avx_128_fma_double.cpp
  - src/gromacs/gmxlib/nonbonded/nb_kernel_avx_128_fma_double/nb_kernel_ElecCoul_VdwCSTab_GeomP1P1_avx_128_fma_double.cpp
  - src/gromacs/gmxlib/nonbonded/nb_kernel_avx_128_fma_double/nb_kernel_ElecCoul_VdwCSTab_GeomW3P1_avx_128_fma_double.cpp
  - src/gromacs/gmxlib/nonbonded/nb_kernel_avx_128_fma_double/nb_kernel_ElecCoul_VdwCSTab_GeomW3W3_avx_128_fma_double.cpp
  - src/gromacs/gmxlib/nonbonded/nb_kernel_avx_128_fma_double/nb_kernel_ElecCoul_VdwCSTab_GeomW4P1_avx_128_fma_double.cpp
  - src/gromacs/gmxlib/nonbonded/nb_kernel_avx_128_fma_double/nb_kernel_ElecCoul_VdwCSTab_GeomW4W4_avx_128_fma_double.cpp
  - src/gromacs/gmxlib/nonbonded/nb_kernel_avx_128_fma_double/nb_kernel_ElecCoul_VdwLJ_GeomP1P1_avx_128_fma_double.cpp
  - src/gromacs/gmxlib/nonbonded/nb_kernel_avx_128_fma_double/nb_kernel_ElecCoul_VdwLJ_GeomW3P1_avx_128_fma_double.cpp
  - src/gromacs/gmxlib/nonbonded/nb_kernel_avx_128_fma_double/nb_kernel_ElecCoul_VdwLJ_GeomW3W3_avx_128_fma_double.cpp
  - src/gromacs/gmxlib/nonbonded/nb_kernel_avx_128_fma_double/nb_kernel_ElecCoul_VdwLJ_GeomW4P1_avx_128_fma_double.cpp
  - src/gromacs/gmxlib/nonbonded/nb_kernel_avx_128_fma_double/nb_kernel_ElecCoul_VdwLJ_GeomW4W4_avx_128_fma_double.cpp
  - src/gromacs/gmxlib/nonbonded/nb_kernel_avx_128_fma_double/nb_kernel_ElecCoul_VdwNone_GeomP1P1_avx_128_fma_double.cpp
  - src/gromacs/gmxlib/nonbonded/nb_kernel_avx_128_fma_double/nb_kernel_ElecCoul_VdwNone_GeomW3P1_avx_128_fma_double.cpp
  - src/gromacs/gmxlib/nonbonded/nb_kernel_avx_128_fma_double/nb_kernel_ElecCoul_VdwNone_GeomW3W3_avx_128_fma_double.cpp
  - src/gromacs/gmxlib/nonbonded/nb_kernel_avx_128_fma_double/nb_kernel_ElecCoul_VdwNone_GeomW4P1_avx_128_fma_double.cpp
  - src/gromacs/gmxlib/nonbonded/nb_kernel_avx_128_fma_double/nb_kernel_ElecCoul_VdwNone_GeomW4W4_avx_128_fma_double.cpp
  - src/gromacs/gmxlib/nonbonded/nb_kernel_avx_128_fma_double/nb_kernel_ElecEwSh_VdwLJEwSh_GeomP1P1_avx_128_fma_double.cpp
  - src/gromacs/gmxlib/nonbonded/nb_kernel_avx_128_fma_double/nb_kernel_ElecEwSh_VdwLJEwSh_GeomW3P1_avx_128_fma_double.cpp
  - src/gromacs/gmxlib/nonbonded/nb_kernel_avx_128_fma_double/nb_kernel_ElecEwSh_VdwLJEwSh_GeomW3W3_avx_128_fma_double.cpp
  - src/gromacs/gmxlib/nonbonded/nb_kernel_avx_128_fma_double/nb_kernel_ElecEwSh_VdwLJEwSh_GeomW4P1_avx_128_fma_double.cpp
  - src/gromacs/gmxlib/nonbonded/nb_kernel_avx_128_fma_double/nb_kernel_ElecEwSh_VdwLJEwSh_GeomW4W4_avx_128_fma_double.cpp
  - src/gromacs/gmxlib/nonbonded/nb_kernel_avx_128_fma_double/nb_kernel_ElecEwSh_VdwLJSh_GeomP1P1_avx_128_fma_double.cpp
  - src/gromacs/gmxlib/nonbonded/nb_kernel_avx_128_fma_double/nb_kernel_ElecEwSh_VdwLJSh_GeomW3P1_avx_128_fma_double.cpp
  - src/gromacs/gmxlib/nonbonded/nb_kernel_avx_128_fma_double/nb_kernel_ElecEwSh_VdwLJSh_GeomW3W3_avx_128_fma_double.cpp
  - src/gromacs/gmxlib/nonbonded/nb_kernel_avx_128_fma_double/nb_kernel_ElecEwSh_VdwLJSh_GeomW4P1_avx_128_fma_double.cpp
  - src/gromacs/gmxlib/nonbonded/nb_kernel_avx_128_fma_double/nb_kernel_ElecEwSh_VdwLJSh_GeomW4W4_avx_128_fma_double.cpp
  - src/gromacs/gmxlib/nonbonded/nb_kernel_avx_128_fma_double/nb_kernel_ElecEwSh_VdwNone_GeomP1P1_avx_128_fma_double.cpp
  - src/gromacs/gmxlib/nonbonded/nb_kernel_avx_128_fma_double/nb_kernel_ElecEwSh_VdwNone_GeomW3P1_avx_128_fma_double.cpp
  - src/gromacs/gmxlib/nonbonded/nb_kernel_avx_128_fma_double/nb_kernel_ElecEwSh_VdwNone_GeomW3W3_avx_128_fma_double.cpp
  - src/gromacs/gmxlib/nonbonded/nb_kernel_avx_128_fma_double/nb_kernel_ElecEwSh_VdwNone_GeomW4P1_avx_128_fma_double.cpp
  - src/gromacs/gmxlib/nonbonded/nb_kernel_avx_128_fma_double/nb_kernel_ElecEwSh_VdwNone_GeomW4W4_avx_128_fma_double.cpp
  - src/gromacs/gmxlib/nonbonded/nb_kernel_avx_128_fma_double/nb_kernel_ElecEwSw_VdwLJSw_GeomP1P1_avx_128_fma_double.cpp
  - src/gromacs/gmxlib/nonbonded/nb_kernel_avx_128_fma_double/nb_kernel_ElecEwSw_VdwLJSw_GeomW3P1_avx_128_fma_double.cpp
  - src/gromacs/gmxlib/nonbonded/nb_kernel_avx_128_fma_double/nb_kernel_ElecEwSw_VdwLJSw_GeomW3W3_avx_128_fma_double.cpp
  - src/gromacs/gmxlib/nonbonded/nb_kernel_avx_128_fma_double/nb_kernel_ElecEwSw_VdwLJSw_GeomW4P1_avx_128_fma_double.cpp
  - src/gromacs/gmxlib/nonbonded/nb_kernel_avx_128_fma_double/nb_kernel_ElecEwSw_VdwLJSw_GeomW4W4_avx_128_fma_double.cpp
  - src/gromacs/gmxlib/nonbonded/nb_kernel_avx_128_fma_double/nb_kernel_ElecEwSw_VdwNone_GeomP1P1_avx_128_fma_double.cpp
  - src/gromacs/gmxlib/nonbonded/nb_kernel_avx_128_fma_double/nb_kernel_ElecEwSw_VdwNone_GeomW3P1_avx_128_fma_double.cpp
  - src/gromacs/gmxlib/nonbonded/nb_kernel_avx_128_fma_double/nb_kernel_ElecEwSw_VdwNone_GeomW3W3_avx_128_fma_double.cpp
  - src/gromacs/gmxlib/nonbonded/nb_kernel_avx_128_fma_double/nb_kernel_ElecEwSw_VdwNone_GeomW4P1_avx_128_fma_double.cpp
  - src/gromacs/gmxlib/nonbonded/nb_kernel_avx_128_fma_double/nb_kernel_ElecEwSw_VdwNone_GeomW4W4_avx_128_fma_double.cpp
  - src/gromacs/gmxlib/nonbonded/nb_kernel_avx_128_fma_double/nb_kernel_ElecEw_VdwCSTab_GeomP1P1_avx_128_fma_double.cpp
  - src/gromacs/gmxlib/nonbonded/nb_kernel_avx_128_fma_double/nb_kernel_ElecEw_VdwCSTab_GeomW3P1_avx_128_fma_double.cpp
  - src/gromacs/gmxlib/nonbonded/nb_kernel_avx_128_fma_double/nb_kernel_ElecEw_VdwCSTab_GeomW3W3_avx_128_fma_double.cpp
  - src/gromacs/gmxlib/nonbonded/nb_kernel_avx_128_fma_double/nb_kernel_ElecEw_VdwCSTab_GeomW4P1_avx_128_fma_double.cpp
  - src/gromacs/gmxlib/nonbonded/nb_kernel_avx_128_fma_double/nb_kernel_ElecEw_VdwCSTab_GeomW4W4_avx_128_fma_double.cpp
  - src/gromacs/gmxlib/nonbonded/nb_kernel_avx_128_fma_double/nb_kernel_ElecEw_VdwLJEw_GeomP1P1_avx_128_fma_double.cpp
  - src/gromacs/gmxlib/nonbonded/nb_kernel_avx_128_fma_double/nb_kernel_ElecEw_VdwLJEw_GeomW3P1_avx_128_fma_double.cpp
  - src/gromacs/gmxlib/nonbonded/nb_kernel_avx_128_fma_double/nb_kernel_ElecEw_VdwLJEw_GeomW3W3_avx_128_fma_double.cpp
  - src/gromacs/gmxlib/nonbonded/nb_kernel_avx_128_fma_double/nb_kernel_ElecEw_VdwLJEw_GeomW4P1_avx_128_fma_double.cpp
  - src/gromacs/gmxlib/nonbonded/nb_kernel_avx_128_fma_double/nb_kernel_ElecEw_VdwLJEw_GeomW4W4_avx_128_fma_double.cpp
  - src/gromacs/gmxlib/nonbonded/nb_kernel_avx_128_fma_double/nb_kernel_ElecEw_VdwLJ_GeomP1P1_avx_128_fma_double.cpp
  - src/gromacs/gmxlib/nonbonded/nb_kernel_avx_128_fma_double/nb_kernel_ElecEw_VdwLJ_GeomW3P1_avx_128_fma_double.cpp
  - src/gromacs/gmxlib/nonbonded/nb_kernel_avx_128_fma_double/nb_kernel_ElecEw_VdwLJ_GeomW3W3_avx_128_fma_double.cpp
  - src/gromacs/gmxlib/nonbonded/nb_kernel_avx_128_fma_double/nb_kernel_ElecEw_VdwLJ_GeomW4P1_avx_128_fma_double.cpp
  - src/gromacs/gmxlib/nonbonded/nb_kernel_avx_128_fma_double/nb_kernel_ElecEw_VdwLJ_GeomW4W4_avx_128_fma_double.cpp
  - src/gromacs/gmxlib/nonbonded/nb_kernel_avx_128_fma_double/nb_kernel_ElecEw_VdwNone_GeomP1P1_avx_128_fma_double.cpp
  - src/gromacs/gmxlib/nonbonded/nb_kernel_avx_128_fma_double/nb_kernel_ElecEw_VdwNone_GeomW3P1_avx_128_fma_double.cpp
  - src/gromacs/gmxlib/nonbonded/nb_kernel_avx_128_fma_double/nb_kernel_ElecEw_VdwNone_GeomW3W3_avx_128_fma_double.cpp
  - src/gromacs/gmxlib/nonbonded/nb_kernel_avx_128_fma_double/nb_kernel_ElecEw_VdwNone_GeomW4P1_avx_128_fma_double.cpp
  - src/gromacs/gmxlib/nonbonded/nb_kernel_avx_128_fma_double/nb_kernel_ElecEw_VdwNone_GeomW4W4_avx_128_fma_double.cpp
  - src/gromacs/gmxlib/nonbonded/nb_kernel_avx_128_fma_double/nb_kernel_ElecGB_VdwCSTab_GeomP1P1_avx_128_fma_double.cpp
  - src/gromacs/gmxlib/nonbonded/nb_kernel_avx_128_fma_double/nb_kernel_ElecGB_VdwLJ_GeomP1P1_avx_128_fma_double.cpp
  - src/gromacs/gmxlib/nonbonded/nb_kernel_avx_128_fma_double/nb_kernel_ElecGB_VdwNone_GeomP1P1_avx_128_fma_double.cpp
  - src/gromacs/gmxlib/nonbonded/nb_kernel_avx_128_fma_double/nb_kernel_ElecNone_VdwCSTab_GeomP1P1_avx_128_fma_double.cpp
  - src/gromacs/gmxlib/nonbonded/nb_kernel_avx_128_fma_double/nb_kernel_ElecNone_VdwLJEwSh_GeomP1P1_avx_128_fma_double.cpp
  - src/gromacs/gmxlib/nonbonded/nb_kernel_avx_128_fma_double/nb_kernel_ElecNone_VdwLJEw_GeomP1P1_avx_128_fma_double.cpp
  - src/gromacs/gmxlib/nonbonded/nb_kernel_avx_128_fma_double/nb_kernel_ElecNone_VdwLJSh_GeomP1P1_avx_128_fma_double.cpp
  - src/gromacs/gmxlib/nonbonded/nb_kernel_avx_128_fma_double/nb_kernel_ElecNone_VdwLJSw_GeomP1P1_avx_128_fma_double.cpp
  - src/gromacs/gmxlib/nonbonded/nb_kernel_avx_128_fma_double/nb_kernel_ElecNone_VdwLJ_GeomP1P1_avx_128_fma_double.cpp
  - src/gromacs/gmxlib/nonbonded/nb_kernel_avx_128_fma_double/nb_kernel_ElecRFCut_VdwCSTab_GeomP1P1_avx_128_fma_double.cpp
  - src/gromacs/gmxlib/nonbonded/nb_kernel_avx_128_fma_double/nb_kernel_ElecRFCut_VdwCSTab_GeomW3P1_avx_128_fma_double.cpp
  - src/gromacs/gmxlib/nonbonded/nb_kernel_avx_128_fma_double/nb_kernel_ElecRFCut_VdwCSTab_GeomW3W3_avx_128_fma_double.cpp
  - src/gromacs/gmxlib/nonbonded/nb_kernel_avx_128_fma_double/nb_kernel_ElecRFCut_VdwCSTab_GeomW4P1_avx_128_fma_double.cpp
  - src/gromacs/gmxlib/nonbonded/nb_kernel_avx_128_fma_double/nb_kernel_ElecRFCut_VdwCSTab_GeomW4W4_avx_128_fma_double.cpp
  - src/gromacs/gmxlib/nonbonded/nb_kernel_avx_128_fma_double/nb_kernel_ElecRFCut_VdwLJSh_GeomP1P1_avx_128_fma_double.cpp
  - src/gromacs/gmxlib/nonbonded/nb_kernel_avx_128_fma_double/nb_kernel_ElecRFCut_VdwLJSh_GeomW3P1_avx_128_fma_double.cpp
  - src/gromacs/gmxlib/nonbonded/nb_kernel_avx_128_fma_double/nb_kernel_ElecRFCut_VdwLJSh_GeomW3W3_avx_128_fma_double.cpp
  - src/gromacs/gmxlib/nonbonded/nb_kernel_avx_128_fma_double/nb_kernel_ElecRFCut_VdwLJSh_GeomW4P1_avx_128_fma_double.cpp
  - src/gromacs/gmxlib/nonbonded/nb_kernel_avx_128_fma_double/nb_kernel_ElecRFCut_VdwLJSh_GeomW4W4_avx_128_fma_double.cpp
  - src/gromacs/gmxlib/nonbonded/nb_kernel_avx_128_fma_double/nb_kernel_ElecRFCut_VdwLJSw_GeomP1P1_avx_128_fma_double.cpp
  - src/gromacs/gmxlib/nonbonded/nb_kernel_avx_128_fma_double/nb_kernel_ElecRFCut_VdwLJSw_GeomW3P1_avx_128_fma_double.cpp
  - src/gromacs/gmxlib/nonbonded/nb_kernel_avx_128_fma_double/nb_kernel_ElecRFCut_VdwLJSw_GeomW3W3_avx_128_fma_double.cpp
  - src/gromacs/gmxlib/nonbonded/nb_kernel_avx_128_fma_double/nb_kernel_ElecRFCut_VdwLJSw_GeomW4P1_avx_128_fma_double.cpp
  - src/gromacs/gmxlib/nonbonded/nb_kernel_avx_128_fma_double/nb_kernel_ElecRFCut_VdwLJSw_GeomW4W4_avx_128_fma_double.cpp
  - src/gromacs/gmxlib/nonbonded/nb_kernel_avx_128_fma_double/nb_kernel_ElecRFCut_VdwNone_GeomP1P1_avx_128_fma_double.cpp
  - src/gromacs/gmxlib/nonbonded/nb_kernel_avx_128_fma_double/nb_kernel_ElecRFCut_VdwNone_GeomW3P1_avx_128_fma_double.cpp
  - src/gromacs/gmxlib/nonbonded/nb_kernel_avx_128_fma_double/nb_kernel_ElecRFCut_VdwNone_GeomW3W3_avx_128_fma_double.cpp
  - src/gromacs/gmxlib/nonbonded/nb_kernel_avx_128_fma_double/nb_kernel_ElecRFCut_VdwNone_GeomW4P1_avx_128_fma_double.cpp
  - src/gromacs/gmxlib/nonbonded/nb_kernel_avx_128_fma_double/nb_kernel_ElecRFCut_VdwNone_GeomW4W4_avx_128_fma_double.cpp
  - src/gromacs/gmxlib/nonbonded/nb_kernel_avx_128_fma_double/nb_kernel_ElecRF_VdwCSTab_GeomP1P1_avx_128_fma_double.cpp
  - src/gromacs/gmxlib/nonbonded/nb_kernel_avx_128_fma_double/nb_kernel_ElecRF_VdwCSTab_GeomW3P1_avx_128_fma_double.cpp
  - src/gromacs/gmxlib/nonbonded/nb_kernel_avx_128_fma_double/nb_kernel_ElecRF_VdwCSTab_GeomW3W3_avx_128_fma_double.cpp
  - src/gromacs/gmxlib/nonbonded/nb_kernel_avx_128_fma_double/nb_kernel_ElecRF_VdwCSTab_GeomW4P1_avx_128_fma_double.cpp
  - src/gromacs/gmxlib/nonbonded/nb_kernel_avx_128_fma_double/nb_kernel_ElecRF_VdwCSTab_GeomW4W4_avx_128_fma_double.cpp
  - src/gromacs/gmxlib/nonbonded/nb_kernel_avx_128_fma_double/nb_kernel_ElecRF_VdwLJ_GeomP1P1_avx_128_fma_double.cpp
  - src/gromacs/gmxlib/nonbonded/nb_kernel_avx_128_fma_double/nb_kernel_ElecRF_VdwLJ_GeomW3P1_avx_128_fma_double.cpp
  - src/gromacs/gmxlib/nonbonded/nb_kernel_avx_128_fma_double/nb_kernel_ElecRF_VdwLJ_GeomW3W3_avx_128_fma_double.cpp
  - src/gromacs/gmxlib/nonbonded/nb_kernel_avx_128_fma_double/nb_kernel_ElecRF_VdwLJ_GeomW4P1_avx_128_fma_double.cpp
  - src/gromacs/gmxlib/nonbonded/nb_kernel_avx_128_fma_double/nb_kernel_ElecRF_VdwLJ_GeomW4W4_avx_128_fma_double.cpp
  - src/gromacs/gmxlib/nonbonded/nb_kernel_avx_128_fma_double/nb_kernel_ElecRF_VdwNone_GeomP1P1_avx_128_fma_double.cpp
  - src/gromacs/gmxlib/nonbonded/nb_kernel_avx_128_fma_double/nb_kernel_ElecRF_VdwNone_GeomW3P1_avx_128_fma_double.cpp
  - src/gromacs/gmxlib/nonbonded/nb_kernel_avx_128_fma_double/nb_kernel_ElecRF_VdwNone_GeomW3W3_avx_128_fma_double.cpp
  - src/gromacs/gmxlib/nonbonded/nb_kernel_avx_128_fma_double/nb_kernel_ElecRF_VdwNone_GeomW4P1_avx_128_fma_double.cpp
  - src/gromacs/gmxlib/nonbonded/nb_kernel_avx_128_fma_double/nb_kernel_ElecRF_VdwNone_GeomW4W4_avx_128_fma_double.cpp
  - src/gromacs/gmxlib/nonbonded/nb_kernel_avx_128_fma_double/nb_kernel_avx_128_fma_double.cpp
  - src/gromacs/gmxlib/nonbonded/nb_kernel_avx_128_fma_single/nb_kernel_ElecCSTab_VdwCSTab_GeomP1P1_avx_128_fma_single.cpp
  - src/gromacs/gmxlib/nonbonded/nb_kernel_avx_128_fma_single/nb_kernel_ElecCSTab_VdwCSTab_GeomW3P1_avx_128_fma_single.cpp
  - src/gromacs/gmxlib/nonbonded/nb_kernel_avx_128_fma_single/nb_kernel_ElecCSTab_VdwCSTab_GeomW3W3_avx_128_fma_single.cpp
  - src/gromacs/gmxlib/nonbonded/nb_kernel_avx_128_fma_single/nb_kernel_ElecCSTab_VdwCSTab_GeomW4P1_avx_128_fma_single.cpp
  - src/gromacs/gmxlib/nonbonded/nb_kernel_avx_128_fma_single/nb_kernel_ElecCSTab_VdwCSTab_GeomW4W4_avx_128_fma_single.cpp
  - src/gromacs/gmxlib/nonbonded/nb_kernel_avx_128_fma_single/nb_kernel_ElecCSTab_VdwLJ_GeomP1P1_avx_128_fma_single.cpp
  - src/gromacs/gmxlib/nonbonded/nb_kernel_avx_128_fma_single/nb_kernel_ElecCSTab_VdwLJ_GeomW3P1_avx_128_fma_single.cpp
  - src/gromacs/gmxlib/nonbonded/nb_kernel_avx_128_fma_single/nb_kernel_ElecCSTab_VdwLJ_GeomW3W3_avx_128_fma_single.cpp
  - src/gromacs/gmxlib/nonbonded/nb_kernel_avx_128_fma_single/nb_kernel_ElecCSTab_VdwLJ_GeomW4P1_avx_128_fma_single.cpp
  - src/gromacs/gmxlib/nonbonded/nb_kernel_avx_128_fma_single/nb_kernel_ElecCSTab_VdwLJ_GeomW4W4_avx_128_fma_single.cpp
  - src/gromacs/gmxlib/nonbonded/nb_kernel_avx_128_fma_single/nb_kernel_ElecCSTab_VdwNone_GeomP1P1_avx_128_fma_single.cpp
  - src/gromacs/gmxlib/nonbonded/nb_kernel_avx_128_fma_single/nb_kernel_ElecCSTab_VdwNone_GeomW3P1_avx_128_fma_single.cpp
  - src/gromacs/gmxlib/nonbonded/nb_kernel_avx_128_fma_single/nb_kernel_ElecCSTab_VdwNone_GeomW3W3_avx_128_fma_single.cpp
  - src/gromacs/gmxlib/nonbonded/nb_kernel_avx_128_fma_single/nb_kernel_ElecCSTab_VdwNone_GeomW4P1_avx_128_fma_single.cpp
  - src/gromacs/gmxlib/nonbonded/nb_kernel_avx_128_fma_single/nb_kernel_ElecCSTab_VdwNone_GeomW4W4_avx_128_fma_single.cpp
  - src/gromacs/gmxlib/nonbonded/nb_kernel_avx_128_fma_single/nb_kernel_ElecCoul_VdwCSTab_GeomP1P1_avx_128_fma_single.cpp
  - src/gromacs/gmxlib/nonbonded/nb_kernel_avx_128_fma_single/nb_kernel_ElecCoul_VdwCSTab_GeomW3P1_avx_128_fma_single.cpp
  - src/gromacs/gmxlib/nonbonded/nb_kernel_avx_128_fma_single/nb_kernel_ElecCoul_VdwCSTab_GeomW3W3_avx_128_fma_single.cpp
  - src/gromacs/gmxlib/nonbonded/nb_kernel_avx_128_fma_single/nb_kernel_ElecCoul_VdwCSTab_GeomW4P1_avx_128_fma_single.cpp
  - src/gromacs/gmxlib/nonbonded/nb_kernel_avx_128_fma_single/nb_kernel_ElecCoul_VdwCSTab_GeomW4W4_avx_128_fma_single.cpp
  - src/gromacs/gmxlib/nonbonded/nb_kernel_avx_128_fma_single/nb_kernel_ElecCoul_VdwLJ_GeomP1P1_avx_128_fma_single.cpp
  - src/gromacs/gmxlib/nonbonded/nb_kernel_avx_128_fma_single/nb_kernel_ElecCoul_VdwLJ_GeomW3P1_avx_128_fma_single.cpp
  - src/gromacs/gmxlib/nonbonded/nb_kernel_avx_128_fma_single/nb_kernel_ElecCoul_VdwLJ_GeomW3W3_avx_128_fma_single.cpp
  - src/gromacs/gmxlib/nonbonded/nb_kernel_avx_128_fma_single/nb_kernel_ElecCoul_VdwLJ_GeomW4P1_avx_128_fma_single.cpp
  - src/gromacs/gmxlib/nonbonded/nb_kernel_avx_128_fma_single/nb_kernel_ElecCoul_VdwLJ_GeomW4W4_avx_128_fma_single.cpp
  - src/gromacs/gmxlib/nonbonded/nb_kernel_avx_128_fma_single/nb_kernel_ElecCoul_VdwNone_GeomP1P1_avx_128_fma_single.cpp
  - src/gromacs/gmxlib/nonbonded/nb_kernel_avx_128_fma_single/nb_kernel_ElecCoul_VdwNone_GeomW3P1_avx_128_fma_single.cpp
  - src/gromacs/gmxlib/nonbonded/nb_kernel_avx_128_fma_single/nb_kernel_ElecCoul_VdwNone_GeomW3W3_avx_128_fma_single.cpp
  - src/gromacs/gmxlib/nonbonded/nb_kernel_avx_128_fma_single/nb_kernel_ElecCoul_VdwNone_GeomW4P1_avx_128_fma_single.cpp
  - src/gromacs/gmxlib/nonbonded/nb_kernel_avx_128_fma_single/nb_kernel_ElecCoul_VdwNone_GeomW4W4_avx_128_fma_single.cpp
  - src/gromacs/gmxlib/nonbonded/nb_kernel_avx_128_fma_single/nb_kernel_ElecEwSh_VdwLJEwSh_GeomP1P1_avx_128_fma_single.cpp
  - src/gromacs/gmxlib/nonbonded/nb_kernel_avx_128_fma_single/nb_kernel_ElecEwSh_VdwLJEwSh_GeomW3P1_avx_128_fma_single.cpp
  - src/gromacs/gmxlib/nonbonded/nb_kernel_avx_128_fma_single/nb_kernel_ElecEwSh_VdwLJEwSh_GeomW3W3_avx_128_fma_single.cpp
  - src/gromacs/gmxlib/nonbonded/nb_kernel_avx_128_fma_single/nb_kernel_ElecEwSh_VdwLJEwSh_GeomW4P1_avx_128_fma_single.cpp
  - src/gromacs/gmxlib/nonbonded/nb_kernel_avx_128_fma_single/nb_kernel_ElecEwSh_VdwLJEwSh_GeomW4W4_avx_128_fma_single.cpp
  - src/gromacs/gmxlib/nonbonded/nb_kernel_avx_128_fma_single/nb_kernel_ElecEwSh_VdwLJSh_GeomP1P1_avx_128_fma_single.cpp
  - src/gromacs/gmxlib/nonbonded/nb_kernel_avx_128_fma_single/nb_kernel_ElecEwSh_VdwLJSh_GeomW3P1_avx_128_fma_single.cpp
  - src/gromacs/gmxlib/nonbonded/nb_kernel_avx_128_fma_single/nb_kernel_ElecEwSh_VdwLJSh_GeomW3W3_avx_128_fma_single.cpp
  - src/gromacs/gmxlib/nonbonded/nb_kernel_avx_128_fma_single/nb_kernel_ElecEwSh_VdwLJSh_GeomW4P1_avx_128_fma_single.cpp
  - src/gromacs/gmxlib/nonbonded/nb_kernel_avx_128_fma_single/nb_kernel_ElecEwSh_VdwLJSh_GeomW4W4_avx_128_fma_single.cpp
  - src/gromacs/gmxlib/nonbonded/nb_kernel_avx_128_fma_single/nb_kernel_ElecEwSh_VdwNone_GeomP1P1_avx_128_fma_single.cpp
  - src/gromacs/gmxlib/nonbonded/nb_kernel_avx_128_fma_single/nb_kernel_ElecEwSh_VdwNone_GeomW3P1_avx_128_fma_single.cpp
  - src/gromacs/gmxlib/nonbonded/nb_kernel_avx_128_fma_single/nb_kernel_ElecEwSh_VdwNone_GeomW3W3_avx_128_fma_single.cpp
  - src/gromacs/gmxlib/nonbonded/nb_kernel_avx_128_fma_single/nb_kernel_ElecEwSh_VdwNone_GeomW4P1_avx_128_fma_single.cpp
  - src/gromacs/gmxlib/nonbonded/nb_kernel_avx_128_fma_single/nb_kernel_ElecEwSh_VdwNone_GeomW4W4_avx_128_fma_single.cpp
  - src/gromacs/gmxlib/nonbonded/nb_kernel_avx_128_fma_single/nb_kernel_ElecEwSw_VdwLJSw_GeomP1P1_avx_128_fma_single.cpp
  - src/gromacs/gmxlib/nonbonded/nb_kernel_avx_128_fma_single/nb_kernel_ElecEwSw_VdwLJSw_GeomW3P1_avx_128_fma_single.cpp
  - src/gromacs/gmxlib/nonbonded/nb_kernel_avx_128_fma_single/nb_kernel_ElecEwSw_VdwLJSw_GeomW3W3_avx_128_fma_single.cpp
  - src/gromacs/gmxlib/nonbonded/nb_kernel_avx_128_fma_single/nb_kernel_ElecEwSw_VdwLJSw_GeomW4P1_avx_128_fma_single.cpp
  - src/gromacs/gmxlib/nonbonded/nb_kernel_avx_128_fma_single/nb_kernel_ElecEwSw_VdwLJSw_GeomW4W4_avx_128_fma_single.cpp
  - src/gromacs/gmxlib/nonbonded/nb_kernel_avx_128_fma_single/nb_kernel_ElecEwSw_VdwNone_GeomP1P1_avx_128_fma_single.cpp
  - src/gromacs/gmxlib/nonbonded/nb_kernel_avx_128_fma_single/nb_kernel_ElecEwSw_VdwNone_GeomW3P1_avx_128_fma_single.cpp
  - src/gromacs/gmxlib/nonbonded/nb_kernel_avx_128_fma_single/nb_kernel_ElecEwSw_VdwNone_GeomW3W3_avx_128_fma_single.cpp
  - src/gromacs/gmxlib/nonbonded/nb_kernel_avx_128_fma_single/nb_kernel_ElecEwSw_VdwNone_GeomW4P1_avx_128_fma_single.cpp
  - src/gromacs/gmxlib/nonbonded/nb_kernel_avx_128_fma_single/nb_kernel_ElecEwSw_VdwNone_GeomW4W4_avx_128_fma_single.cpp
  - src/gromacs/gmxlib/nonbonded/nb_kernel_avx_128_fma_single/nb_kernel_ElecEw_VdwCSTab_GeomP1P1_avx_128_fma_single.cpp
  - src/gromacs/gmxlib/nonbonded/nb_kernel_avx_128_fma_single/nb_kernel_ElecEw_VdwCSTab_GeomW3P1_avx_128_fma_single.cpp
  - src/gromacs/gmxlib/nonbonded/nb_kernel_avx_128_fma_single/nb_kernel_ElecEw_VdwCSTab_GeomW3W3_avx_128_fma_single.cpp
  - src/gromacs/gmxlib/nonbonded/nb_kernel_avx_128_fma_single/nb_kernel_ElecEw_VdwCSTab_GeomW4P1_avx_128_fma_single.cpp
  - src/gromacs/gmxlib/nonbonded/nb_kernel_avx_128_fma_single/nb_kernel_ElecEw_VdwCSTab_GeomW4W4_avx_128_fma_single.cpp
  - src/gromacs/gmxlib/nonbonded/nb_kernel_avx_128_fma_single/nb_kernel_ElecEw_VdwLJEw_GeomP1P1_avx_128_fma_single.cpp
  - src/gromacs/gmxlib/nonbonded/nb_kernel_avx_128_fma_single/nb_kernel_ElecEw_VdwLJEw_GeomW3P1_avx_128_fma_single.cpp
  - src/gromacs/gmxlib/nonbonded/nb_kernel_avx_128_fma_single/nb_kernel_ElecEw_VdwLJEw_GeomW3W3_avx_128_fma_single.cpp
  - src/gromacs/gmxlib/nonbonded/nb_kernel_avx_128_fma_single/nb_kernel_ElecEw_VdwLJEw_GeomW4P1_avx_128_fma_single.cpp
  - src/gromacs/gmxlib/nonbonded/nb_kernel_avx_128_fma_single/nb_kernel_ElecEw_VdwLJEw_GeomW4W4_avx_128_fma_single.cpp
  - src/gromacs/gmxlib/nonbonded/nb_kernel_avx_128_fma_single/nb_kernel_ElecEw_VdwLJ_GeomP1P1_avx_128_fma_single.cpp
  - src/gromacs/gmxlib/nonbonded/nb_kernel_avx_128_fma_single/nb_kernel_ElecEw_VdwLJ_GeomW3P1_avx_128_fma_single.cpp
  - src/gromacs/gmxlib/nonbonded/nb_kernel_avx_128_fma_single/nb_kernel_ElecEw_VdwLJ_GeomW3W3_avx_128_fma_single.cpp
  - src/gromacs/gmxlib/nonbonded/nb_kernel_avx_128_fma_single/nb_kernel_ElecEw_VdwLJ_GeomW4P1_avx_128_fma_single.cpp
  - src/gromacs/gmxlib/nonbonded/nb_kernel_avx_128_fma_single/nb_kernel_ElecEw_VdwLJ_GeomW4W4_avx_128_fma_single.cpp
  - src/gromacs/gmxlib/nonbonded/nb_kernel_avx_128_fma_single/nb_kernel_ElecEw_VdwNone_GeomP1P1_avx_128_fma_single.cpp
  - src/gromacs/gmxlib/nonbonded/nb_kernel_avx_128_fma_single/nb_kernel_ElecEw_VdwNone_GeomW3P1_avx_128_fma_single.cpp
  - src/gromacs/gmxlib/nonbonded/nb_kernel_avx_128_fma_single/nb_kernel_ElecEw_VdwNone_GeomW3W3_avx_128_fma_single.cpp
  - src/gromacs/gmxlib/nonbonded/nb_kernel_avx_128_fma_single/nb_kernel_ElecEw_VdwNone_GeomW4P1_avx_128_fma_single.cpp
  - src/gromacs/gmxlib/nonbonded/nb_kernel_avx_128_fma_single/nb_kernel_ElecEw_VdwNone_GeomW4W4_avx_128_fma_single.cpp
  - src/gromacs/gmxlib/nonbonded/nb_kernel_avx_128_fma_single/nb_kernel_ElecGB_VdwCSTab_GeomP1P1_avx_128_fma_single.cpp
  - src/gromacs/gmxlib/nonbonded/nb_kernel_avx_128_fma_single/nb_kernel_ElecGB_VdwLJ_GeomP1P1_avx_128_fma_single.cpp
  - src/gromacs/gmxlib/nonbonded/nb_kernel_avx_128_fma_single/nb_kernel_ElecGB_VdwNone_GeomP1P1_avx_128_fma_single.cpp
  - src/gromacs/gmxlib/nonbonded/nb_kernel_avx_128_fma_single/nb_kernel_ElecNone_VdwCSTab_GeomP1P1_avx_128_fma_single.cpp
  - src/gromacs/gmxlib/nonbonded/nb_kernel_avx_128_fma_single/nb_kernel_ElecNone_VdwLJEwSh_GeomP1P1_avx_128_fma_single.cpp
  - src/gromacs/gmxlib/nonbonded/nb_kernel_avx_128_fma_single/nb_kernel_ElecNone_VdwLJEw_GeomP1P1_avx_128_fma_single.cpp
  - src/gromacs/gmxlib/nonbonded/nb_kernel_avx_128_fma_single/nb_kernel_ElecNone_VdwLJSh_GeomP1P1_avx_128_fma_single.cpp
  - src/gromacs/gmxlib/nonbonded/nb_kernel_avx_128_fma_single/nb_kernel_ElecNone_VdwLJSw_GeomP1P1_avx_128_fma_single.cpp
  - src/gromacs/gmxlib/nonbonded/nb_kernel_avx_128_fma_single/nb_kernel_ElecNone_VdwLJ_GeomP1P1_avx_128_fma_single.cpp
  - src/gromacs/gmxlib/nonbonded/nb_kernel_avx_128_fma_single/nb_kernel_ElecRFCut_VdwCSTab_GeomP1P1_avx_128_fma_single.cpp
  - src/gromacs/gmxlib/nonbonded/nb_kernel_avx_128_fma_single/nb_kernel_ElecRFCut_VdwCSTab_GeomW3P1_avx_128_fma_single.cpp
  - src/gromacs/gmxlib/nonbonded/nb_kernel_avx_128_fma_single/nb_kernel_ElecRFCut_VdwCSTab_GeomW3W3_avx_128_fma_single.cpp
  - src/gromacs/gmxlib/nonbonded/nb_kernel_avx_128_fma_single/nb_kernel_ElecRFCut_VdwCSTab_GeomW4P1_avx_128_fma_single.cpp
  - src/gromacs/gmxlib/nonbonded/nb_kernel_avx_128_fma_single/nb_kernel_ElecRFCut_VdwCSTab_GeomW4W4_avx_128_fma_single.cpp
  - src/gromacs/gmxlib/nonbonded/nb_kernel_avx_128_fma_single/nb_kernel_ElecRFCut_VdwLJSh_GeomP1P1_avx_128_fma_single.cpp
  - src/gromacs/gmxlib/nonbonded/nb_kernel_avx_128_fma_single/nb_kernel_ElecRFCut_VdwLJSh_GeomW3P1_avx_128_fma_single.cpp
  - src/gromacs/gmxlib/nonbonded/nb_kernel_avx_128_fma_single/nb_kernel_ElecRFCut_VdwLJSh_GeomW3W3_avx_128_fma_single.cpp
  - src/gromacs/gmxlib/nonbonded/nb_kernel_avx_128_fma_single/nb_kernel_ElecRFCut_VdwLJSh_GeomW4P1_avx_128_fma_single.cpp
  - src/gromacs/gmxlib/nonbonded/nb_kernel_avx_128_fma_single/nb_kernel_ElecRFCut_VdwLJSh_GeomW4W4_avx_128_fma_single.cpp
  - src/gromacs/gmxlib/nonbonded/nb_kernel_avx_128_fma_single/nb_kernel_ElecRFCut_VdwLJSw_GeomP1P1_avx_128_fma_single.cpp
  - src/gromacs/gmxlib/nonbonded/nb_kernel_avx_128_fma_single/nb_kernel_ElecRFCut_VdwLJSw_GeomW3P1_avx_128_fma_single.cpp
  - src/gromacs/gmxlib/nonbonded/nb_kernel_avx_128_fma_single/nb_kernel_ElecRFCut_VdwLJSw_GeomW3W3_avx_128_fma_single.cpp
  - src/gromacs/gmxlib/nonbonded/nb_kernel_avx_128_fma_single/nb_kernel_ElecRFCut_VdwLJSw_GeomW4P1_avx_128_fma_single.cpp
  - src/gromacs/gmxlib/nonbonded/nb_kernel_avx_128_fma_single/nb_kernel_ElecRFCut_VdwLJSw_GeomW4W4_avx_128_fma_single.cpp
  - src/gromacs/gmxlib/nonbonded/nb_kernel_avx_128_fma_single/nb_kernel_ElecRFCut_VdwNone_GeomP1P1_avx_128_fma_single.cpp
  - src/gromacs/gmxlib/nonbonded/nb_kernel_avx_128_fma_single/nb_kernel_ElecRFCut_VdwNone_GeomW3P1_avx_128_fma_single.cpp
  - src/gromacs/gmxlib/nonbonded/nb_kernel_avx_128_fma_single/nb_kernel_ElecRFCut_VdwNone_GeomW3W3_avx_128_fma_single.cpp
  - src/gromacs/gmxlib/nonbonded/nb_kernel_avx_128_fma_single/nb_kernel_ElecRFCut_VdwNone_GeomW4P1_avx_128_fma_single.cpp
  - src/gromacs/gmxlib/nonbonded/nb_kernel_avx_128_fma_single/nb_kernel_ElecRFCut_VdwNone_GeomW4W4_avx_128_fma_single.cpp
  - src/gromacs/gmxlib/nonbonded/nb_kernel_avx_128_fma_single/nb_kernel_ElecRF_VdwCSTab_GeomP1P1_avx_128_fma_single.cpp
  - src/gromacs/gmxlib/nonbonded/nb_kernel_avx_128_fma_single/nb_kernel_ElecRF_VdwCSTab_GeomW3P1_avx_128_fma_single.cpp
  - src/gromacs/gmxlib/nonbonded/nb_kernel_avx_128_fma_single/nb_kernel_ElecRF_VdwCSTab_GeomW3W3_avx_128_fma_single.cpp
  - src/gromacs/gmxlib/nonbonded/nb_kernel_avx_128_fma_single/nb_kernel_ElecRF_VdwCSTab_GeomW4P1_avx_128_fma_single.cpp
  - src/gromacs/gmxlib/nonbonded/nb_kernel_avx_128_fma_single/nb_kernel_ElecRF_VdwCSTab_GeomW4W4_avx_128_fma_single.cpp
  - src/gromacs/gmxlib/nonbonded/nb_kernel_avx_128_fma_single/nb_kernel_ElecRF_VdwLJ_GeomP1P1_avx_128_fma_single.cpp
  - src/gromacs/gmxlib/nonbonded/nb_kernel_avx_128_fma_single/nb_kernel_ElecRF_VdwLJ_GeomW3P1_avx_128_fma_single.cpp
  - src/gromacs/gmxlib/nonbonded/nb_kernel_avx_128_fma_single/nb_kernel_ElecRF_VdwLJ_GeomW3W3_avx_128_fma_single.cpp
  - src/gromacs/gmxlib/nonbonded/nb_kernel_avx_128_fma_single/nb_kernel_ElecRF_VdwLJ_GeomW4P1_avx_128_fma_single.cpp
  - src/gromacs/gmxlib/nonbonded/nb_kernel_avx_128_fma_single/nb_kernel_ElecRF_VdwLJ_GeomW4W4_avx_128_fma_single.cpp
  - src/gromacs/gmxlib/nonbonded/nb_kernel_avx_128_fma_single/nb_kernel_ElecRF_VdwNone_GeomP1P1_avx_128_fma_single.cpp
  - src/gromacs/gmxlib/nonbonded/nb_kernel_avx_128_fma_single/nb_kernel_ElecRF_VdwNone_GeomW3P1_avx_128_fma_single.cpp
  - src/gromacs/gmxlib/nonbonded/nb_kernel_avx_128_fma_single/nb_kernel_ElecRF_VdwNone_GeomW3W3_avx_128_fma_single.cpp
  - src/gromacs/gmxlib/nonbonded/nb_kernel_avx_128_fma_single/nb_kernel_ElecRF_VdwNone_GeomW4P1_avx_128_fma_single.cpp
  - src/gromacs/gmxlib/nonbonded/nb_kernel_avx_128_fma_single/nb_kernel_ElecRF_VdwNone_GeomW4W4_avx_128_fma_single.cpp
  - src/gromacs/gmxlib/nonbonded/nb_kernel_avx_128_fma_single/nb_kernel_avx_128_fma_single.cpp
  - src/gromacs/gmxlib/nonbonded/nb_kernel_avx_256_single/nb_kernel_ElecCSTab_VdwCSTab_GeomP1P1_avx_256_single.cpp
  - src/gromacs/gmxlib/nonbonded/nb_kernel_avx_256_single/nb_kernel_ElecCSTab_VdwCSTab_GeomW3P1_avx_256_single.cpp
  - src/gromacs/gmxlib/nonbonded/nb_kernel_avx_256_single/nb_kernel_ElecCSTab_VdwCSTab_GeomW3W3_avx_256_single.cpp
  - src/gromacs/gmxlib/nonbonded/nb_kernel_avx_256_single/nb_kernel_ElecCSTab_VdwCSTab_GeomW4P1_avx_256_single.cpp
  - src/gromacs/gmxlib/nonbonded/nb_kernel_avx_256_single/nb_kernel_ElecCSTab_VdwCSTab_GeomW4W4_avx_256_single.cpp
  - src/gromacs/gmxlib/nonbonded/nb_kernel_avx_256_single/nb_kernel_ElecCSTab_VdwLJ_GeomP1P1_avx_256_single.cpp
  - src/gromacs/gmxlib/nonbonded/nb_kernel_avx_256_single/nb_kernel_ElecCSTab_VdwLJ_GeomW3P1_avx_256_single.cpp
  - src/gromacs/gmxlib/nonbonded/nb_kernel_avx_256_single/nb_kernel_ElecCSTab_VdwLJ_GeomW3W3_avx_256_single.cpp
  - src/gromacs/gmxlib/nonbonded/nb_kernel_avx_256_single/nb_kernel_ElecCSTab_VdwLJ_GeomW4P1_avx_256_single.cpp
  - src/gromacs/gmxlib/nonbonded/nb_kernel_avx_256_single/nb_kernel_ElecCSTab_VdwLJ_GeomW4W4_avx_256_single.cpp
  - src/gromacs/gmxlib/nonbonded/nb_kernel_avx_256_single/nb_kernel_ElecCSTab_VdwNone_GeomP1P1_avx_256_single.cpp
  - src/gromacs/gmxlib/nonbonded/nb_kernel_avx_256_single/nb_kernel_ElecCSTab_VdwNone_GeomW3P1_avx_256_single.cpp
  - src/gromacs/gmxlib/nonbonded/nb_kernel_avx_256_single/nb_kernel_ElecCSTab_VdwNone_GeomW3W3_avx_256_single.cpp
  - src/gromacs/gmxlib/nonbonded/nb_kernel_avx_256_single/nb_kernel_ElecCSTab_VdwNone_GeomW4P1_avx_256_single.cpp
  - src/gromacs/gmxlib/nonbonded/nb_kernel_avx_256_single/nb_kernel_ElecCSTab_VdwNone_GeomW4W4_avx_256_single.cpp
  - src/gromacs/gmxlib/nonbonded/nb_kernel_avx_256_single/nb_kernel_ElecCoul_VdwCSTab_GeomP1P1_avx_256_single.cpp
  - src/gromacs/gmxlib/nonbonded/nb_kernel_avx_256_single/nb_kernel_ElecCoul_VdwCSTab_GeomW3P1_avx_256_single.cpp
  - src/gromacs/gmxlib/nonbonded/nb_kernel_avx_256_single/nb_kernel_ElecCoul_VdwCSTab_GeomW3W3_avx_256_single.cpp
  - src/gromacs/gmxlib/nonbonded/nb_kernel_avx_256_single/nb_kernel_ElecCoul_VdwCSTab_GeomW4P1_avx_256_single.cpp
  - src/gromacs/gmxlib/nonbonded/nb_kernel_avx_256_single/nb_kernel_ElecCoul_VdwCSTab_GeomW4W4_avx_256_single.cpp
  - src/gromacs/gmxlib/nonbonded/nb_kernel_avx_256_single/nb_kernel_ElecCoul_VdwLJ_GeomP1P1_avx_256_single.cpp
  - src/gromacs/gmxlib/nonbonded/nb_kernel_avx_256_single/nb_kernel_ElecCoul_VdwLJ_GeomW3P1_avx_256_single.cpp
  - src/gromacs/gmxlib/nonbonded/nb_kernel_avx_256_single/nb_kernel_ElecCoul_VdwLJ_GeomW3W3_avx_256_single.cpp
  - src/gromacs/gmxlib/nonbonded/nb_kernel_avx_256_single/nb_kernel_ElecCoul_VdwLJ_GeomW4P1_avx_256_single.cpp
  - src/gromacs/gmxlib/nonbonded/nb_kernel_avx_256_single/nb_kernel_ElecCoul_VdwLJ_GeomW4W4_avx_256_single.cpp
  - src/gromacs/gmxlib/nonbonded/nb_kernel_avx_256_single/nb_kernel_ElecCoul_VdwNone_GeomP1P1_avx_256_single.cpp
  - src/gromacs/gmxlib/nonbonded/nb_kernel_avx_256_single/nb_kernel_ElecCoul_VdwNone_GeomW3P1_avx_256_single.cpp
  - src/gromacs/gmxlib/nonbonded/nb_kernel_avx_256_single/nb_kernel_ElecCoul_VdwNone_GeomW3W3_avx_256_single.cpp
  - src/gromacs/gmxlib/nonbonded/nb_kernel_avx_256_single/nb_kernel_ElecCoul_VdwNone_GeomW4P1_avx_256_single.cpp
  - src/gromacs/gmxlib/nonbonded/nb_kernel_avx_256_single/nb_kernel_ElecCoul_VdwNone_GeomW4W4_avx_256_single.cpp
  - src/gromacs/gmxlib/nonbonded/nb_kernel_avx_256_single/nb_kernel_ElecEwSh_VdwLJEwSh_GeomP1P1_avx_256_single.cpp
  - src/gromacs/gmxlib/nonbonded/nb_kernel_avx_256_single/nb_kernel_ElecEwSh_VdwLJEwSh_GeomW3P1_avx_256_single.cpp
  - src/gromacs/gmxlib/nonbonded/nb_kernel_avx_256_single/nb_kernel_ElecEwSh_VdwLJEwSh_GeomW3W3_avx_256_single.cpp
  - src/gromacs/gmxlib/nonbonded/nb_kernel_avx_256_single/nb_kernel_ElecEwSh_VdwLJEwSh_GeomW4P1_avx_256_single.cpp
  - src/gromacs/gmxlib/nonbonded/nb_kernel_avx_256_single/nb_kernel_ElecEwSh_VdwLJEwSh_GeomW4W4_avx_256_single.cpp
  - src/gromacs/gmxlib/nonbonded/nb_kernel_avx_256_single/nb_kernel_ElecEwSh_VdwLJSh_GeomP1P1_avx_256_single.cpp
  - src/gromacs/gmxlib/nonbonded/nb_kernel_avx_256_single/nb_kernel_ElecEwSh_VdwLJSh_GeomW3P1_avx_256_single.cpp
  - src/gromacs/gmxlib/nonbonded/nb_kernel_avx_256_single/nb_kernel_ElecEwSh_VdwLJSh_GeomW3W3_avx_256_single.cpp
  - src/gromacs/gmxlib/nonbonded/nb_kernel_avx_256_single/nb_kernel_ElecEwSh_VdwLJSh_GeomW4P1_avx_256_single.cpp
  - src/gromacs/gmxlib/nonbonded/nb_kernel_avx_256_single/nb_kernel_ElecEwSh_VdwLJSh_GeomW4W4_avx_256_single.cpp
  - src/gromacs/gmxlib/nonbonded/nb_kernel_avx_256_single/nb_kernel_ElecEwSh_VdwNone_GeomP1P1_avx_256_single.cpp
  - src/gromacs/gmxlib/nonbonded/nb_kernel_avx_256_single/nb_kernel_ElecEwSh_VdwNone_GeomW3P1_avx_256_single.cpp
  - src/gromacs/gmxlib/nonbonded/nb_kernel_avx_256_single/nb_kernel_ElecEwSh_VdwNone_GeomW3W3_avx_256_single.cpp
  - src/gromacs/gmxlib/nonbonded/nb_kernel_avx_256_single/nb_kernel_ElecEwSh_VdwNone_GeomW4P1_avx_256_single.cpp
  - src/gromacs/gmxlib/nonbonded/nb_kernel_avx_256_single/nb_kernel_ElecEwSh_VdwNone_GeomW4W4_avx_256_single.cpp
  - src/gromacs/gmxlib/nonbonded/nb_kernel_avx_256_single/nb_kernel_ElecEwSw_VdwLJSw_GeomP1P1_avx_256_single.cpp
  - src/gromacs/gmxlib/nonbonded/nb_kernel_avx_256_single/nb_kernel_ElecEwSw_VdwLJSw_GeomW3P1_avx_256_single.cpp
  - src/gromacs/gmxlib/nonbonded/nb_kernel_avx_256_single/nb_kernel_ElecEwSw_VdwLJSw_GeomW3W3_avx_256_single.cpp
  - src/gromacs/gmxlib/nonbonded/nb_kernel_avx_256_single/nb_kernel_ElecEwSw_VdwLJSw_GeomW4P1_avx_256_single.cpp
  - src/gromacs/gmxlib/nonbonded/nb_kernel_avx_256_single/nb_kernel_ElecEwSw_VdwLJSw_GeomW4W4_avx_256_single.cpp
  - src/gromacs/gmxlib/nonbonded/nb_kernel_avx_256_single/nb_kernel_ElecEwSw_VdwNone_GeomP1P1_avx_256_single.cpp
  - src/gromacs/gmxlib/nonbonded/nb_kernel_avx_256_single/nb_kernel_ElecEwSw_VdwNone_GeomW3P1_avx_256_single.cpp
  - src/gromacs/gmxlib/nonbonded/nb_kernel_avx_256_single/nb_kernel_ElecEwSw_VdwNone_GeomW3W3_avx_256_single.cpp
  - src/gromacs/gmxlib/nonbonded/nb_kernel_avx_256_single/nb_kernel_ElecEwSw_VdwNone_GeomW4P1_avx_256_single.cpp
  - src/gromacs/gmxlib/nonbonded/nb_kernel_avx_256_single/nb_kernel_ElecEwSw_VdwNone_GeomW4W4_avx_256_single.cpp
  - src/gromacs/gmxlib/nonbonded/nb_kernel_avx_256_single/nb_kernel_ElecEw_VdwCSTab_GeomP1P1_avx_256_single.cpp
  - src/gromacs/gmxlib/nonbonded/nb_kernel_avx_256_single/nb_kernel_ElecEw_VdwCSTab_GeomW3P1_avx_256_single.cpp
  - src/gromacs/gmxlib/nonbonded/nb_kernel_avx_256_single/nb_kernel_ElecEw_VdwCSTab_GeomW3W3_avx_256_single.cpp
  - src/gromacs/gmxlib/nonbonded/nb_kernel_avx_256_single/nb_kernel_ElecEw_VdwCSTab_GeomW4P1_avx_256_single.cpp
  - src/gromacs/gmxlib/nonbonded/nb_kernel_avx_256_single/nb_kernel_ElecEw_VdwCSTab_GeomW4W4_avx_256_single.cpp
  - src/gromacs/gmxlib/nonbonded/nb_kernel_avx_256_single/nb_kernel_ElecEw_VdwLJEw_GeomP1P1_avx_256_single.cpp
  - src/gromacs/gmxlib/nonbonded/nb_kernel_avx_256_single/nb_kernel_ElecEw_VdwLJEw_GeomW3P1_avx_256_single.cpp
  - src/gromacs/gmxlib/nonbonded/nb_kernel_avx_256_single/nb_kernel_ElecEw_VdwLJEw_GeomW3W3_avx_256_single.cpp
  - src/gromacs/gmxlib/nonbonded/nb_kernel_avx_256_single/nb_kernel_ElecEw_VdwLJEw_GeomW4P1_avx_256_single.cpp
  - src/gromacs/gmxlib/nonbonded/nb_kernel_avx_256_single/nb_kernel_ElecEw_VdwLJEw_GeomW4W4_avx_256_single.cpp
  - src/gromacs/gmxlib/nonbonded/nb_kernel_avx_256_single/nb_kernel_ElecEw_VdwLJ_GeomP1P1_avx_256_single.cpp
  - src/gromacs/gmxlib/nonbonded/nb_kernel_avx_256_single/nb_kernel_ElecEw_VdwLJ_GeomW3P1_avx_256_single.cpp
  - src/gromacs/gmxlib/nonbonded/nb_kernel_avx_256_single/nb_kernel_ElecEw_VdwLJ_GeomW3W3_avx_256_single.cpp
  - src/gromacs/gmxlib/nonbonded/nb_kernel_avx_256_single/nb_kernel_ElecEw_VdwLJ_GeomW4P1_avx_256_single.cpp
  - src/gromacs/gmxlib/nonbonded/nb_kernel_avx_256_single/nb_kernel_ElecEw_VdwLJ_GeomW4W4_avx_256_single.cpp
  - src/gromacs/gmxlib/nonbonded/nb_kernel_avx_256_single/nb_kernel_ElecEw_VdwNone_GeomP1P1_avx_256_single.cpp
  - src/gromacs/gmxlib/nonbonded/nb_kernel_avx_256_single/nb_kernel_ElecEw_VdwNone_GeomW3P1_avx_256_single.cpp
  - src/gromacs/gmxlib/nonbonded/nb_kernel_avx_256_single/nb_kernel_ElecEw_VdwNone_GeomW3W3_avx_256_single.cpp
  - src/gromacs/gmxlib/nonbonded/nb_kernel_avx_256_single/nb_kernel_ElecEw_VdwNone_GeomW4P1_avx_256_single.cpp
  - src/gromacs/gmxlib/nonbonded/nb_kernel_avx_256_single/nb_kernel_ElecEw_VdwNone_GeomW4W4_avx_256_single.cpp
  - src/gromacs/gmxlib/nonbonded/nb_kernel_avx_256_single/nb_kernel_ElecGB_VdwCSTab_GeomP1P1_avx_256_single.cpp
  - src/gromacs/gmxlib/nonbonded/nb_kernel_avx_256_single/nb_kernel_ElecGB_VdwLJ_GeomP1P1_avx_256_single.cpp
  - src/gromacs/gmxlib/nonbonded/nb_kernel_avx_256_single/nb_kernel_ElecGB_VdwNone_GeomP1P1_avx_256_single.cpp
  - src/gromacs/gmxlib/nonbonded/nb_kernel_avx_256_single/nb_kernel_ElecNone_VdwCSTab_GeomP1P1_avx_256_single.cpp
  - src/gromacs/gmxlib/nonbonded/nb_kernel_avx_256_single/nb_kernel_ElecNone_VdwLJEwSh_GeomP1P1_avx_256_single.cpp
  - src/gromacs/gmxlib/nonbonded/nb_kernel_avx_256_single/nb_kernel_ElecNone_VdwLJEw_GeomP1P1_avx_256_single.cpp
  - src/gromacs/gmxlib/nonbonded/nb_kernel_avx_256_single/nb_kernel_ElecNone_VdwLJSh_GeomP1P1_avx_256_single.cpp
  - src/gromacs/gmxlib/nonbonded/nb_kernel_avx_256_single/nb_kernel_ElecNone_VdwLJSw_GeomP1P1_avx_256_single.cpp
  - src/gromacs/gmxlib/nonbonded/nb_kernel_avx_256_single/nb_kernel_ElecNone_VdwLJ_GeomP1P1_avx_256_single.cpp
  - src/gromacs/gmxlib/nonbonded/nb_kernel_avx_256_single/nb_kernel_ElecRFCut_VdwCSTab_GeomP1P1_avx_256_single.cpp
  - src/gromacs/gmxlib/nonbonded/nb_kernel_avx_256_single/nb_kernel_ElecRFCut_VdwCSTab_GeomW3P1_avx_256_single.cpp
  - src/gromacs/gmxlib/nonbonded/nb_kernel_avx_256_single/nb_kernel_ElecRFCut_VdwCSTab_GeomW3W3_avx_256_single.cpp
  - src/gromacs/gmxlib/nonbonded/nb_kernel_avx_256_single/nb_kernel_ElecRFCut_VdwCSTab_GeomW4P1_avx_256_single.cpp
  - src/gromacs/gmxlib/nonbonded/nb_kernel_avx_256_single/nb_kernel_ElecRFCut_VdwCSTab_GeomW4W4_avx_256_single.cpp
  - src/gromacs/gmxlib/nonbonded/nb_kernel_avx_256_single/nb_kernel_ElecRFCut_VdwLJSh_GeomP1P1_avx_256_single.cpp
  - src/gromacs/gmxlib/nonbonded/nb_kernel_avx_256_single/nb_kernel_ElecRFCut_VdwLJSh_GeomW3P1_avx_256_single.cpp
  - src/gromacs/gmxlib/nonbonded/nb_kernel_avx_256_single/nb_kernel_ElecRFCut_VdwLJSh_GeomW3W3_avx_256_single.cpp
  - src/gromacs/gmxlib/nonbonded/nb_kernel_avx_256_single/nb_kernel_ElecRFCut_VdwLJSh_GeomW4P1_avx_256_single.cpp
  - src/gromacs/gmxlib/nonbonded/nb_kernel_avx_256_single/nb_kernel_ElecRFCut_VdwLJSh_GeomW4W4_avx_256_single.cpp
  - src/gromacs/gmxlib/nonbonded/nb_kernel_avx_256_single/nb_kernel_ElecRFCut_VdwLJSw_GeomP1P1_avx_256_single.cpp
  - src/gromacs/gmxlib/nonbonded/nb_kernel_avx_256_single/nb_kernel_ElecRFCut_VdwLJSw_GeomW3P1_avx_256_single.cpp
  - src/gromacs/gmxlib/nonbonded/nb_kernel_avx_256_single/nb_kernel_ElecRFCut_VdwLJSw_GeomW3W3_avx_256_single.cpp
  - src/gromacs/gmxlib/nonbonded/nb_kernel_avx_256_single/nb_kernel_ElecRFCut_VdwLJSw_GeomW4P1_avx_256_single.cpp
  - src/gromacs/gmxlib/nonbonded/nb_kernel_avx_256_single/nb_kernel_ElecRFCut_VdwLJSw_GeomW4W4_avx_256_single.cpp
  - src/gromacs/gmxlib/nonbonded/nb_kernel_avx_256_single/nb_kernel_ElecRFCut_VdwNone_GeomP1P1_avx_256_single.cpp
  - src/gromacs/gmxlib/nonbonded/nb_kernel_avx_256_single/nb_kernel_ElecRFCut_VdwNone_GeomW3P1_avx_256_single.cpp
  - src/gromacs/gmxlib/nonbonded/nb_kernel_avx_256_single/nb_kernel_ElecRFCut_VdwNone_GeomW3W3_avx_256_single.cpp
  - src/gromacs/gmxlib/nonbonded/nb_kernel_avx_256_single/nb_kernel_ElecRFCut_VdwNone_GeomW4P1_avx_256_single.cpp
  - src/gromacs/gmxlib/nonbonded/nb_kernel_avx_256_single/nb_kernel_ElecRFCut_VdwNone_GeomW4W4_avx_256_single.cpp
  - src/gromacs/gmxlib/nonbonded/nb_kernel_avx_256_single/nb_kernel_ElecRF_VdwCSTab_GeomP1P1_avx_256_single.cpp
  - src/gromacs/gmxlib/nonbonded/nb_kernel_avx_256_single/nb_kernel_ElecRF_VdwCSTab_GeomW3P1_avx_256_single.cpp
  - src/gromacs/gmxlib/nonbonded/nb_kernel_avx_256_single/nb_kernel_ElecRF_VdwCSTab_GeomW3W3_avx_256_single.cpp
  - src/gromacs/gmxlib/nonbonded/nb_kernel_avx_256_single/nb_kernel_ElecRF_VdwCSTab_GeomW4P1_avx_256_single.cpp
  - src/gromacs/gmxlib/nonbonded/nb_kernel_avx_256_single/nb_kernel_ElecRF_VdwCSTab_GeomW4W4_avx_256_single.cpp
  - src/gromacs/gmxlib/nonbonded/nb_kernel_avx_256_single/nb_kernel_ElecRF_VdwLJ_GeomP1P1_avx_256_single.cpp
  - src/gromacs/gmxlib/nonbonded/nb_kernel_avx_256_single/nb_kernel_ElecRF_VdwLJ_GeomW3P1_avx_256_single.cpp
  - src/gromacs/gmxlib/nonbonded/nb_kernel_avx_256_single/nb_kernel_ElecRF_VdwLJ_GeomW3W3_avx_256_single.cpp
  - src/gromacs/gmxlib/nonbonded/nb_kernel_avx_256_single/nb_kernel_ElecRF_VdwLJ_GeomW4P1_avx_256_single.cpp
  - src/gromacs/gmxlib/nonbonded/nb_kernel_avx_256_single/nb_kernel_ElecRF_VdwLJ_GeomW4W4_avx_256_single.cpp
  - src/gromacs/gmxlib/nonbonded/nb_kernel_avx_256_single/nb_kernel_ElecRF_VdwNone_GeomP1P1_avx_256_single.cpp
  - src/gromacs/gmxlib/nonbonded/nb_kernel_avx_256_single/nb_kernel_ElecRF_VdwNone_GeomW3P1_avx_256_single.cpp
  - src/gromacs/gmxlib/nonbonded/nb_kernel_avx_256_single/nb_kernel_ElecRF_VdwNone_GeomW3W3_avx_256_single.cpp
  - src/gromacs/gmxlib/nonbonded/nb_kernel_avx_256_single/nb_kernel_ElecRF_VdwNone_GeomW4P1_avx_256_single.cpp
  - src/gromacs/gmxlib/nonbonded/nb_kernel_avx_256_single/nb_kernel_ElecRF_VdwNone_GeomW4W4_avx_256_single.cpp
  - src/gromacs/gmxlib/nonbonded/nb_kernel_avx_256_single/nb_kernel_avx_256_single.cpp
  - src/gromacs/gmxlib/nonbonded/nb_kernel_sparc64_hpc_ace_double/nb_kernel_ElecCSTab_VdwCSTab_GeomP1P1_sparc64_hpc_ace_double.cpp
  - src/gromacs/gmxlib/nonbonded/nb_kernel_sparc64_hpc_ace_double/nb_kernel_ElecCSTab_VdwCSTab_GeomW3P1_sparc64_hpc_ace_double.cpp
  - src/gromacs/gmxlib/nonbonded/nb_kernel_sparc64_hpc_ace_double/nb_kernel_ElecCSTab_VdwCSTab_GeomW3W3_sparc64_hpc_ace_double.cpp
  - src/gromacs/gmxlib/nonbonded/nb_kernel_sparc64_hpc_ace_double/nb_kernel_ElecCSTab_VdwCSTab_GeomW4P1_sparc64_hpc_ace_double.cpp
  - src/gromacs/gmxlib/nonbonded/nb_kernel_sparc64_hpc_ace_double/nb_kernel_ElecCSTab_VdwCSTab_GeomW4W4_sparc64_hpc_ace_double.cpp
  - src/gromacs/gmxlib/nonbonded/nb_kernel_sparc64_hpc_ace_double/nb_kernel_ElecCSTab_VdwLJ_GeomP1P1_sparc64_hpc_ace_double.cpp
  - src/gromacs/gmxlib/nonbonded/nb_kernel_sparc64_hpc_ace_double/nb_kernel_ElecCSTab_VdwLJ_GeomW3P1_sparc64_hpc_ace_double.cpp
  - src/gromacs/gmxlib/nonbonded/nb_kernel_sparc64_hpc_ace_double/nb_kernel_ElecCSTab_VdwLJ_GeomW3W3_sparc64_hpc_ace_double.cpp
  - src/gromacs/gmxlib/nonbonded/nb_kernel_sparc64_hpc_ace_double/nb_kernel_ElecCSTab_VdwLJ_GeomW4P1_sparc64_hpc_ace_double.cpp
  - src/gromacs/gmxlib/nonbonded/nb_kernel_sparc64_hpc_ace_double/nb_kernel_ElecCSTab_VdwLJ_GeomW4W4_sparc64_hpc_ace_double.cpp
  - src/gromacs/gmxlib/nonbonded/nb_kernel_sparc64_hpc_ace_double/nb_kernel_ElecCSTab_VdwNone_GeomP1P1_sparc64_hpc_ace_double.cpp
  - src/gromacs/gmxlib/nonbonded/nb_kernel_sparc64_hpc_ace_double/nb_kernel_ElecCSTab_VdwNone_GeomW3P1_sparc64_hpc_ace_double.cpp
  - src/gromacs/gmxlib/nonbonded/nb_kernel_sparc64_hpc_ace_double/nb_kernel_ElecCSTab_VdwNone_GeomW3W3_sparc64_hpc_ace_double.cpp
  - src/gromacs/gmxlib/nonbonded/nb_kernel_sparc64_hpc_ace_double/nb_kernel_ElecCSTab_VdwNone_GeomW4P1_sparc64_hpc_ace_double.cpp
  - src/gromacs/gmxlib/nonbonded/nb_kernel_sparc64_hpc_ace_double/nb_kernel_ElecCSTab_VdwNone_GeomW4W4_sparc64_hpc_ace_double.cpp
  - src/gromacs/gmxlib/nonbonded/nb_kernel_sparc64_hpc_ace_double/nb_kernel_ElecCoul_VdwCSTab_GeomP1P1_sparc64_hpc_ace_double.cpp
  - src/gromacs/gmxlib/nonbonded/nb_kernel_sparc64_hpc_ace_double/nb_kernel_ElecCoul_VdwCSTab_GeomW3P1_sparc64_hpc_ace_double.cpp
  - src/gromacs/gmxlib/nonbonded/nb_kernel_sparc64_hpc_ace_double/nb_kernel_ElecCoul_VdwCSTab_GeomW3W3_sparc64_hpc_ace_double.cpp
  - src/gromacs/gmxlib/nonbonded/nb_kernel_sparc64_hpc_ace_double/nb_kernel_ElecCoul_VdwCSTab_GeomW4P1_sparc64_hpc_ace_double.cpp
  - src/gromacs/gmxlib/nonbonded/nb_kernel_sparc64_hpc_ace_double/nb_kernel_ElecCoul_VdwCSTab_GeomW4W4_sparc64_hpc_ace_double.cpp
  - src/gromacs/gmxlib/nonbonded/nb_kernel_sparc64_hpc_ace_double/nb_kernel_ElecCoul_VdwLJ_GeomP1P1_sparc64_hpc_ace_double.cpp
  - src/gromacs/gmxlib/nonbonded/nb_kernel_sparc64_hpc_ace_double/nb_kernel_ElecCoul_VdwLJ_GeomW3P1_sparc64_hpc_ace_double.cpp
  - src/gromacs/gmxlib/nonbonded/nb_kernel_sparc64_hpc_ace_double/nb_kernel_ElecCoul_VdwLJ_GeomW3W3_sparc64_hpc_ace_double.cpp
  - src/gromacs/gmxlib/nonbonded/nb_kernel_sparc64_hpc_ace_double/nb_kernel_ElecCoul_VdwLJ_GeomW4P1_sparc64_hpc_ace_double.cpp
  - src/gromacs/gmxlib/nonbonded/nb_kernel_sparc64_hpc_ace_double/nb_kernel_ElecCoul_VdwLJ_GeomW4W4_sparc64_hpc_ace_double.cpp
  - src/gromacs/gmxlib/nonbonded/nb_kernel_sparc64_hpc_ace_double/nb_kernel_ElecCoul_VdwNone_GeomP1P1_sparc64_hpc_ace_double.cpp
  - src/gromacs/gmxlib/nonbonded/nb_kernel_sparc64_hpc_ace_double/nb_kernel_ElecCoul_VdwNone_GeomW3P1_sparc64_hpc_ace_double.cpp
  - src/gromacs/gmxlib/nonbonded/nb_kernel_sparc64_hpc_ace_double/nb_kernel_ElecCoul_VdwNone_GeomW3W3_sparc64_hpc_ace_double.cpp
  - src/gromacs/gmxlib/nonbonded/nb_kernel_sparc64_hpc_ace_double/nb_kernel_ElecCoul_VdwNone_GeomW4P1_sparc64_hpc_ace_double.cpp
  - src/gromacs/gmxlib/nonbonded/nb_kernel_sparc64_hpc_ace_double/nb_kernel_ElecCoul_VdwNone_GeomW4W4_sparc64_hpc_ace_double.cpp
  - src/gromacs/gmxlib/nonbonded/nb_kernel_sparc64_hpc_ace_double/nb_kernel_ElecEwSh_VdwLJEwSh_GeomP1P1_sparc64_hpc_ace_double.cpp
  - src/gromacs/gmxlib/nonbonded/nb_kernel_sparc64_hpc_ace_double/nb_kernel_ElecEwSh_VdwLJEwSh_GeomW3P1_sparc64_hpc_ace_double.cpp
  - src/gromacs/gmxlib/nonbonded/nb_kernel_sparc64_hpc_ace_double/nb_kernel_ElecEwSh_VdwLJEwSh_GeomW3W3_sparc64_hpc_ace_double.cpp
  - src/gromacs/gmxlib/nonbonded/nb_kernel_sparc64_hpc_ace_double/nb_kernel_ElecEwSh_VdwLJEwSh_GeomW4P1_sparc64_hpc_ace_double.cpp
  - src/gromacs/gmxlib/nonbonded/nb_kernel_sparc64_hpc_ace_double/nb_kernel_ElecEwSh_VdwLJEwSh_GeomW4W4_sparc64_hpc_ace_double.cpp
  - src/gromacs/gmxlib/nonbonded/nb_kernel_sparc64_hpc_ace_double/nb_kernel_ElecEwSh_VdwLJSh_GeomP1P1_sparc64_hpc_ace_double.cpp
  - src/gromacs/gmxlib/nonbonded/nb_kernel_sparc64_hpc_ace_double/nb_kernel_ElecEwSh_VdwLJSh_GeomW3P1_sparc64_hpc_ace_double.cpp
  - src/gromacs/gmxlib/nonbonded/nb_kernel_sparc64_hpc_ace_double/nb_kernel_ElecEwSh_VdwLJSh_GeomW3W3_sparc64_hpc_ace_double.cpp
  - src/gromacs/gmxlib/nonbonded/nb_kernel_sparc64_hpc_ace_double/nb_kernel_ElecEwSh_VdwLJSh_GeomW4P1_sparc64_hpc_ace_double.cpp
  - src/gromacs/gmxlib/nonbonded/nb_kernel_sparc64_hpc_ace_double/nb_kernel_ElecEwSh_VdwLJSh_GeomW4W4_sparc64_hpc_ace_double.cpp
  - src/gromacs/gmxlib/nonbonded/nb_kernel_sparc64_hpc_ace_double/nb_kernel_ElecEwSh_VdwNone_GeomP1P1_sparc64_hpc_ace_double.cpp
  - src/gromacs/gmxlib/nonbonded/nb_kernel_sparc64_hpc_ace_double/nb_kernel_ElecEwSh_VdwNone_GeomW3P1_sparc64_hpc_ace_double.cpp
  - src/gromacs/gmxlib/nonbonded/nb_kernel_sparc64_hpc_ace_double/nb_kernel_ElecEwSh_VdwNone_GeomW3W3_sparc64_hpc_ace_double.cpp
  - src/gromacs/gmxlib/nonbonded/nb_kernel_sparc64_hpc_ace_double/nb_kernel_ElecEwSh_VdwNone_GeomW4P1_sparc64_hpc_ace_double.cpp
  - src/gromacs/gmxlib/nonbonded/nb_kernel_sparc64_hpc_ace_double/nb_kernel_ElecEwSh_VdwNone_GeomW4W4_sparc64_hpc_ace_double.cpp
  - src/gromacs/gmxlib/nonbonded/nb_kernel_sparc64_hpc_ace_double/nb_kernel_ElecEwSw_VdwLJSw_GeomP1P1_sparc64_hpc_ace_double.cpp
  - src/gromacs/gmxlib/nonbonded/nb_kernel_sparc64_hpc_ace_double/nb_kernel_ElecEwSw_VdwLJSw_GeomW3P1_sparc64_hpc_ace_double.cpp
  - src/gromacs/gmxlib/nonbonded/nb_kernel_sparc64_hpc_ace_double/nb_kernel_ElecEwSw_VdwLJSw_GeomW3W3_sparc64_hpc_ace_double.cpp
  - src/gromacs/gmxlib/nonbonded/nb_kernel_sparc64_hpc_ace_double/nb_kernel_ElecEwSw_VdwLJSw_GeomW4P1_sparc64_hpc_ace_double.cpp
  - src/gromacs/gmxlib/nonbonded/nb_kernel_sparc64_hpc_ace_double/nb_kernel_ElecEwSw_VdwLJSw_GeomW4W4_sparc64_hpc_ace_double.cpp
  - src/gromacs/gmxlib/nonbonded/nb_kernel_sparc64_hpc_ace_double/nb_kernel_ElecEwSw_VdwNone_GeomP1P1_sparc64_hpc_ace_double.cpp
  - src/gromacs/gmxlib/nonbonded/nb_kernel_sparc64_hpc_ace_double/nb_kernel_ElecEwSw_VdwNone_GeomW3P1_sparc64_hpc_ace_double.cpp
  - src/gromacs/gmxlib/nonbonded/nb_kernel_sparc64_hpc_ace_double/nb_kernel_ElecEwSw_VdwNone_GeomW3W3_sparc64_hpc_ace_double.cpp
  - src/gromacs/gmxlib/nonbonded/nb_kernel_sparc64_hpc_ace_double/nb_kernel_ElecEwSw_VdwNone_GeomW4P1_sparc64_hpc_ace_double.cpp
  - src/gromacs/gmxlib/nonbonded/nb_kernel_sparc64_hpc_ace_double/nb_kernel_ElecEwSw_VdwNone_GeomW4W4_sparc64_hpc_ace_double.cpp
  - src/gromacs/gmxlib/nonbonded/nb_kernel_sparc64_hpc_ace_double/nb_kernel_ElecEw_VdwCSTab_GeomP1P1_sparc64_hpc_ace_double.cpp
  - src/gromacs/gmxlib/nonbonded/nb_kernel_sparc64_hpc_ace_double/nb_kernel_ElecEw_VdwCSTab_GeomW3P1_sparc64_hpc_ace_double.cpp
  - src/gromacs/gmxlib/nonbonded/nb_kernel_sparc64_hpc_ace_double/nb_kernel_ElecEw_VdwCSTab_GeomW3W3_sparc64_hpc_ace_double.cpp
  - src/gromacs/gmxlib/nonbonded/nb_kernel_sparc64_hpc_ace_double/nb_kernel_ElecEw_VdwCSTab_GeomW4P1_sparc64_hpc_ace_double.cpp
  - src/gromacs/gmxlib/nonbonded/nb_kernel_sparc64_hpc_ace_double/nb_kernel_ElecEw_VdwCSTab_GeomW4W4_sparc64_hpc_ace_double.cpp
  - src/gromacs/gmxlib/nonbonded/nb_kernel_sparc64_hpc_ace_double/nb_kernel_ElecEw_VdwLJEw_GeomP1P1_sparc64_hpc_ace_double.cpp
  - src/gromacs/gmxlib/nonbonded/nb_kernel_sparc64_hpc_ace_double/nb_kernel_ElecEw_VdwLJEw_GeomW3P1_sparc64_hpc_ace_double.cpp
  - src/gromacs/gmxlib/nonbonded/nb_kernel_sparc64_hpc_ace_double/nb_kernel_ElecEw_VdwLJEw_GeomW3W3_sparc64_hpc_ace_double.cpp
  - src/gromacs/gmxlib/nonbonded/nb_kernel_sparc64_hpc_ace_double/nb_kernel_ElecEw_VdwLJEw_GeomW4P1_sparc64_hpc_ace_double.cpp
  - src/gromacs/gmxlib/nonbonded/nb_kernel_sparc64_hpc_ace_double/nb_kernel_ElecEw_VdwLJEw_GeomW4W4_sparc64_hpc_ace_double.cpp
  - src/gromacs/gmxlib/nonbonded/nb_kernel_sparc64_hpc_ace_double/nb_kernel_ElecEw_VdwLJ_GeomP1P1_sparc64_hpc_ace_double.cpp
  - src/gromacs/gmxlib/nonbonded/nb_kernel_sparc64_hpc_ace_double/nb_kernel_ElecEw_VdwLJ_GeomW3P1_sparc64_hpc_ace_double.cpp
  - src/gromacs/gmxlib/nonbonded/nb_kernel_sparc64_hpc_ace_double/nb_kernel_ElecEw_VdwLJ_GeomW3W3_sparc64_hpc_ace_double.cpp
  - src/gromacs/gmxlib/nonbonded/nb_kernel_sparc64_hpc_ace_double/nb_kernel_ElecEw_VdwLJ_GeomW4P1_sparc64_hpc_ace_double.cpp
  - src/gromacs/gmxlib/nonbonded/nb_kernel_sparc64_hpc_ace_double/nb_kernel_ElecEw_VdwLJ_GeomW4W4_sparc64_hpc_ace_double.cpp
  - src/gromacs/gmxlib/nonbonded/nb_kernel_sparc64_hpc_ace_double/nb_kernel_ElecEw_VdwNone_GeomP1P1_sparc64_hpc_ace_double.cpp
  - src/gromacs/gmxlib/nonbonded/nb_kernel_sparc64_hpc_ace_double/nb_kernel_ElecEw_VdwNone_GeomW3P1_sparc64_hpc_ace_double.cpp
  - src/gromacs/gmxlib/nonbonded/nb_kernel_sparc64_hpc_ace_double/nb_kernel_ElecEw_VdwNone_GeomW3W3_sparc64_hpc_ace_double.cpp
  - src/gromacs/gmxlib/nonbonded/nb_kernel_sparc64_hpc_ace_double/nb_kernel_ElecEw_VdwNone_GeomW4P1_sparc64_hpc_ace_double.cpp
  - src/gromacs/gmxlib/nonbonded/nb_kernel_sparc64_hpc_ace_double/nb_kernel_ElecEw_VdwNone_GeomW4W4_sparc64_hpc_ace_double.cpp
  - src/gromacs/gmxlib/nonbonded/nb_kernel_sparc64_hpc_ace_double/nb_kernel_ElecGB_VdwCSTab_GeomP1P1_sparc64_hpc_ace_double.cpp
  - src/gromacs/gmxlib/nonbonded/nb_kernel_sparc64_hpc_ace_double/nb_kernel_ElecGB_VdwLJ_GeomP1P1_sparc64_hpc_ace_double.cpp
  - src/gromacs/gmxlib/nonbonded/nb_kernel_sparc64_hpc_ace_double/nb_kernel_ElecGB_VdwNone_GeomP1P1_sparc64_hpc_ace_double.cpp
  - src/gromacs/gmxlib/nonbonded/nb_kernel_sparc64_hpc_ace_double/nb_kernel_ElecNone_VdwCSTab_GeomP1P1_sparc64_hpc_ace_double.cpp
  - src/gromacs/gmxlib/nonbonded/nb_kernel_sparc64_hpc_ace_double/nb_kernel_ElecNone_VdwLJEwSh_GeomP1P1_sparc64_hpc_ace_double.cpp
  - src/gromacs/gmxlib/nonbonded/nb_kernel_sparc64_hpc_ace_double/nb_kernel_ElecNone_VdwLJEw_GeomP1P1_sparc64_hpc_ace_double.cpp
  - src/gromacs/gmxlib/nonbonded/nb_kernel_sparc64_hpc_ace_double/nb_kernel_ElecNone_VdwLJSh_GeomP1P1_sparc64_hpc_ace_double.cpp
  - src/gromacs/gmxlib/nonbonded/nb_kernel_sparc64_hpc_ace_double/nb_kernel_ElecNone_VdwLJSw_GeomP1P1_sparc64_hpc_ace_double.cpp
  - src/gromacs/gmxlib/nonbonded/nb_kernel_sparc64_hpc_ace_double/nb_kernel_ElecNone_VdwLJ_GeomP1P1_sparc64_hpc_ace_double.cpp
  - src/gromacs/gmxlib/nonbonded/nb_kernel_sparc64_hpc_ace_double/nb_kernel_ElecRFCut_VdwCSTab_GeomP1P1_sparc64_hpc_ace_double.cpp
  - src/gromacs/gmxlib/nonbonded/nb_kernel_sparc64_hpc_ace_double/nb_kernel_ElecRFCut_VdwCSTab_GeomW3P1_sparc64_hpc_ace_double.cpp
  - src/gromacs/gmxlib/nonbonded/nb_kernel_sparc64_hpc_ace_double/nb_kernel_ElecRFCut_VdwCSTab_GeomW3W3_sparc64_hpc_ace_double.cpp
  - src/gromacs/gmxlib/nonbonded/nb_kernel_sparc64_hpc_ace_double/nb_kernel_ElecRFCut_VdwCSTab_GeomW4P1_sparc64_hpc_ace_double.cpp
  - src/gromacs/gmxlib/nonbonded/nb_kernel_sparc64_hpc_ace_double/nb_kernel_ElecRFCut_VdwCSTab_GeomW4W4_sparc64_hpc_ace_double.cpp
  - src/gromacs/gmxlib/nonbonded/nb_kernel_sparc64_hpc_ace_double/nb_kernel_ElecRFCut_VdwLJSh_GeomP1P1_sparc64_hpc_ace_double.cpp
  - src/gromacs/gmxlib/nonbonded/nb_kernel_sparc64_hpc_ace_double/nb_kernel_ElecRFCut_VdwLJSh_GeomW3P1_sparc64_hpc_ace_double.cpp
  - src/gromacs/gmxlib/nonbonded/nb_kernel_sparc64_hpc_ace_double/nb_kernel_ElecRFCut_VdwLJSh_GeomW3W3_sparc64_hpc_ace_double.cpp
  - src/gromacs/gmxlib/nonbonded/nb_kernel_sparc64_hpc_ace_double/nb_kernel_ElecRFCut_VdwLJSh_GeomW4P1_sparc64_hpc_ace_double.cpp
  - src/gromacs/gmxlib/nonbonded/nb_kernel_sparc64_hpc_ace_double/nb_kernel_ElecRFCut_VdwLJSh_GeomW4W4_sparc64_hpc_ace_double.cpp
  - src/gromacs/gmxlib/nonbonded/nb_kernel_sparc64_hpc_ace_double/nb_kernel_ElecRFCut_VdwLJSw_GeomP1P1_sparc64_hpc_ace_double.cpp
  - src/gromacs/gmxlib/nonbonded/nb_kernel_sparc64_hpc_ace_double/nb_kernel_ElecRFCut_VdwLJSw_GeomW3P1_sparc64_hpc_ace_double.cpp
  - src/gromacs/gmxlib/nonbonded/nb_kernel_sparc64_hpc_ace_double/nb_kernel_ElecRFCut_VdwLJSw_GeomW3W3_sparc64_hpc_ace_double.cpp
  - src/gromacs/gmxlib/nonbonded/nb_kernel_sparc64_hpc_ace_double/nb_kernel_ElecRFCut_VdwLJSw_GeomW4P1_sparc64_hpc_ace_double.cpp
  - src/gromacs/gmxlib/nonbonded/nb_kernel_sparc64_hpc_ace_double/nb_kernel_ElecRFCut_VdwLJSw_GeomW4W4_sparc64_hpc_ace_double.cpp
  - src/gromacs/gmxlib/nonbonded/nb_kernel_sparc64_hpc_ace_double/nb_kernel_ElecRFCut_VdwNone_GeomP1P1_sparc64_hpc_ace_double.cpp
  - src/gromacs/gmxlib/nonbonded/nb_kernel_sparc64_hpc_ace_double/nb_kernel_ElecRFCut_VdwNone_GeomW3P1_sparc64_hpc_ace_double.cpp
  - src/gromacs/gmxlib/nonbonded/nb_kernel_sparc64_hpc_ace_double/nb_kernel_ElecRFCut_VdwNone_GeomW3W3_sparc64_hpc_ace_double.cpp
  - src/gromacs/gmxlib/nonbonded/nb_kernel_sparc64_hpc_ace_double/nb_kernel_ElecRFCut_VdwNone_GeomW4P1_sparc64_hpc_ace_double.cpp
  - src/gromacs/gmxlib/nonbonded/nb_kernel_sparc64_hpc_ace_double/nb_kernel_ElecRFCut_VdwNone_GeomW4W4_sparc64_hpc_ace_double.cpp
  - src/gromacs/gmxlib/nonbonded/nb_kernel_sparc64_hpc_ace_double/nb_kernel_ElecRF_VdwCSTab_GeomP1P1_sparc64_hpc_ace_double.cpp
  - src/gromacs/gmxlib/nonbonded/nb_kernel_sparc64_hpc_ace_double/nb_kernel_ElecRF_VdwCSTab_GeomW3P1_sparc64_hpc_ace_double.cpp
  - src/gromacs/gmxlib/nonbonded/nb_kernel_sparc64_hpc_ace_double/nb_kernel_ElecRF_VdwCSTab_GeomW3W3_sparc64_hpc_ace_double.cpp
  - src/gromacs/gmxlib/nonbonded/nb_kernel_sparc64_hpc_ace_double/nb_kernel_ElecRF_VdwCSTab_GeomW4P1_sparc64_hpc_ace_double.cpp
  - src/gromacs/gmxlib/nonbonded/nb_kernel_sparc64_hpc_ace_double/nb_kernel_ElecRF_VdwCSTab_GeomW4W4_sparc64_hpc_ace_double.cpp
  - src/gromacs/gmxlib/nonbonded/nb_kernel_sparc64_hpc_ace_double/nb_kernel_ElecRF_VdwLJ_GeomP1P1_sparc64_hpc_ace_double.cpp
  - src/gromacs/gmxlib/nonbonded/nb_kernel_sparc64_hpc_ace_double/nb_kernel_ElecRF_VdwLJ_GeomW3P1_sparc64_hpc_ace_double.cpp
  - src/gromacs/gmxlib/nonbonded/nb_kernel_sparc64_hpc_ace_double/nb_kernel_ElecRF_VdwLJ_GeomW3W3_sparc64_hpc_ace_double.cpp
  - src/gromacs/gmxlib/nonbonded/nb_kernel_sparc64_hpc_ace_double/nb_kernel_ElecRF_VdwLJ_GeomW4P1_sparc64_hpc_ace_double.cpp
  - src/gromacs/gmxlib/nonbonded/nb_kernel_sparc64_hpc_ace_double/nb_kernel_ElecRF_VdwLJ_GeomW4W4_sparc64_hpc_ace_double.cpp
  - src/gromacs/gmxlib/nonbonded/nb_kernel_sparc64_hpc_ace_double/nb_kernel_ElecRF_VdwNone_GeomP1P1_sparc64_hpc_ace_double.cpp
  - src/gromacs/gmxlib/nonbonded/nb_kernel_sparc64_hpc_ace_double/nb_kernel_ElecRF_VdwNone_GeomW3P1_sparc64_hpc_ace_double.cpp
  - src/gromacs/gmxlib/nonbonded/nb_kernel_sparc64_hpc_ace_double/nb_kernel_ElecRF_VdwNone_GeomW3W3_sparc64_hpc_ace_double.cpp
  - src/gromacs/gmxlib/nonbonded/nb_kernel_sparc64_hpc_ace_double/nb_kernel_ElecRF_VdwNone_GeomW4P1_sparc64_hpc_ace_double.cpp
  - src/gromacs/gmxlib/nonbonded/nb_kernel_sparc64_hpc_ace_double/nb_kernel_ElecRF_VdwNone_GeomW4W4_sparc64_hpc_ace_double.cpp
  - src/gromacs/gmxlib/nonbonded/nb_kernel_sparc64_hpc_ace_double/nb_kernel_sparc64_hpc_ace_double.cpp
  - src/gromacs/gmxlib/nonbonded/nb_kernel_sse2_double/nb_kernel_ElecCSTab_VdwCSTab_GeomP1P1_sse2_double.cpp
  - src/gromacs/gmxlib/nonbonded/nb_kernel_sse2_double/nb_kernel_ElecCSTab_VdwCSTab_GeomW3P1_sse2_double.cpp
  - src/gromacs/gmxlib/nonbonded/nb_kernel_sse2_double/nb_kernel_ElecCSTab_VdwCSTab_GeomW3W3_sse2_double.cpp
  - src/gromacs/gmxlib/nonbonded/nb_kernel_sse2_double/nb_kernel_ElecCSTab_VdwCSTab_GeomW4P1_sse2_double.cpp
  - src/gromacs/gmxlib/nonbonded/nb_kernel_sse2_double/nb_kernel_ElecCSTab_VdwCSTab_GeomW4W4_sse2_double.cpp
  - src/gromacs/gmxlib/nonbonded/nb_kernel_sse2_double/nb_kernel_ElecCSTab_VdwLJ_GeomP1P1_sse2_double.cpp
  - src/gromacs/gmxlib/nonbonded/nb_kernel_sse2_double/nb_kernel_ElecCSTab_VdwLJ_GeomW3P1_sse2_double.cpp
  - src/gromacs/gmxlib/nonbonded/nb_kernel_sse2_double/nb_kernel_ElecCSTab_VdwLJ_GeomW3W3_sse2_double.cpp
  - src/gromacs/gmxlib/nonbonded/nb_kernel_sse2_double/nb_kernel_ElecCSTab_VdwLJ_GeomW4P1_sse2_double.cpp
  - src/gromacs/gmxlib/nonbonded/nb_kernel_sse2_double/nb_kernel_ElecCSTab_VdwLJ_GeomW4W4_sse2_double.cpp
  - src/gromacs/gmxlib/nonbonded/nb_kernel_sse2_double/nb_kernel_ElecCSTab_VdwNone_GeomP1P1_sse2_double.cpp
  - src/gromacs/gmxlib/nonbonded/nb_kernel_sse2_double/nb_kernel_ElecCSTab_VdwNone_GeomW3P1_sse2_double.cpp
  - src/gromacs/gmxlib/nonbonded/nb_kernel_sse2_double/nb_kernel_ElecCSTab_VdwNone_GeomW3W3_sse2_double.cpp
  - src/gromacs/gmxlib/nonbonded/nb_kernel_sse2_double/nb_kernel_ElecCSTab_VdwNone_GeomW4P1_sse2_double.cpp
  - src/gromacs/gmxlib/nonbonded/nb_kernel_sse2_double/nb_kernel_ElecCSTab_VdwNone_GeomW4W4_sse2_double.cpp
  - src/gromacs/gmxlib/nonbonded/nb_kernel_sse2_double/nb_kernel_ElecCoul_VdwCSTab_GeomP1P1_sse2_double.cpp
  - src/gromacs/gmxlib/nonbonded/nb_kernel_sse2_double/nb_kernel_ElecCoul_VdwCSTab_GeomW3P1_sse2_double.cpp
  - src/gromacs/gmxlib/nonbonded/nb_kernel_sse2_double/nb_kernel_ElecCoul_VdwCSTab_GeomW3W3_sse2_double.cpp
  - src/gromacs/gmxlib/nonbonded/nb_kernel_sse2_double/nb_kernel_ElecCoul_VdwCSTab_GeomW4P1_sse2_double.cpp
  - src/gromacs/gmxlib/nonbonded/nb_kernel_sse2_double/nb_kernel_ElecCoul_VdwCSTab_GeomW4W4_sse2_double.cpp
  - src/gromacs/gmxlib/nonbonded/nb_kernel_sse2_double/nb_kernel_ElecCoul_VdwLJ_GeomP1P1_sse2_double.cpp
  - src/gromacs/gmxlib/nonbonded/nb_kernel_sse2_double/nb_kernel_ElecCoul_VdwLJ_GeomW3P1_sse2_double.cpp
  - src/gromacs/gmxlib/nonbonded/nb_kernel_sse2_double/nb_kernel_ElecCoul_VdwLJ_GeomW3W3_sse2_double.cpp
  - src/gromacs/gmxlib/nonbonded/nb_kernel_sse2_double/nb_kernel_ElecCoul_VdwLJ_GeomW4P1_sse2_double.cpp
  - src/gromacs/gmxlib/nonbonded/nb_kernel_sse2_double/nb_kernel_ElecCoul_VdwLJ_GeomW4W4_sse2_double.cpp
  - src/gromacs/gmxlib/nonbonded/nb_kernel_sse2_double/nb_kernel_ElecCoul_VdwNone_GeomP1P1_sse2_double.cpp
  - src/gromacs/gmxlib/nonbonded/nb_kernel_sse2_double/nb_kernel_ElecCoul_VdwNone_GeomW3P1_sse2_double.cpp
  - src/gromacs/gmxlib/nonbonded/nb_kernel_sse2_double/nb_kernel_ElecCoul_VdwNone_GeomW3W3_sse2_double.cpp
  - src/gromacs/gmxlib/nonbonded/nb_kernel_sse2_double/nb_kernel_ElecCoul_VdwNone_GeomW4P1_sse2_double.cpp
  - src/gromacs/gmxlib/nonbonded/nb_kernel_sse2_double/nb_kernel_ElecCoul_VdwNone_GeomW4W4_sse2_double.cpp
  - src/gromacs/gmxlib/nonbonded/nb_kernel_sse2_double/nb_kernel_ElecEwSh_VdwLJEwSh_GeomP1P1_sse2_double.cpp
  - src/gromacs/gmxlib/nonbonded/nb_kernel_sse2_double/nb_kernel_ElecEwSh_VdwLJEwSh_GeomW3P1_sse2_double.cpp
  - src/gromacs/gmxlib/nonbonded/nb_kernel_sse2_double/nb_kernel_ElecEwSh_VdwLJEwSh_GeomW3W3_sse2_double.cpp
  - src/gromacs/gmxlib/nonbonded/nb_kernel_sse2_double/nb_kernel_ElecEwSh_VdwLJEwSh_GeomW4P1_sse2_double.cpp
  - src/gromacs/gmxlib/nonbonded/nb_kernel_sse2_double/nb_kernel_ElecEwSh_VdwLJEwSh_GeomW4W4_sse2_double.cpp
  - src/gromacs/gmxlib/nonbonded/nb_kernel_sse2_double/nb_kernel_ElecEwSh_VdwLJSh_GeomP1P1_sse2_double.cpp
  - src/gromacs/gmxlib/nonbonded/nb_kernel_sse2_double/nb_kernel_ElecEwSh_VdwLJSh_GeomW3P1_sse2_double.cpp
  - src/gromacs/gmxlib/nonbonded/nb_kernel_sse2_double/nb_kernel_ElecEwSh_VdwLJSh_GeomW3W3_sse2_double.cpp
  - src/gromacs/gmxlib/nonbonded/nb_kernel_sse2_double/nb_kernel_ElecEwSh_VdwLJSh_GeomW4P1_sse2_double.cpp
  - src/gromacs/gmxlib/nonbonded/nb_kernel_sse2_double/nb_kernel_ElecEwSh_VdwLJSh_GeomW4W4_sse2_double.cpp
  - src/gromacs/gmxlib/nonbonded/nb_kernel_sse2_double/nb_kernel_ElecEwSh_VdwNone_GeomP1P1_sse2_double.cpp
  - src/gromacs/gmxlib/nonbonded/nb_kernel_sse2_double/nb_kernel_ElecEwSh_VdwNone_GeomW3P1_sse2_double.cpp
  - src/gromacs/gmxlib/nonbonded/nb_kernel_sse2_double/nb_kernel_ElecEwSh_VdwNone_GeomW3W3_sse2_double.cpp
  - src/gromacs/gmxlib/nonbonded/nb_kernel_sse2_double/nb_kernel_ElecEwSh_VdwNone_GeomW4P1_sse2_double.cpp
  - src/gromacs/gmxlib/nonbonded/nb_kernel_sse2_double/nb_kernel_ElecEwSh_VdwNone_GeomW4W4_sse2_double.cpp
  - src/gromacs/gmxlib/nonbonded/nb_kernel_sse2_double/nb_kernel_ElecEwSw_VdwLJSw_GeomP1P1_sse2_double.cpp
  - src/gromacs/gmxlib/nonbonded/nb_kernel_sse2_double/nb_kernel_ElecEwSw_VdwLJSw_GeomW3P1_sse2_double.cpp
  - src/gromacs/gmxlib/nonbonded/nb_kernel_sse2_double/nb_kernel_ElecEwSw_VdwLJSw_GeomW3W3_sse2_double.cpp
  - src/gromacs/gmxlib/nonbonded/nb_kernel_sse2_double/nb_kernel_ElecEwSw_VdwLJSw_GeomW4P1_sse2_double.cpp
  - src/gromacs/gmxlib/nonbonded/nb_kernel_sse2_double/nb_kernel_ElecEwSw_VdwLJSw_GeomW4W4_sse2_double.cpp
  - src/gromacs/gmxlib/nonbonded/nb_kernel_sse2_double/nb_kernel_ElecEwSw_VdwNone_GeomP1P1_sse2_double.cpp
  - src/gromacs/gmxlib/nonbonded/nb_kernel_sse2_double/nb_kernel_ElecEwSw_VdwNone_GeomW3P1_sse2_double.cpp
  - src/gromacs/gmxlib/nonbonded/nb_kernel_sse2_double/nb_kernel_ElecEwSw_VdwNone_GeomW3W3_sse2_double.cpp
  - src/gromacs/gmxlib/nonbonded/nb_kernel_sse2_double/nb_kernel_ElecEwSw_VdwNone_GeomW4P1_sse2_double.cpp
  - src/gromacs/gmxlib/nonbonded/nb_kernel_sse2_double/nb_kernel_ElecEwSw_VdwNone_GeomW4W4_sse2_double.cpp
  - src/gromacs/gmxlib/nonbonded/nb_kernel_sse2_double/nb_kernel_ElecEw_VdwCSTab_GeomP1P1_sse2_double.cpp
  - src/gromacs/gmxlib/nonbonded/nb_kernel_sse2_double/nb_kernel_ElecEw_VdwCSTab_GeomW3P1_sse2_double.cpp
  - src/gromacs/gmxlib/nonbonded/nb_kernel_sse2_double/nb_kernel_ElecEw_VdwCSTab_GeomW3W3_sse2_double.cpp
  - src/gromacs/gmxlib/nonbonded/nb_kernel_sse2_double/nb_kernel_ElecEw_VdwCSTab_GeomW4P1_sse2_double.cpp
  - src/gromacs/gmxlib/nonbonded/nb_kernel_sse2_double/nb_kernel_ElecEw_VdwCSTab_GeomW4W4_sse2_double.cpp
  - src/gromacs/gmxlib/nonbonded/nb_kernel_sse2_double/nb_kernel_ElecEw_VdwLJEw_GeomP1P1_sse2_double.cpp
  - src/gromacs/gmxlib/nonbonded/nb_kernel_sse2_double/nb_kernel_ElecEw_VdwLJEw_GeomW3P1_sse2_double.cpp
  - src/gromacs/gmxlib/nonbonded/nb_kernel_sse2_double/nb_kernel_ElecEw_VdwLJEw_GeomW3W3_sse2_double.cpp
  - src/gromacs/gmxlib/nonbonded/nb_kernel_sse2_double/nb_kernel_ElecEw_VdwLJEw_GeomW4P1_sse2_double.cpp
  - src/gromacs/gmxlib/nonbonded/nb_kernel_sse2_double/nb_kernel_ElecEw_VdwLJEw_GeomW4W4_sse2_double.cpp
  - src/gromacs/gmxlib/nonbonded/nb_kernel_sse2_double/nb_kernel_ElecEw_VdwLJ_GeomP1P1_sse2_double.cpp
  - src/gromacs/gmxlib/nonbonded/nb_kernel_sse2_double/nb_kernel_ElecEw_VdwLJ_GeomW3P1_sse2_double.cpp
  - src/gromacs/gmxlib/nonbonded/nb_kernel_sse2_double/nb_kernel_ElecEw_VdwLJ_GeomW3W3_sse2_double.cpp
  - src/gromacs/gmxlib/nonbonded/nb_kernel_sse2_double/nb_kernel_ElecEw_VdwLJ_GeomW4P1_sse2_double.cpp
  - src/gromacs/gmxlib/nonbonded/nb_kernel_sse2_double/nb_kernel_ElecEw_VdwLJ_GeomW4W4_sse2_double.cpp
  - src/gromacs/gmxlib/nonbonded/nb_kernel_sse2_double/nb_kernel_ElecEw_VdwNone_GeomP1P1_sse2_double.cpp
  - src/gromacs/gmxlib/nonbonded/nb_kernel_sse2_double/nb_kernel_ElecEw_VdwNone_GeomW3P1_sse2_double.cpp
  - src/gromacs/gmxlib/nonbonded/nb_kernel_sse2_double/nb_kernel_ElecEw_VdwNone_GeomW3W3_sse2_double.cpp
  - src/gromacs/gmxlib/nonbonded/nb_kernel_sse2_double/nb_kernel_ElecEw_VdwNone_GeomW4P1_sse2_double.cpp
  - src/gromacs/gmxlib/nonbonded/nb_kernel_sse2_double/nb_kernel_ElecEw_VdwNone_GeomW4W4_sse2_double.cpp
  - src/gromacs/gmxlib/nonbonded/nb_kernel_sse2_double/nb_kernel_ElecGB_VdwCSTab_GeomP1P1_sse2_double.cpp
  - src/gromacs/gmxlib/nonbonded/nb_kernel_sse2_double/nb_kernel_ElecGB_VdwLJ_GeomP1P1_sse2_double.cpp
  - src/gromacs/gmxlib/nonbonded/nb_kernel_sse2_double/nb_kernel_ElecGB_VdwNone_GeomP1P1_sse2_double.cpp
  - src/gromacs/gmxlib/nonbonded/nb_kernel_sse2_double/nb_kernel_ElecNone_VdwCSTab_GeomP1P1_sse2_double.cpp
  - src/gromacs/gmxlib/nonbonded/nb_kernel_sse2_double/nb_kernel_ElecNone_VdwLJEwSh_GeomP1P1_sse2_double.cpp
  - src/gromacs/gmxlib/nonbonded/nb_kernel_sse2_double/nb_kernel_ElecNone_VdwLJEw_GeomP1P1_sse2_double.cpp
  - src/gromacs/gmxlib/nonbonded/nb_kernel_sse2_double/nb_kernel_ElecNone_VdwLJSh_GeomP1P1_sse2_double.cpp
  - src/gromacs/gmxlib/nonbonded/nb_kernel_sse2_double/nb_kernel_ElecNone_VdwLJSw_GeomP1P1_sse2_double.cpp
  - src/gromacs/gmxlib/nonbonded/nb_kernel_sse2_double/nb_kernel_ElecNone_VdwLJ_GeomP1P1_sse2_double.cpp
  - src/gromacs/gmxlib/nonbonded/nb_kernel_sse2_double/nb_kernel_ElecRFCut_VdwCSTab_GeomP1P1_sse2_double.cpp
  - src/gromacs/gmxlib/nonbonded/nb_kernel_sse2_double/nb_kernel_ElecRFCut_VdwCSTab_GeomW3P1_sse2_double.cpp
  - src/gromacs/gmxlib/nonbonded/nb_kernel_sse2_double/nb_kernel_ElecRFCut_VdwCSTab_GeomW3W3_sse2_double.cpp
  - src/gromacs/gmxlib/nonbonded/nb_kernel_sse2_double/nb_kernel_ElecRFCut_VdwCSTab_GeomW4P1_sse2_double.cpp
  - src/gromacs/gmxlib/nonbonded/nb_kernel_sse2_double/nb_kernel_ElecRFCut_VdwCSTab_GeomW4W4_sse2_double.cpp
  - src/gromacs/gmxlib/nonbonded/nb_kernel_sse2_double/nb_kernel_ElecRFCut_VdwLJSh_GeomP1P1_sse2_double.cpp
  - src/gromacs/gmxlib/nonbonded/nb_kernel_sse2_double/nb_kernel_ElecRFCut_VdwLJSh_GeomW3P1_sse2_double.cpp
  - src/gromacs/gmxlib/nonbonded/nb_kernel_sse2_double/nb_kernel_ElecRFCut_VdwLJSh_GeomW3W3_sse2_double.cpp
  - src/gromacs/gmxlib/nonbonded/nb_kernel_sse2_double/nb_kernel_ElecRFCut_VdwLJSh_GeomW4P1_sse2_double.cpp
  - src/gromacs/gmxlib/nonbonded/nb_kernel_sse2_double/nb_kernel_ElecRFCut_VdwLJSh_GeomW4W4_sse2_double.cpp
  - src/gromacs/gmxlib/nonbonded/nb_kernel_sse2_double/nb_kernel_ElecRFCut_VdwLJSw_GeomP1P1_sse2_double.cpp
  - src/gromacs/gmxlib/nonbonded/nb_kernel_sse2_double/nb_kernel_ElecRFCut_VdwLJSw_GeomW3P1_sse2_double.cpp
  - src/gromacs/gmxlib/nonbonded/nb_kernel_sse2_double/nb_kernel_ElecRFCut_VdwLJSw_GeomW3W3_sse2_double.cpp
  - src/gromacs/gmxlib/nonbonded/nb_kernel_sse2_double/nb_kernel_ElecRFCut_VdwLJSw_GeomW4P1_sse2_double.cpp
  - src/gromacs/gmxlib/nonbonded/nb_kernel_sse2_double/nb_kernel_ElecRFCut_VdwLJSw_GeomW4W4_sse2_double.cpp
  - src/gromacs/gmxlib/nonbonded/nb_kernel_sse2_double/nb_kernel_ElecRFCut_VdwNone_GeomP1P1_sse2_double.cpp
  - src/gromacs/gmxlib/nonbonded/nb_kernel_sse2_double/nb_kernel_ElecRFCut_VdwNone_GeomW3P1_sse2_double.cpp
  - src/gromacs/gmxlib/nonbonded/nb_kernel_sse2_double/nb_kernel_ElecRFCut_VdwNone_GeomW3W3_sse2_double.cpp
  - src/gromacs/gmxlib/nonbonded/nb_kernel_sse2_double/nb_kernel_ElecRFCut_VdwNone_GeomW4P1_sse2_double.cpp
  - src/gromacs/gmxlib/nonbonded/nb_kernel_sse2_double/nb_kernel_ElecRFCut_VdwNone_GeomW4W4_sse2_double.cpp
  - src/gromacs/gmxlib/nonbonded/nb_kernel_sse2_double/nb_kernel_ElecRF_VdwCSTab_GeomP1P1_sse2_double.cpp
  - src/gromacs/gmxlib/nonbonded/nb_kernel_sse2_double/nb_kernel_ElecRF_VdwCSTab_GeomW3P1_sse2_double.cpp
  - src/gromacs/gmxlib/nonbonded/nb_kernel_sse2_double/nb_kernel_ElecRF_VdwCSTab_GeomW3W3_sse2_double.cpp
  - src/gromacs/gmxlib/nonbonded/nb_kernel_sse2_double/nb_kernel_ElecRF_VdwCSTab_GeomW4P1_sse2_double.cpp
  - src/gromacs/gmxlib/nonbonded/nb_kernel_sse2_double/nb_kernel_ElecRF_VdwCSTab_GeomW4W4_sse2_double.cpp
  - src/gromacs/gmxlib/nonbonded/nb_kernel_sse2_double/nb_kernel_ElecRF_VdwLJ_GeomP1P1_sse2_double.cpp
  - src/gromacs/gmxlib/nonbonded/nb_kernel_sse2_double/nb_kernel_ElecRF_VdwLJ_GeomW3P1_sse2_double.cpp
  - src/gromacs/gmxlib/nonbonded/nb_kernel_sse2_double/nb_kernel_ElecRF_VdwLJ_GeomW3W3_sse2_double.cpp
  - src/gromacs/gmxlib/nonbonded/nb_kernel_sse2_double/nb_kernel_ElecRF_VdwLJ_GeomW4P1_sse2_double.cpp
  - src/gromacs/gmxlib/nonbonded/nb_kernel_sse2_double/nb_kernel_ElecRF_VdwLJ_GeomW4W4_sse2_double.cpp
  - src/gromacs/gmxlib/nonbonded/nb_kernel_sse2_double/nb_kernel_ElecRF_VdwNone_GeomP1P1_sse2_double.cpp
  - src/gromacs/gmxlib/nonbonded/nb_kernel_sse2_double/nb_kernel_ElecRF_VdwNone_GeomW3P1_sse2_double.cpp
  - src/gromacs/gmxlib/nonbonded/nb_kernel_sse2_double/nb_kernel_ElecRF_VdwNone_GeomW3W3_sse2_double.cpp
  - src/gromacs/gmxlib/nonbonded/nb_kernel_sse2_double/nb_kernel_ElecRF_VdwNone_GeomW4P1_sse2_double.cpp
  - src/gromacs/gmxlib/nonbonded/nb_kernel_sse2_double/nb_kernel_ElecRF_VdwNone_GeomW4W4_sse2_double.cpp
  - src/gromacs/gmxlib/nonbonded/nb_kernel_sse2_double/nb_kernel_sse2_double.cpp
  - src/gromacs/gmxlib/nonbonded/nb_kernel_sse2_single/nb_kernel_ElecCSTab_VdwCSTab_GeomP1P1_sse2_single.cpp
  - src/gromacs/gmxlib/nonbonded/nb_kernel_sse2_single/nb_kernel_ElecCSTab_VdwCSTab_GeomW3P1_sse2_single.cpp
  - src/gromacs/gmxlib/nonbonded/nb_kernel_sse2_single/nb_kernel_ElecCSTab_VdwCSTab_GeomW3W3_sse2_single.cpp
  - src/gromacs/gmxlib/nonbonded/nb_kernel_sse2_single/nb_kernel_ElecCSTab_VdwCSTab_GeomW4P1_sse2_single.cpp
  - src/gromacs/gmxlib/nonbonded/nb_kernel_sse2_single/nb_kernel_ElecCSTab_VdwCSTab_GeomW4W4_sse2_single.cpp
  - src/gromacs/gmxlib/nonbonded/nb_kernel_sse2_single/nb_kernel_ElecCSTab_VdwLJ_GeomP1P1_sse2_single.cpp
  - src/gromacs/gmxlib/nonbonded/nb_kernel_sse2_single/nb_kernel_ElecCSTab_VdwLJ_GeomW3P1_sse2_single.cpp
  - src/gromacs/gmxlib/nonbonded/nb_kernel_sse2_single/nb_kernel_ElecCSTab_VdwLJ_GeomW3W3_sse2_single.cpp
  - src/gromacs/gmxlib/nonbonded/nb_kernel_sse2_single/nb_kernel_ElecCSTab_VdwLJ_GeomW4P1_sse2_single.cpp
  - src/gromacs/gmxlib/nonbonded/nb_kernel_sse2_single/nb_kernel_ElecCSTab_VdwLJ_GeomW4W4_sse2_single.cpp
  - src/gromacs/gmxlib/nonbonded/nb_kernel_sse2_single/nb_kernel_ElecCSTab_VdwNone_GeomP1P1_sse2_single.cpp
  - src/gromacs/gmxlib/nonbonded/nb_kernel_sse2_single/nb_kernel_ElecCSTab_VdwNone_GeomW3P1_sse2_single.cpp
  - src/gromacs/gmxlib/nonbonded/nb_kernel_sse2_single/nb_kernel_ElecCSTab_VdwNone_GeomW3W3_sse2_single.cpp
  - src/gromacs/gmxlib/nonbonded/nb_kernel_sse2_single/nb_kernel_ElecCSTab_VdwNone_GeomW4P1_sse2_single.cpp
  - src/gromacs/gmxlib/nonbonded/nb_kernel_sse2_single/nb_kernel_ElecCSTab_VdwNone_GeomW4W4_sse2_single.cpp
  - src/gromacs/gmxlib/nonbonded/nb_kernel_sse2_single/nb_kernel_ElecCoul_VdwCSTab_GeomP1P1_sse2_single.cpp
  - src/gromacs/gmxlib/nonbonded/nb_kernel_sse2_single/nb_kernel_ElecCoul_VdwCSTab_GeomW3P1_sse2_single.cpp
  - src/gromacs/gmxlib/nonbonded/nb_kernel_sse2_single/nb_kernel_ElecCoul_VdwCSTab_GeomW3W3_sse2_single.cpp
  - src/gromacs/gmxlib/nonbonded/nb_kernel_sse2_single/nb_kernel_ElecCoul_VdwCSTab_GeomW4P1_sse2_single.cpp
  - src/gromacs/gmxlib/nonbonded/nb_kernel_sse2_single/nb_kernel_ElecCoul_VdwCSTab_GeomW4W4_sse2_single.cpp
  - src/gromacs/gmxlib/nonbonded/nb_kernel_sse2_single/nb_kernel_ElecCoul_VdwLJ_GeomP1P1_sse2_single.cpp
  - src/gromacs/gmxlib/nonbonded/nb_kernel_sse2_single/nb_kernel_ElecCoul_VdwLJ_GeomW3P1_sse2_single.cpp
  - src/gromacs/gmxlib/nonbonded/nb_kernel_sse2_single/nb_kernel_ElecCoul_VdwLJ_GeomW3W3_sse2_single.cpp
  - src/gromacs/gmxlib/nonbonded/nb_kernel_sse2_single/nb_kernel_ElecCoul_VdwLJ_GeomW4P1_sse2_single.cpp
  - src/gromacs/gmxlib/nonbonded/nb_kernel_sse2_single/nb_kernel_ElecCoul_VdwLJ_GeomW4W4_sse2_single.cpp
  - src/gromacs/gmxlib/nonbonded/nb_kernel_sse2_single/nb_kernel_ElecCoul_VdwNone_GeomP1P1_sse2_single.cpp
  - src/gromacs/gmxlib/nonbonded/nb_kernel_sse2_single/nb_kernel_ElecCoul_VdwNone_GeomW3P1_sse2_single.cpp
  - src/gromacs/gmxlib/nonbonded/nb_kernel_sse2_single/nb_kernel_ElecCoul_VdwNone_GeomW3W3_sse2_single.cpp
  - src/gromacs/gmxlib/nonbonded/nb_kernel_sse2_single/nb_kernel_ElecCoul_VdwNone_GeomW4P1_sse2_single.cpp
  - src/gromacs/gmxlib/nonbonded/nb_kernel_sse2_single/nb_kernel_ElecCoul_VdwNone_GeomW4W4_sse2_single.cpp
  - src/gromacs/gmxlib/nonbonded/nb_kernel_sse2_single/nb_kernel_ElecEwSh_VdwLJEwSh_GeomP1P1_sse2_single.cpp
  - src/gromacs/gmxlib/nonbonded/nb_kernel_sse2_single/nb_kernel_ElecEwSh_VdwLJEwSh_GeomW3P1_sse2_single.cpp
  - src/gromacs/gmxlib/nonbonded/nb_kernel_sse2_single/nb_kernel_ElecEwSh_VdwLJEwSh_GeomW3W3_sse2_single.cpp
  - src/gromacs/gmxlib/nonbonded/nb_kernel_sse2_single/nb_kernel_ElecEwSh_VdwLJEwSh_GeomW4P1_sse2_single.cpp
  - src/gromacs/gmxlib/nonbonded/nb_kernel_sse2_single/nb_kernel_ElecEwSh_VdwLJEwSh_GeomW4W4_sse2_single.cpp
  - src/gromacs/gmxlib/nonbonded/nb_kernel_sse2_single/nb_kernel_ElecEwSh_VdwLJSh_GeomP1P1_sse2_single.cpp
  - src/gromacs/gmxlib/nonbonded/nb_kernel_sse2_single/nb_kernel_ElecEwSh_VdwLJSh_GeomW3P1_sse2_single.cpp
  - src/gromacs/gmxlib/nonbonded/nb_kernel_sse2_single/nb_kernel_ElecEwSh_VdwLJSh_GeomW3W3_sse2_single.cpp
  - src/gromacs/gmxlib/nonbonded/nb_kernel_sse2_single/nb_kernel_ElecEwSh_VdwLJSh_GeomW4P1_sse2_single.cpp
  - src/gromacs/gmxlib/nonbonded/nb_kernel_sse2_single/nb_kernel_ElecEwSh_VdwLJSh_GeomW4W4_sse2_single.cpp
  - src/gromacs/gmxlib/nonbonded/nb_kernel_sse2_single/nb_kernel_ElecEwSh_VdwNone_GeomP1P1_sse2_single.cpp
  - src/gromacs/gmxlib/nonbonded/nb_kernel_sse2_single/nb_kernel_ElecEwSh_VdwNone_GeomW3P1_sse2_single.cpp
  - src/gromacs/gmxlib/nonbonded/nb_kernel_sse2_single/nb_kernel_ElecEwSh_VdwNone_GeomW3W3_sse2_single.cpp
  - src/gromacs/gmxlib/nonbonded/nb_kernel_sse2_single/nb_kernel_ElecEwSh_VdwNone_GeomW4P1_sse2_single.cpp
  - src/gromacs/gmxlib/nonbonded/nb_kernel_sse2_single/nb_kernel_ElecEwSh_VdwNone_GeomW4W4_sse2_single.cpp
  - src/gromacs/gmxlib/nonbonded/nb_kernel_sse2_single/nb_kernel_ElecEwSw_VdwLJSw_GeomP1P1_sse2_single.cpp
  - src/gromacs/gmxlib/nonbonded/nb_kernel_sse2_single/nb_kernel_ElecEwSw_VdwLJSw_GeomW3P1_sse2_single.cpp
  - src/gromacs/gmxlib/nonbonded/nb_kernel_sse2_single/nb_kernel_ElecEwSw_VdwLJSw_GeomW3W3_sse2_single.cpp
  - src/gromacs/gmxlib/nonbonded/nb_kernel_sse2_single/nb_kernel_ElecEwSw_VdwLJSw_GeomW4P1_sse2_single.cpp
  - src/gromacs/gmxlib/nonbonded/nb_kernel_sse2_single/nb_kernel_ElecEwSw_VdwLJSw_GeomW4W4_sse2_single.cpp
  - src/gromacs/gmxlib/nonbonded/nb_kernel_sse2_single/nb_kernel_ElecEwSw_VdwNone_GeomP1P1_sse2_single.cpp
  - src/gromacs/gmxlib/nonbonded/nb_kernel_sse2_single/nb_kernel_ElecEwSw_VdwNone_GeomW3P1_sse2_single.cpp
  - src/gromacs/gmxlib/nonbonded/nb_kernel_sse2_single/nb_kernel_ElecEwSw_VdwNone_GeomW3W3_sse2_single.cpp
  - src/gromacs/gmxlib/nonbonded/nb_kernel_sse2_single/nb_kernel_ElecEwSw_VdwNone_GeomW4P1_sse2_single.cpp
  - src/gromacs/gmxlib/nonbonded/nb_kernel_sse2_single/nb_kernel_ElecEwSw_VdwNone_GeomW4W4_sse2_single.cpp
  - src/gromacs/gmxlib/nonbonded/nb_kernel_sse2_single/nb_kernel_ElecEw_VdwCSTab_GeomP1P1_sse2_single.cpp
  - src/gromacs/gmxlib/nonbonded/nb_kernel_sse2_single/nb_kernel_ElecEw_VdwCSTab_GeomW3P1_sse2_single.cpp
  - src/gromacs/gmxlib/nonbonded/nb_kernel_sse2_single/nb_kernel_ElecEw_VdwCSTab_GeomW3W3_sse2_single.cpp
  - src/gromacs/gmxlib/nonbonded/nb_kernel_sse2_single/nb_kernel_ElecEw_VdwCSTab_GeomW4P1_sse2_single.cpp
  - src/gromacs/gmxlib/nonbonded/nb_kernel_sse2_single/nb_kernel_ElecEw_VdwCSTab_GeomW4W4_sse2_single.cpp
  - src/gromacs/gmxlib/nonbonded/nb_kernel_sse2_single/nb_kernel_ElecEw_VdwLJEw_GeomP1P1_sse2_single.cpp
  - src/gromacs/gmxlib/nonbonded/nb_kernel_sse2_single/nb_kernel_ElecEw_VdwLJEw_GeomW3P1_sse2_single.cpp
  - src/gromacs/gmxlib/nonbonded/nb_kernel_sse2_single/nb_kernel_ElecEw_VdwLJEw_GeomW3W3_sse2_single.cpp
  - src/gromacs/gmxlib/nonbonded/nb_kernel_sse2_single/nb_kernel_ElecEw_VdwLJEw_GeomW4P1_sse2_single.cpp
  - src/gromacs/gmxlib/nonbonded/nb_kernel_sse2_single/nb_kernel_ElecEw_VdwLJEw_GeomW4W4_sse2_single.cpp
  - src/gromacs/gmxlib/nonbonded/nb_kernel_sse2_single/nb_kernel_ElecEw_VdwLJ_GeomP1P1_sse2_single.cpp
  - src/gromacs/gmxlib/nonbonded/nb_kernel_sse2_single/nb_kernel_ElecEw_VdwLJ_GeomW3P1_sse2_single.cpp
  - src/gromacs/gmxlib/nonbonded/nb_kernel_sse2_single/nb_kernel_ElecEw_VdwLJ_GeomW3W3_sse2_single.cpp
  - src/gromacs/gmxlib/nonbonded/nb_kernel_sse2_single/nb_kernel_ElecEw_VdwLJ_GeomW4P1_sse2_single.cpp
  - src/gromacs/gmxlib/nonbonded/nb_kernel_sse2_single/nb_kernel_ElecEw_VdwLJ_GeomW4W4_sse2_single.cpp
  - src/gromacs/gmxlib/nonbonded/nb_kernel_sse2_single/nb_kernel_ElecEw_VdwNone_GeomP1P1_sse2_single.cpp
  - src/gromacs/gmxlib/nonbonded/nb_kernel_sse2_single/nb_kernel_ElecEw_VdwNone_GeomW3P1_sse2_single.cpp
  - src/gromacs/gmxlib/nonbonded/nb_kernel_sse2_single/nb_kernel_ElecEw_VdwNone_GeomW3W3_sse2_single.cpp
  - src/gromacs/gmxlib/nonbonded/nb_kernel_sse2_single/nb_kernel_ElecEw_VdwNone_GeomW4P1_sse2_single.cpp
  - src/gromacs/gmxlib/nonbonded/nb_kernel_sse2_single/nb_kernel_ElecEw_VdwNone_GeomW4W4_sse2_single.cpp
  - src/gromacs/gmxlib/nonbonded/nb_kernel_sse2_single/nb_kernel_ElecGB_VdwCSTab_GeomP1P1_sse2_single.cpp
  - src/gromacs/gmxlib/nonbonded/nb_kernel_sse2_single/nb_kernel_ElecGB_VdwLJ_GeomP1P1_sse2_single.cpp
  - src/gromacs/gmxlib/nonbonded/nb_kernel_sse2_single/nb_kernel_ElecGB_VdwNone_GeomP1P1_sse2_single.cpp
  - src/gromacs/gmxlib/nonbonded/nb_kernel_sse2_single/nb_kernel_ElecNone_VdwCSTab_GeomP1P1_sse2_single.cpp
  - src/gromacs/gmxlib/nonbonded/nb_kernel_sse2_single/nb_kernel_ElecNone_VdwLJEwSh_GeomP1P1_sse2_single.cpp
  - src/gromacs/gmxlib/nonbonded/nb_kernel_sse2_single/nb_kernel_ElecNone_VdwLJEw_GeomP1P1_sse2_single.cpp
  - src/gromacs/gmxlib/nonbonded/nb_kernel_sse2_single/nb_kernel_ElecNone_VdwLJSh_GeomP1P1_sse2_single.cpp
  - src/gromacs/gmxlib/nonbonded/nb_kernel_sse2_single/nb_kernel_ElecNone_VdwLJSw_GeomP1P1_sse2_single.cpp
  - src/gromacs/gmxlib/nonbonded/nb_kernel_sse2_single/nb_kernel_ElecNone_VdwLJ_GeomP1P1_sse2_single.cpp
  - src/gromacs/gmxlib/nonbonded/nb_kernel_sse2_single/nb_kernel_ElecRFCut_VdwCSTab_GeomP1P1_sse2_single.cpp
  - src/gromacs/gmxlib/nonbonded/nb_kernel_sse2_single/nb_kernel_ElecRFCut_VdwCSTab_GeomW3P1_sse2_single.cpp
  - src/gromacs/gmxlib/nonbonded/nb_kernel_sse2_single/nb_kernel_ElecRFCut_VdwCSTab_GeomW3W3_sse2_single.cpp
  - src/gromacs/gmxlib/nonbonded/nb_kernel_sse2_single/nb_kernel_ElecRFCut_VdwCSTab_GeomW4P1_sse2_single.cpp
  - src/gromacs/gmxlib/nonbonded/nb_kernel_sse2_single/nb_kernel_ElecRFCut_VdwCSTab_GeomW4W4_sse2_single.cpp
  - src/gromacs/gmxlib/nonbonded/nb_kernel_sse2_single/nb_kernel_ElecRFCut_VdwLJSh_GeomP1P1_sse2_single.cpp
  - src/gromacs/gmxlib/nonbonded/nb_kernel_sse2_single/nb_kernel_ElecRFCut_VdwLJSh_GeomW3P1_sse2_single.cpp
  - src/gromacs/gmxlib/nonbonded/nb_kernel_sse2_single/nb_kernel_ElecRFCut_VdwLJSh_GeomW3W3_sse2_single.cpp
  - src/gromacs/gmxlib/nonbonded/nb_kernel_sse2_single/nb_kernel_ElecRFCut_VdwLJSh_GeomW4P1_sse2_single.cpp
  - src/gromacs/gmxlib/nonbonded/nb_kernel_sse2_single/nb_kernel_ElecRFCut_VdwLJSh_GeomW4W4_sse2_single.cpp
  - src/gromacs/gmxlib/nonbonded/nb_kernel_sse2_single/nb_kernel_ElecRFCut_VdwLJSw_GeomP1P1_sse2_single.cpp
  - src/gromacs/gmxlib/nonbonded/nb_kernel_sse2_single/nb_kernel_ElecRFCut_VdwLJSw_GeomW3P1_sse2_single.cpp
  - src/gromacs/gmxlib/nonbonded/nb_kernel_sse2_single/nb_kernel_ElecRFCut_VdwLJSw_GeomW3W3_sse2_single.cpp
  - src/gromacs/gmxlib/nonbonded/nb_kernel_sse2_single/nb_kernel_ElecRFCut_VdwLJSw_GeomW4P1_sse2_single.cpp
  - src/gromacs/gmxlib/nonbonded/nb_kernel_sse2_single/nb_kernel_ElecRFCut_VdwLJSw_GeomW4W4_sse2_single.cpp
  - src/gromacs/gmxlib/nonbonded/nb_kernel_sse2_single/nb_kernel_ElecRFCut_VdwNone_GeomP1P1_sse2_single.cpp
  - src/gromacs/gmxlib/nonbonded/nb_kernel_sse2_single/nb_kernel_ElecRFCut_VdwNone_GeomW3P1_sse2_single.cpp
  - src/gromacs/gmxlib/nonbonded/nb_kernel_sse2_single/nb_kernel_ElecRFCut_VdwNone_GeomW3W3_sse2_single.cpp
  - src/gromacs/gmxlib/nonbonded/nb_kernel_sse2_single/nb_kernel_ElecRFCut_VdwNone_GeomW4P1_sse2_single.cpp
  - src/gromacs/gmxlib/nonbonded/nb_kernel_sse2_single/nb_kernel_ElecRFCut_VdwNone_GeomW4W4_sse2_single.cpp
  - src/gromacs/gmxlib/nonbonded/nb_kernel_sse2_single/nb_kernel_ElecRF_VdwCSTab_GeomP1P1_sse2_single.cpp
  - src/gromacs/gmxlib/nonbonded/nb_kernel_sse2_single/nb_kernel_ElecRF_VdwCSTab_GeomW3P1_sse2_single.cpp
  - src/gromacs/gmxlib/nonbonded/nb_kernel_sse2_single/nb_kernel_ElecRF_VdwCSTab_GeomW3W3_sse2_single.cpp
  - src/gromacs/gmxlib/nonbonded/nb_kernel_sse2_single/nb_kernel_ElecRF_VdwCSTab_GeomW4P1_sse2_single.cpp
  - src/gromacs/gmxlib/nonbonded/nb_kernel_sse2_single/nb_kernel_ElecRF_VdwCSTab_GeomW4W4_sse2_single.cpp
  - src/gromacs/gmxlib/nonbonded/nb_kernel_sse2_single/nb_kernel_ElecRF_VdwLJ_GeomP1P1_sse2_single.cpp
  - src/gromacs/gmxlib/nonbonded/nb_kernel_sse2_single/nb_kernel_ElecRF_VdwLJ_GeomW3P1_sse2_single.cpp
  - src/gromacs/gmxlib/nonbonded/nb_kernel_sse2_single/nb_kernel_ElecRF_VdwLJ_GeomW3W3_sse2_single.cpp
  - src/gromacs/gmxlib/nonbonded/nb_kernel_sse2_single/nb_kernel_ElecRF_VdwLJ_GeomW4P1_sse2_single.cpp
  - src/gromacs/gmxlib/nonbonded/nb_kernel_sse2_single/nb_kernel_ElecRF_VdwLJ_GeomW4W4_sse2_single.cpp
  - src/gromacs/gmxlib/nonbonded/nb_kernel_sse2_single/nb_kernel_ElecRF_VdwNone_GeomP1P1_sse2_single.cpp
  - src/gromacs/gmxlib/nonbonded/nb_kernel_sse2_single/nb_kernel_ElecRF_VdwNone_GeomW3P1_sse2_single.cpp
  - src/gromacs/gmxlib/nonbonded/nb_kernel_sse2_single/nb_kernel_ElecRF_VdwNone_GeomW3W3_sse2_single.cpp
  - src/gromacs/gmxlib/nonbonded/nb_kernel_sse2_single/nb_kernel_ElecRF_VdwNone_GeomW4P1_sse2_single.cpp
  - src/gromacs/gmxlib/nonbonded/nb_kernel_sse2_single/nb_kernel_ElecRF_VdwNone_GeomW4W4_sse2_single.cpp
  - src/gromacs/gmxlib/nonbonded/nb_kernel_sse2_single/nb_kernel_sse2_single.cpp
  - src/gromacs/gmxlib/nonbonded/nb_kernel_sse4_1_double/nb_kernel_ElecCSTab_VdwCSTab_GeomP1P1_sse4_1_double.cpp
  - src/gromacs/gmxlib/nonbonded/nb_kernel_sse4_1_double/nb_kernel_ElecCSTab_VdwCSTab_GeomW3P1_sse4_1_double.cpp
  - src/gromacs/gmxlib/nonbonded/nb_kernel_sse4_1_double/nb_kernel_ElecCSTab_VdwCSTab_GeomW3W3_sse4_1_double.cpp
  - src/gromacs/gmxlib/nonbonded/nb_kernel_sse4_1_double/nb_kernel_ElecCSTab_VdwCSTab_GeomW4P1_sse4_1_double.cpp
  - src/gromacs/gmxlib/nonbonded/nb_kernel_sse4_1_double/nb_kernel_ElecCSTab_VdwCSTab_GeomW4W4_sse4_1_double.cpp
  - src/gromacs/gmxlib/nonbonded/nb_kernel_sse4_1_double/nb_kernel_ElecCSTab_VdwLJ_GeomP1P1_sse4_1_double.cpp
  - src/gromacs/gmxlib/nonbonded/nb_kernel_sse4_1_double/nb_kernel_ElecCSTab_VdwLJ_GeomW3P1_sse4_1_double.cpp
  - src/gromacs/gmxlib/nonbonded/nb_kernel_sse4_1_double/nb_kernel_ElecCSTab_VdwLJ_GeomW3W3_sse4_1_double.cpp
  - src/gromacs/gmxlib/nonbonded/nb_kernel_sse4_1_double/nb_kernel_ElecCSTab_VdwLJ_GeomW4P1_sse4_1_double.cpp
  - src/gromacs/gmxlib/nonbonded/nb_kernel_sse4_1_double/nb_kernel_ElecCSTab_VdwLJ_GeomW4W4_sse4_1_double.cpp
  - src/gromacs/gmxlib/nonbonded/nb_kernel_sse4_1_double/nb_kernel_ElecCSTab_VdwNone_GeomP1P1_sse4_1_double.cpp
  - src/gromacs/gmxlib/nonbonded/nb_kernel_sse4_1_double/nb_kernel_ElecCSTab_VdwNone_GeomW3P1_sse4_1_double.cpp
  - src/gromacs/gmxlib/nonbonded/nb_kernel_sse4_1_double/nb_kernel_ElecCSTab_VdwNone_GeomW3W3_sse4_1_double.cpp
  - src/gromacs/gmxlib/nonbonded/nb_kernel_sse4_1_double/nb_kernel_ElecCSTab_VdwNone_GeomW4P1_sse4_1_double.cpp
  - src/gromacs/gmxlib/nonbonded/nb_kernel_sse4_1_double/nb_kernel_ElecCSTab_VdwNone_GeomW4W4_sse4_1_double.cpp
  - src/gromacs/gmxlib/nonbonded/nb_kernel_sse4_1_double/nb_kernel_ElecCoul_VdwCSTab_GeomP1P1_sse4_1_double.cpp
  - src/gromacs/gmxlib/nonbonded/nb_kernel_sse4_1_double/nb_kernel_ElecCoul_VdwCSTab_GeomW3P1_sse4_1_double.cpp
  - src/gromacs/gmxlib/nonbonded/nb_kernel_sse4_1_double/nb_kernel_ElecCoul_VdwCSTab_GeomW3W3_sse4_1_double.cpp
  - src/gromacs/gmxlib/nonbonded/nb_kernel_sse4_1_double/nb_kernel_ElecCoul_VdwCSTab_GeomW4P1_sse4_1_double.cpp
  - src/gromacs/gmxlib/nonbonded/nb_kernel_sse4_1_double/nb_kernel_ElecCoul_VdwCSTab_GeomW4W4_sse4_1_double.cpp
  - src/gromacs/gmxlib/nonbonded/nb_kernel_sse4_1_double/nb_kernel_ElecCoul_VdwLJ_GeomP1P1_sse4_1_double.cpp
  - src/gromacs/gmxlib/nonbonded/nb_kernel_sse4_1_double/nb_kernel_ElecCoul_VdwLJ_GeomW3P1_sse4_1_double.cpp
  - src/gromacs/gmxlib/nonbonded/nb_kernel_sse4_1_double/nb_kernel_ElecCoul_VdwLJ_GeomW3W3_sse4_1_double.cpp
  - src/gromacs/gmxlib/nonbonded/nb_kernel_sse4_1_double/nb_kernel_ElecCoul_VdwLJ_GeomW4P1_sse4_1_double.cpp
  - src/gromacs/gmxlib/nonbonded/nb_kernel_sse4_1_double/nb_kernel_ElecCoul_VdwLJ_GeomW4W4_sse4_1_double.cpp
  - src/gromacs/gmxlib/nonbonded/nb_kernel_sse4_1_double/nb_kernel_ElecCoul_VdwNone_GeomP1P1_sse4_1_double.cpp
  - src/gromacs/gmxlib/nonbonded/nb_kernel_sse4_1_double/nb_kernel_ElecCoul_VdwNone_GeomW3P1_sse4_1_double.cpp
  - src/gromacs/gmxlib/nonbonded/nb_kernel_sse4_1_double/nb_kernel_ElecCoul_VdwNone_GeomW3W3_sse4_1_double.cpp
  - src/gromacs/gmxlib/nonbonded/nb_kernel_sse4_1_double/nb_kernel_ElecCoul_VdwNone_GeomW4P1_sse4_1_double.cpp
  - src/gromacs/gmxlib/nonbonded/nb_kernel_sse4_1_double/nb_kernel_ElecCoul_VdwNone_GeomW4W4_sse4_1_double.cpp
  - src/gromacs/gmxlib/nonbonded/nb_kernel_sse4_1_double/nb_kernel_ElecEwSh_VdwLJEwSh_GeomP1P1_sse4_1_double.cpp
  - src/gromacs/gmxlib/nonbonded/nb_kernel_sse4_1_double/nb_kernel_ElecEwSh_VdwLJEwSh_GeomW3P1_sse4_1_double.cpp
  - src/gromacs/gmxlib/nonbonded/nb_kernel_sse4_1_double/nb_kernel_ElecEwSh_VdwLJEwSh_GeomW3W3_sse4_1_double.cpp
  - src/gromacs/gmxlib/nonbonded/nb_kernel_sse4_1_double/nb_kernel_ElecEwSh_VdwLJEwSh_GeomW4P1_sse4_1_double.cpp
  - src/gromacs/gmxlib/nonbonded/nb_kernel_sse4_1_double/nb_kernel_ElecEwSh_VdwLJEwSh_GeomW4W4_sse4_1_double.cpp
  - src/gromacs/gmxlib/nonbonded/nb_kernel_sse4_1_double/nb_kernel_ElecEwSh_VdwLJSh_GeomP1P1_sse4_1_double.cpp
  - src/gromacs/gmxlib/nonbonded/nb_kernel_sse4_1_double/nb_kernel_ElecEwSh_VdwLJSh_GeomW3P1_sse4_1_double.cpp
  - src/gromacs/gmxlib/nonbonded/nb_kernel_sse4_1_double/nb_kernel_ElecEwSh_VdwLJSh_GeomW3W3_sse4_1_double.cpp
  - src/gromacs/gmxlib/nonbonded/nb_kernel_sse4_1_double/nb_kernel_ElecEwSh_VdwLJSh_GeomW4P1_sse4_1_double.cpp
  - src/gromacs/gmxlib/nonbonded/nb_kernel_sse4_1_double/nb_kernel_ElecEwSh_VdwLJSh_GeomW4W4_sse4_1_double.cpp
  - src/gromacs/gmxlib/nonbonded/nb_kernel_sse4_1_double/nb_kernel_ElecEwSh_VdwNone_GeomP1P1_sse4_1_double.cpp
  - src/gromacs/gmxlib/nonbonded/nb_kernel_sse4_1_double/nb_kernel_ElecEwSh_VdwNone_GeomW3P1_sse4_1_double.cpp
  - src/gromacs/gmxlib/nonbonded/nb_kernel_sse4_1_double/nb_kernel_ElecEwSh_VdwNone_GeomW3W3_sse4_1_double.cpp
  - src/gromacs/gmxlib/nonbonded/nb_kernel_sse4_1_double/nb_kernel_ElecEwSh_VdwNone_GeomW4P1_sse4_1_double.cpp
  - src/gromacs/gmxlib/nonbonded/nb_kernel_sse4_1_double/nb_kernel_ElecEwSh_VdwNone_GeomW4W4_sse4_1_double.cpp
  - src/gromacs/gmxlib/nonbonded/nb_kernel_sse4_1_double/nb_kernel_ElecEwSw_VdwLJSw_GeomP1P1_sse4_1_double.cpp
  - src/gromacs/gmxlib/nonbonded/nb_kernel_sse4_1_double/nb_kernel_ElecEwSw_VdwLJSw_GeomW3P1_sse4_1_double.cpp
  - src/gromacs/gmxlib/nonbonded/nb_kernel_sse4_1_double/nb_kernel_ElecEwSw_VdwLJSw_GeomW3W3_sse4_1_double.cpp
  - src/gromacs/gmxlib/nonbonded/nb_kernel_sse4_1_double/nb_kernel_ElecEwSw_VdwLJSw_GeomW4P1_sse4_1_double.cpp
  - src/gromacs/gmxlib/nonbonded/nb_kernel_sse4_1_double/nb_kernel_ElecEwSw_VdwLJSw_GeomW4W4_sse4_1_double.cpp
  - src/gromacs/gmxlib/nonbonded/nb_kernel_sse4_1_double/nb_kernel_ElecEwSw_VdwNone_GeomP1P1_sse4_1_double.cpp
  - src/gromacs/gmxlib/nonbonded/nb_kernel_sse4_1_double/nb_kernel_ElecEwSw_VdwNone_GeomW3P1_sse4_1_double.cpp
  - src/gromacs/gmxlib/nonbonded/nb_kernel_sse4_1_double/nb_kernel_ElecEwSw_VdwNone_GeomW3W3_sse4_1_double.cpp
  - src/gromacs/gmxlib/nonbonded/nb_kernel_sse4_1_double/nb_kernel_ElecEwSw_VdwNone_GeomW4P1_sse4_1_double.cpp
  - src/gromacs/gmxlib/nonbonded/nb_kernel_sse4_1_double/nb_kernel_ElecEwSw_VdwNone_GeomW4W4_sse4_1_double.cpp
  - src/gromacs/gmxlib/nonbonded/nb_kernel_sse4_1_double/nb_kernel_ElecEw_VdwCSTab_GeomP1P1_sse4_1_double.cpp
  - src/gromacs/gmxlib/nonbonded/nb_kernel_sse4_1_double/nb_kernel_ElecEw_VdwCSTab_GeomW3P1_sse4_1_double.cpp
  - src/gromacs/gmxlib/nonbonded/nb_kernel_sse4_1_double/nb_kernel_ElecEw_VdwCSTab_GeomW3W3_sse4_1_double.cpp
  - src/gromacs/gmxlib/nonbonded/nb_kernel_sse4_1_double/nb_kernel_ElecEw_VdwCSTab_GeomW4P1_sse4_1_double.cpp
  - src/gromacs/gmxlib/nonbonded/nb_kernel_sse4_1_double/nb_kernel_ElecEw_VdwCSTab_GeomW4W4_sse4_1_double.cpp
  - src/gromacs/gmxlib/nonbonded/nb_kernel_sse4_1_double/nb_kernel_ElecEw_VdwLJEw_GeomP1P1_sse4_1_double.cpp
  - src/gromacs/gmxlib/nonbonded/nb_kernel_sse4_1_double/nb_kernel_ElecEw_VdwLJEw_GeomW3P1_sse4_1_double.cpp
  - src/gromacs/gmxlib/nonbonded/nb_kernel_sse4_1_double/nb_kernel_ElecEw_VdwLJEw_GeomW3W3_sse4_1_double.cpp
  - src/gromacs/gmxlib/nonbonded/nb_kernel_sse4_1_double/nb_kernel_ElecEw_VdwLJEw_GeomW4P1_sse4_1_double.cpp
  - src/gromacs/gmxlib/nonbonded/nb_kernel_sse4_1_double/nb_kernel_ElecEw_VdwLJEw_GeomW4W4_sse4_1_double.cpp
  - src/gromacs/gmxlib/nonbonded/nb_kernel_sse4_1_double/nb_kernel_ElecEw_VdwLJ_GeomP1P1_sse4_1_double.cpp
  - src/gromacs/gmxlib/nonbonded/nb_kernel_sse4_1_double/nb_kernel_ElecEw_VdwLJ_GeomW3P1_sse4_1_double.cpp
  - src/gromacs/gmxlib/nonbonded/nb_kernel_sse4_1_double/nb_kernel_ElecEw_VdwLJ_GeomW3W3_sse4_1_double.cpp
  - src/gromacs/gmxlib/nonbonded/nb_kernel_sse4_1_double/nb_kernel_ElecEw_VdwLJ_GeomW4P1_sse4_1_double.cpp
  - src/gromacs/gmxlib/nonbonded/nb_kernel_sse4_1_double/nb_kernel_ElecEw_VdwLJ_GeomW4W4_sse4_1_double.cpp
  - src/gromacs/gmxlib/nonbonded/nb_kernel_sse4_1_double/nb_kernel_ElecEw_VdwNone_GeomP1P1_sse4_1_double.cpp
  - src/gromacs/gmxlib/nonbonded/nb_kernel_sse4_1_double/nb_kernel_ElecEw_VdwNone_GeomW3P1_sse4_1_double.cpp
  - src/gromacs/gmxlib/nonbonded/nb_kernel_sse4_1_double/nb_kernel_ElecEw_VdwNone_GeomW3W3_sse4_1_double.cpp
  - src/gromacs/gmxlib/nonbonded/nb_kernel_sse4_1_double/nb_kernel_ElecEw_VdwNone_GeomW4P1_sse4_1_double.cpp
  - src/gromacs/gmxlib/nonbonded/nb_kernel_sse4_1_double/nb_kernel_ElecEw_VdwNone_GeomW4W4_sse4_1_double.cpp
  - src/gromacs/gmxlib/nonbonded/nb_kernel_sse4_1_double/nb_kernel_ElecGB_VdwCSTab_GeomP1P1_sse4_1_double.cpp
  - src/gromacs/gmxlib/nonbonded/nb_kernel_sse4_1_double/nb_kernel_ElecGB_VdwLJ_GeomP1P1_sse4_1_double.cpp
  - src/gromacs/gmxlib/nonbonded/nb_kernel_sse4_1_double/nb_kernel_ElecGB_VdwNone_GeomP1P1_sse4_1_double.cpp
  - src/gromacs/gmxlib/nonbonded/nb_kernel_sse4_1_double/nb_kernel_ElecNone_VdwCSTab_GeomP1P1_sse4_1_double.cpp
  - src/gromacs/gmxlib/nonbonded/nb_kernel_sse4_1_double/nb_kernel_ElecNone_VdwLJEwSh_GeomP1P1_sse4_1_double.cpp
  - src/gromacs/gmxlib/nonbonded/nb_kernel_sse4_1_double/nb_kernel_ElecNone_VdwLJEw_GeomP1P1_sse4_1_double.cpp
  - src/gromacs/gmxlib/nonbonded/nb_kernel_sse4_1_double/nb_kernel_ElecNone_VdwLJSh_GeomP1P1_sse4_1_double.cpp
  - src/gromacs/gmxlib/nonbonded/nb_kernel_sse4_1_double/nb_kernel_ElecNone_VdwLJSw_GeomP1P1_sse4_1_double.cpp
  - src/gromacs/gmxlib/nonbonded/nb_kernel_sse4_1_double/nb_kernel_ElecNone_VdwLJ_GeomP1P1_sse4_1_double.cpp
  - src/gromacs/gmxlib/nonbonded/nb_kernel_sse4_1_double/nb_kernel_ElecRFCut_VdwCSTab_GeomP1P1_sse4_1_double.cpp
  - src/gromacs/gmxlib/nonbonded/nb_kernel_sse4_1_double/nb_kernel_ElecRFCut_VdwCSTab_GeomW3P1_sse4_1_double.cpp
  - src/gromacs/gmxlib/nonbonded/nb_kernel_sse4_1_double/nb_kernel_ElecRFCut_VdwCSTab_GeomW3W3_sse4_1_double.cpp
  - src/gromacs/gmxlib/nonbonded/nb_kernel_sse4_1_double/nb_kernel_ElecRFCut_VdwCSTab_GeomW4P1_sse4_1_double.cpp
  - src/gromacs/gmxlib/nonbonded/nb_kernel_sse4_1_double/nb_kernel_ElecRFCut_VdwCSTab_GeomW4W4_sse4_1_double.cpp
  - src/gromacs/gmxlib/nonbonded/nb_kernel_sse4_1_double/nb_kernel_ElecRFCut_VdwLJSh_GeomP1P1_sse4_1_double.cpp
  - src/gromacs/gmxlib/nonbonded/nb_kernel_sse4_1_double/nb_kernel_ElecRFCut_VdwLJSh_GeomW3P1_sse4_1_double.cpp
  - src/gromacs/gmxlib/nonbonded/nb_kernel_sse4_1_double/nb_kernel_ElecRFCut_VdwLJSh_GeomW3W3_sse4_1_double.cpp
  - src/gromacs/gmxlib/nonbonded/nb_kernel_sse4_1_double/nb_kernel_ElecRFCut_VdwLJSh_GeomW4P1_sse4_1_double.cpp
  - src/gromacs/gmxlib/nonbonded/nb_kernel_sse4_1_double/nb_kernel_ElecRFCut_VdwLJSh_GeomW4W4_sse4_1_double.cpp
  - src/gromacs/gmxlib/nonbonded/nb_kernel_sse4_1_double/nb_kernel_ElecRFCut_VdwLJSw_GeomP1P1_sse4_1_double.cpp
  - src/gromacs/gmxlib/nonbonded/nb_kernel_sse4_1_double/nb_kernel_ElecRFCut_VdwLJSw_GeomW3P1_sse4_1_double.cpp
  - src/gromacs/gmxlib/nonbonded/nb_kernel_sse4_1_double/nb_kernel_ElecRFCut_VdwLJSw_GeomW3W3_sse4_1_double.cpp
  - src/gromacs/gmxlib/nonbonded/nb_kernel_sse4_1_double/nb_kernel_ElecRFCut_VdwLJSw_GeomW4P1_sse4_1_double.cpp
  - src/gromacs/gmxlib/nonbonded/nb_kernel_sse4_1_double/nb_kernel_ElecRFCut_VdwLJSw_GeomW4W4_sse4_1_double.cpp
  - src/gromacs/gmxlib/nonbonded/nb_kernel_sse4_1_double/nb_kernel_ElecRFCut_VdwNone_GeomP1P1_sse4_1_double.cpp
  - src/gromacs/gmxlib/nonbonded/nb_kernel_sse4_1_double/nb_kernel_ElecRFCut_VdwNone_GeomW3P1_sse4_1_double.cpp
  - src/gromacs/gmxlib/nonbonded/nb_kernel_sse4_1_double/nb_kernel_ElecRFCut_VdwNone_GeomW3W3_sse4_1_double.cpp
  - src/gromacs/gmxlib/nonbonded/nb_kernel_sse4_1_double/nb_kernel_ElecRFCut_VdwNone_GeomW4P1_sse4_1_double.cpp
  - src/gromacs/gmxlib/nonbonded/nb_kernel_sse4_1_double/nb_kernel_ElecRFCut_VdwNone_GeomW4W4_sse4_1_double.cpp
  - src/gromacs/gmxlib/nonbonded/nb_kernel_sse4_1_double/nb_kernel_ElecRF_VdwCSTab_GeomP1P1_sse4_1_double.cpp
  - src/gromacs/gmxlib/nonbonded/nb_kernel_sse4_1_double/nb_kernel_ElecRF_VdwCSTab_GeomW3P1_sse4_1_double.cpp
  - src/gromacs/gmxlib/nonbonded/nb_kernel_sse4_1_double/nb_kernel_ElecRF_VdwCSTab_GeomW3W3_sse4_1_double.cpp
  - src/gromacs/gmxlib/nonbonded/nb_kernel_sse4_1_double/nb_kernel_ElecRF_VdwCSTab_GeomW4P1_sse4_1_double.cpp
  - src/gromacs/gmxlib/nonbonded/nb_kernel_sse4_1_double/nb_kernel_ElecRF_VdwCSTab_GeomW4W4_sse4_1_double.cpp
  - src/gromacs/gmxlib/nonbonded/nb_kernel_sse4_1_double/nb_kernel_ElecRF_VdwLJ_GeomP1P1_sse4_1_double.cpp
  - src/gromacs/gmxlib/nonbonded/nb_kernel_sse4_1_double/nb_kernel_ElecRF_VdwLJ_GeomW3P1_sse4_1_double.cpp
  - src/gromacs/gmxlib/nonbonded/nb_kernel_sse4_1_double/nb_kernel_ElecRF_VdwLJ_GeomW3W3_sse4_1_double.cpp
  - src/gromacs/gmxlib/nonbonded/nb_kernel_sse4_1_double/nb_kernel_ElecRF_VdwLJ_GeomW4P1_sse4_1_double.cpp
  - src/gromacs/gmxlib/nonbonded/nb_kernel_sse4_1_double/nb_kernel_ElecRF_VdwLJ_GeomW4W4_sse4_1_double.cpp
  - src/gromacs/gmxlib/nonbonded/nb_kernel_sse4_1_double/nb_kernel_ElecRF_VdwNone_GeomP1P1_sse4_1_double.cpp
  - src/gromacs/gmxlib/nonbonded/nb_kernel_sse4_1_double/nb_kernel_ElecRF_VdwNone_GeomW3P1_sse4_1_double.cpp
  - src/gromacs/gmxlib/nonbonded/nb_kernel_sse4_1_double/nb_kernel_ElecRF_VdwNone_GeomW3W3_sse4_1_double.cpp
  - src/gromacs/gmxlib/nonbonded/nb_kernel_sse4_1_double/nb_kernel_ElecRF_VdwNone_GeomW4P1_sse4_1_double.cpp
  - src/gromacs/gmxlib/nonbonded/nb_kernel_sse4_1_double/nb_kernel_ElecRF_VdwNone_GeomW4W4_sse4_1_double.cpp
  - src/gromacs/gmxlib/nonbonded/nb_kernel_sse4_1_double/nb_kernel_sse4_1_double.cpp
  - src/gromacs/gmxlib/nonbonded/nb_kernel_sse4_1_single/nb_kernel_ElecCSTab_VdwCSTab_GeomP1P1_sse4_1_single.cpp
  - src/gromacs/gmxlib/nonbonded/nb_kernel_sse4_1_single/nb_kernel_ElecCSTab_VdwCSTab_GeomW3P1_sse4_1_single.cpp
  - src/gromacs/gmxlib/nonbonded/nb_kernel_sse4_1_single/nb_kernel_ElecCSTab_VdwCSTab_GeomW3W3_sse4_1_single.cpp
  - src/gromacs/gmxlib/nonbonded/nb_kernel_sse4_1_single/nb_kernel_ElecCSTab_VdwCSTab_GeomW4P1_sse4_1_single.cpp
  - src/gromacs/gmxlib/nonbonded/nb_kernel_sse4_1_single/nb_kernel_ElecCSTab_VdwCSTab_GeomW4W4_sse4_1_single.cpp
  - src/gromacs/gmxlib/nonbonded/nb_kernel_sse4_1_single/nb_kernel_ElecCSTab_VdwLJ_GeomP1P1_sse4_1_single.cpp
  - src/gromacs/gmxlib/nonbonded/nb_kernel_sse4_1_single/nb_kernel_ElecCSTab_VdwLJ_GeomW3P1_sse4_1_single.cpp
  - src/gromacs/gmxlib/nonbonded/nb_kernel_sse4_1_single/nb_kernel_ElecCSTab_VdwLJ_GeomW3W3_sse4_1_single.cpp
  - src/gromacs/gmxlib/nonbonded/nb_kernel_sse4_1_single/nb_kernel_ElecCSTab_VdwLJ_GeomW4P1_sse4_1_single.cpp
  - src/gromacs/gmxlib/nonbonded/nb_kernel_sse4_1_single/nb_kernel_ElecCSTab_VdwLJ_GeomW4W4_sse4_1_single.cpp
  - src/gromacs/gmxlib/nonbonded/nb_kernel_sse4_1_single/nb_kernel_ElecCSTab_VdwNone_GeomP1P1_sse4_1_single.cpp
  - src/gromacs/gmxlib/nonbonded/nb_kernel_sse4_1_single/nb_kernel_ElecCSTab_VdwNone_GeomW3P1_sse4_1_single.cpp
  - src/gromacs/gmxlib/nonbonded/nb_kernel_sse4_1_single/nb_kernel_ElecCSTab_VdwNone_GeomW3W3_sse4_1_single.cpp
  - src/gromacs/gmxlib/nonbonded/nb_kernel_sse4_1_single/nb_kernel_ElecCSTab_VdwNone_GeomW4P1_sse4_1_single.cpp
  - src/gromacs/gmxlib/nonbonded/nb_kernel_sse4_1_single/nb_kernel_ElecCSTab_VdwNone_GeomW4W4_sse4_1_single.cpp
  - src/gromacs/gmxlib/nonbonded/nb_kernel_sse4_1_single/nb_kernel_ElecCoul_VdwCSTab_GeomP1P1_sse4_1_single.cpp
  - src/gromacs/gmxlib/nonbonded/nb_kernel_sse4_1_single/nb_kernel_ElecCoul_VdwCSTab_GeomW3P1_sse4_1_single.cpp
  - src/gromacs/gmxlib/nonbonded/nb_kernel_sse4_1_single/nb_kernel_ElecCoul_VdwCSTab_GeomW3W3_sse4_1_single.cpp
  - src/gromacs/gmxlib/nonbonded/nb_kernel_sse4_1_single/nb_kernel_ElecCoul_VdwCSTab_GeomW4P1_sse4_1_single.cpp
  - src/gromacs/gmxlib/nonbonded/nb_kernel_sse4_1_single/nb_kernel_ElecCoul_VdwCSTab_GeomW4W4_sse4_1_single.cpp
  - src/gromacs/gmxlib/nonbonded/nb_kernel_sse4_1_single/nb_kernel_ElecCoul_VdwLJ_GeomP1P1_sse4_1_single.cpp
  - src/gromacs/gmxlib/nonbonded/nb_kernel_sse4_1_single/nb_kernel_ElecCoul_VdwLJ_GeomW3P1_sse4_1_single.cpp
  - src/gromacs/gmxlib/nonbonded/nb_kernel_sse4_1_single/nb_kernel_ElecCoul_VdwLJ_GeomW3W3_sse4_1_single.cpp
  - src/gromacs/gmxlib/nonbonded/nb_kernel_sse4_1_single/nb_kernel_ElecCoul_VdwLJ_GeomW4P1_sse4_1_single.cpp
  - src/gromacs/gmxlib/nonbonded/nb_kernel_sse4_1_single/nb_kernel_ElecCoul_VdwLJ_GeomW4W4_sse4_1_single.cpp
  - src/gromacs/gmxlib/nonbonded/nb_kernel_sse4_1_single/nb_kernel_ElecCoul_VdwNone_GeomP1P1_sse4_1_single.cpp
  - src/gromacs/gmxlib/nonbonded/nb_kernel_sse4_1_single/nb_kernel_ElecCoul_VdwNone_GeomW3P1_sse4_1_single.cpp
  - src/gromacs/gmxlib/nonbonded/nb_kernel_sse4_1_single/nb_kernel_ElecCoul_VdwNone_GeomW3W3_sse4_1_single.cpp
  - src/gromacs/gmxlib/nonbonded/nb_kernel_sse4_1_single/nb_kernel_ElecCoul_VdwNone_GeomW4P1_sse4_1_single.cpp
  - src/gromacs/gmxlib/nonbonded/nb_kernel_sse4_1_single/nb_kernel_ElecCoul_VdwNone_GeomW4W4_sse4_1_single.cpp
  - src/gromacs/gmxlib/nonbonded/nb_kernel_sse4_1_single/nb_kernel_ElecEwSh_VdwLJEwSh_GeomP1P1_sse4_1_single.cpp
  - src/gromacs/gmxlib/nonbonded/nb_kernel_sse4_1_single/nb_kernel_ElecEwSh_VdwLJEwSh_GeomW3P1_sse4_1_single.cpp
  - src/gromacs/gmxlib/nonbonded/nb_kernel_sse4_1_single/nb_kernel_ElecEwSh_VdwLJEwSh_GeomW3W3_sse4_1_single.cpp
  - src/gromacs/gmxlib/nonbonded/nb_kernel_sse4_1_single/nb_kernel_ElecEwSh_VdwLJEwSh_GeomW4P1_sse4_1_single.cpp
  - src/gromacs/gmxlib/nonbonded/nb_kernel_sse4_1_single/nb_kernel_ElecEwSh_VdwLJEwSh_GeomW4W4_sse4_1_single.cpp
  - src/gromacs/gmxlib/nonbonded/nb_kernel_sse4_1_single/nb_kernel_ElecEwSh_VdwLJSh_GeomP1P1_sse4_1_single.cpp
  - src/gromacs/gmxlib/nonbonded/nb_kernel_sse4_1_single/nb_kernel_ElecEwSh_VdwLJSh_GeomW3P1_sse4_1_single.cpp
  - src/gromacs/gmxlib/nonbonded/nb_kernel_sse4_1_single/nb_kernel_ElecEwSh_VdwLJSh_GeomW3W3_sse4_1_single.cpp
  - src/gromacs/gmxlib/nonbonded/nb_kernel_sse4_1_single/nb_kernel_ElecEwSh_VdwLJSh_GeomW4P1_sse4_1_single.cpp
  - src/gromacs/gmxlib/nonbonded/nb_kernel_sse4_1_single/nb_kernel_ElecEwSh_VdwLJSh_GeomW4W4_sse4_1_single.cpp
  - src/gromacs/gmxlib/nonbonded/nb_kernel_sse4_1_single/nb_kernel_ElecEwSh_VdwNone_GeomP1P1_sse4_1_single.cpp
  - src/gromacs/gmxlib/nonbonded/nb_kernel_sse4_1_single/nb_kernel_ElecEwSh_VdwNone_GeomW3P1_sse4_1_single.cpp
  - src/gromacs/gmxlib/nonbonded/nb_kernel_sse4_1_single/nb_kernel_ElecEwSh_VdwNone_GeomW3W3_sse4_1_single.cpp
  - src/gromacs/gmxlib/nonbonded/nb_kernel_sse4_1_single/nb_kernel_ElecEwSh_VdwNone_GeomW4P1_sse4_1_single.cpp
  - src/gromacs/gmxlib/nonbonded/nb_kernel_sse4_1_single/nb_kernel_ElecEwSh_VdwNone_GeomW4W4_sse4_1_single.cpp
  - src/gromacs/gmxlib/nonbonded/nb_kernel_sse4_1_single/nb_kernel_ElecEwSw_VdwLJSw_GeomP1P1_sse4_1_single.cpp
  - src/gromacs/gmxlib/nonbonded/nb_kernel_sse4_1_single/nb_kernel_ElecEwSw_VdwLJSw_GeomW3P1_sse4_1_single.cpp
  - src/gromacs/gmxlib/nonbonded/nb_kernel_sse4_1_single/nb_kernel_ElecEwSw_VdwLJSw_GeomW3W3_sse4_1_single.cpp
  - src/gromacs/gmxlib/nonbonded/nb_kernel_sse4_1_single/nb_kernel_ElecEwSw_VdwLJSw_GeomW4P1_sse4_1_single.cpp
  - src/gromacs/gmxlib/nonbonded/nb_kernel_sse4_1_single/nb_kernel_ElecEwSw_VdwLJSw_GeomW4W4_sse4_1_single.cpp
  - src/gromacs/gmxlib/nonbonded/nb_kernel_sse4_1_single/nb_kernel_ElecEwSw_VdwNone_GeomP1P1_sse4_1_single.cpp
  - src/gromacs/gmxlib/nonbonded/nb_kernel_sse4_1_single/nb_kernel_ElecEwSw_VdwNone_GeomW3P1_sse4_1_single.cpp
  - src/gromacs/gmxlib/nonbonded/nb_kernel_sse4_1_single/nb_kernel_ElecEwSw_VdwNone_GeomW3W3_sse4_1_single.cpp
  - src/gromacs/gmxlib/nonbonded/nb_kernel_sse4_1_single/nb_kernel_ElecEwSw_VdwNone_GeomW4P1_sse4_1_single.cpp
  - src/gromacs/gmxlib/nonbonded/nb_kernel_sse4_1_single/nb_kernel_ElecEwSw_VdwNone_GeomW4W4_sse4_1_single.cpp
  - src/gromacs/gmxlib/nonbonded/nb_kernel_sse4_1_single/nb_kernel_ElecEw_VdwCSTab_GeomP1P1_sse4_1_single.cpp
  - src/gromacs/gmxlib/nonbonded/nb_kernel_sse4_1_single/nb_kernel_ElecEw_VdwCSTab_GeomW3P1_sse4_1_single.cpp
  - src/gromacs/gmxlib/nonbonded/nb_kernel_sse4_1_single/nb_kernel_ElecEw_VdwCSTab_GeomW3W3_sse4_1_single.cpp
  - src/gromacs/gmxlib/nonbonded/nb_kernel_sse4_1_single/nb_kernel_ElecEw_VdwCSTab_GeomW4P1_sse4_1_single.cpp
  - src/gromacs/gmxlib/nonbonded/nb_kernel_sse4_1_single/nb_kernel_ElecEw_VdwCSTab_GeomW4W4_sse4_1_single.cpp
  - src/gromacs/gmxlib/nonbonded/nb_kernel_sse4_1_single/nb_kernel_ElecEw_VdwLJEw_GeomP1P1_sse4_1_single.cpp
  - src/gromacs/gmxlib/nonbonded/nb_kernel_sse4_1_single/nb_kernel_ElecEw_VdwLJEw_GeomW3P1_sse4_1_single.cpp
  - src/gromacs/gmxlib/nonbonded/nb_kernel_sse4_1_single/nb_kernel_ElecEw_VdwLJEw_GeomW3W3_sse4_1_single.cpp
  - src/gromacs/gmxlib/nonbonded/nb_kernel_sse4_1_single/nb_kernel_ElecEw_VdwLJEw_GeomW4P1_sse4_1_single.cpp
  - src/gromacs/gmxlib/nonbonded/nb_kernel_sse4_1_single/nb_kernel_ElecEw_VdwLJEw_GeomW4W4_sse4_1_single.cpp
  - src/gromacs/gmxlib/nonbonded/nb_kernel_sse4_1_single/nb_kernel_ElecEw_VdwLJ_GeomP1P1_sse4_1_single.cpp
  - src/gromacs/gmxlib/nonbonded/nb_kernel_sse4_1_single/nb_kernel_ElecEw_VdwLJ_GeomW3P1_sse4_1_single.cpp
  - src/gromacs/gmxlib/nonbonded/nb_kernel_sse4_1_single/nb_kernel_ElecEw_VdwLJ_GeomW3W3_sse4_1_single.cpp
  - src/gromacs/gmxlib/nonbonded/nb_kernel_sse4_1_single/nb_kernel_ElecEw_VdwLJ_GeomW4P1_sse4_1_single.cpp
  - src/gromacs/gmxlib/nonbonded/nb_kernel_sse4_1_single/nb_kernel_ElecEw_VdwLJ_GeomW4W4_sse4_1_single.cpp
  - src/gromacs/gmxlib/nonbonded/nb_kernel_sse4_1_single/nb_kernel_ElecEw_VdwNone_GeomP1P1_sse4_1_single.cpp
  - src/gromacs/gmxlib/nonbonded/nb_kernel_sse4_1_single/nb_kernel_ElecEw_VdwNone_GeomW3P1_sse4_1_single.cpp
  - src/gromacs/gmxlib/nonbonded/nb_kernel_sse4_1_single/nb_kernel_ElecEw_VdwNone_GeomW3W3_sse4_1_single.cpp
  - src/gromacs/gmxlib/nonbonded/nb_kernel_sse4_1_single/nb_kernel_ElecEw_VdwNone_GeomW4P1_sse4_1_single.cpp
  - src/gromacs/gmxlib/nonbonded/nb_kernel_sse4_1_single/nb_kernel_ElecEw_VdwNone_GeomW4W4_sse4_1_single.cpp
  - src/gromacs/gmxlib/nonbonded/nb_kernel_sse4_1_single/nb_kernel_ElecGB_VdwCSTab_GeomP1P1_sse4_1_single.cpp
  - src/gromacs/gmxlib/nonbonded/nb_kernel_sse4_1_single/nb_kernel_ElecGB_VdwLJ_GeomP1P1_sse4_1_single.cpp
  - src/gromacs/gmxlib/nonbonded/nb_kernel_sse4_1_single/nb_kernel_ElecGB_VdwNone_GeomP1P1_sse4_1_single.cpp
  - src/gromacs/gmxlib/nonbonded/nb_kernel_sse4_1_single/nb_kernel_ElecNone_VdwCSTab_GeomP1P1_sse4_1_single.cpp
  - src/gromacs/gmxlib/nonbonded/nb_kernel_sse4_1_single/nb_kernel_ElecNone_VdwLJEwSh_GeomP1P1_sse4_1_single.cpp
  - src/gromacs/gmxlib/nonbonded/nb_kernel_sse4_1_single/nb_kernel_ElecNone_VdwLJEw_GeomP1P1_sse4_1_single.cpp
  - src/gromacs/gmxlib/nonbonded/nb_kernel_sse4_1_single/nb_kernel_ElecNone_VdwLJSh_GeomP1P1_sse4_1_single.cpp
  - src/gromacs/gmxlib/nonbonded/nb_kernel_sse4_1_single/nb_kernel_ElecNone_VdwLJSw_GeomP1P1_sse4_1_single.cpp
  - src/gromacs/gmxlib/nonbonded/nb_kernel_sse4_1_single/nb_kernel_ElecNone_VdwLJ_GeomP1P1_sse4_1_single.cpp
  - src/gromacs/gmxlib/nonbonded/nb_kernel_sse4_1_single/nb_kernel_ElecRFCut_VdwCSTab_GeomP1P1_sse4_1_single.cpp
  - src/gromacs/gmxlib/nonbonded/nb_kernel_sse4_1_single/nb_kernel_ElecRFCut_VdwCSTab_GeomW3P1_sse4_1_single.cpp
  - src/gromacs/gmxlib/nonbonded/nb_kernel_sse4_1_single/nb_kernel_ElecRFCut_VdwCSTab_GeomW3W3_sse4_1_single.cpp
  - src/gromacs/gmxlib/nonbonded/nb_kernel_sse4_1_single/nb_kernel_ElecRFCut_VdwCSTab_GeomW4P1_sse4_1_single.cpp
  - src/gromacs/gmxlib/nonbonded/nb_kernel_sse4_1_single/nb_kernel_ElecRFCut_VdwCSTab_GeomW4W4_sse4_1_single.cpp
  - src/gromacs/gmxlib/nonbonded/nb_kernel_sse4_1_single/nb_kernel_ElecRFCut_VdwLJSh_GeomP1P1_sse4_1_single.cpp
  - src/gromacs/gmxlib/nonbonded/nb_kernel_sse4_1_single/nb_kernel_ElecRFCut_VdwLJSh_GeomW3P1_sse4_1_single.cpp
  - src/gromacs/gmxlib/nonbonded/nb_kernel_sse4_1_single/nb_kernel_ElecRFCut_VdwLJSh_GeomW3W3_sse4_1_single.cpp
  - src/gromacs/gmxlib/nonbonded/nb_kernel_sse4_1_single/nb_kernel_ElecRFCut_VdwLJSh_GeomW4P1_sse4_1_single.cpp
  - src/gromacs/gmxlib/nonbonded/nb_kernel_sse4_1_single/nb_kernel_ElecRFCut_VdwLJSh_GeomW4W4_sse4_1_single.cpp
  - src/gromacs/gmxlib/nonbonded/nb_kernel_sse4_1_single/nb_kernel_ElecRFCut_VdwLJSw_GeomP1P1_sse4_1_single.cpp
  - src/gromacs/gmxlib/nonbonded/nb_kernel_sse4_1_single/nb_kernel_ElecRFCut_VdwLJSw_GeomW3P1_sse4_1_single.cpp
  - src/gromacs/gmxlib/nonbonded/nb_kernel_sse4_1_single/nb_kernel_ElecRFCut_VdwLJSw_GeomW3W3_sse4_1_single.cpp
  - src/gromacs/gmxlib/nonbonded/nb_kernel_sse4_1_single/nb_kernel_ElecRFCut_VdwLJSw_GeomW4P1_sse4_1_single.cpp
  - src/gromacs/gmxlib/nonbonded/nb_kernel_sse4_1_single/nb_kernel_ElecRFCut_VdwLJSw_GeomW4W4_sse4_1_single.cpp
  - src/gromacs/gmxlib/nonbonded/nb_kernel_sse4_1_single/nb_kernel_ElecRFCut_VdwNone_GeomP1P1_sse4_1_single.cpp
  - src/gromacs/gmxlib/nonbonded/nb_kernel_sse4_1_single/nb_kernel_ElecRFCut_VdwNone_GeomW3P1_sse4_1_single.cpp
  - src/gromacs/gmxlib/nonbonded/nb_kernel_sse4_1_single/nb_kernel_ElecRFCut_VdwNone_GeomW3W3_sse4_1_single.cpp
  - src/gromacs/gmxlib/nonbonded/nb_kernel_sse4_1_single/nb_kernel_ElecRFCut_VdwNone_GeomW4P1_sse4_1_single.cpp
  - src/gromacs/gmxlib/nonbonded/nb_kernel_sse4_1_single/nb_kernel_ElecRFCut_VdwNone_GeomW4W4_sse4_1_single.cpp
  - src/gromacs/gmxlib/nonbonded/nb_kernel_sse4_1_single/nb_kernel_ElecRF_VdwCSTab_GeomP1P1_sse4_1_single.cpp
  - src/gromacs/gmxlib/nonbonded/nb_kernel_sse4_1_single/nb_kernel_ElecRF_VdwCSTab_GeomW3P1_sse4_1_single.cpp
  - src/gromacs/gmxlib/nonbonded/nb_kernel_sse4_1_single/nb_kernel_ElecRF_VdwCSTab_GeomW3W3_sse4_1_single.cpp
  - src/gromacs/gmxlib/nonbonded/nb_kernel_sse4_1_single/nb_kernel_ElecRF_VdwCSTab_GeomW4P1_sse4_1_single.cpp
  - src/gromacs/gmxlib/nonbonded/nb_kernel_sse4_1_single/nb_kernel_ElecRF_VdwCSTab_GeomW4W4_sse4_1_single.cpp
  - src/gromacs/gmxlib/nonbonded/nb_kernel_sse4_1_single/nb_kernel_ElecRF_VdwLJ_GeomP1P1_sse4_1_single.cpp
  - src/gromacs/gmxlib/nonbonded/nb_kernel_sse4_1_single/nb_kernel_ElecRF_VdwLJ_GeomW3P1_sse4_1_single.cpp
  - src/gromacs/gmxlib/nonbonded/nb_kernel_sse4_1_single/nb_kernel_ElecRF_VdwLJ_GeomW3W3_sse4_1_single.cpp
  - src/gromacs/gmxlib/nonbonded/nb_kernel_sse4_1_single/nb_kernel_ElecRF_VdwLJ_GeomW4P1_sse4_1_single.cpp
  - src/gromacs/gmxlib/nonbonded/nb_kernel_sse4_1_single/nb_kernel_ElecRF_VdwLJ_GeomW4W4_sse4_1_single.cpp
  - src/gromacs/gmxlib/nonbonded/nb_kernel_sse4_1_single/nb_kernel_ElecRF_VdwNone_GeomP1P1_sse4_1_single.cpp
  - src/gromacs/gmxlib/nonbonded/nb_kernel_sse4_1_single/nb_kernel_ElecRF_VdwNone_GeomW3P1_sse4_1_single.cpp
  - src/gromacs/gmxlib/nonbonded/nb_kernel_sse4_1_single/nb_kernel_ElecRF_VdwNone_GeomW3W3_sse4_1_single.cpp
  - src/gromacs/gmxlib/nonbonded/nb_kernel_sse4_1_single/nb_kernel_ElecRF_VdwNone_GeomW4P1_sse4_1_single.cpp
  - src/gromacs/gmxlib/nonbonded/nb_kernel_sse4_1_single/nb_kernel_ElecRF_VdwNone_GeomW4W4_sse4_1_single.cpp
  - src/gromacs/gmxlib/nonbonded/nb_kernel_sse4_1_single/nb_kernel_sse4_1_single.cpp
  - src/gromacs/listed-forces/bonded.cpp
  - src/gromacs/listed-forces/bonded.h
  - src/gromacs/listed-forces/disre.cpp
  - src/gromacs/listed-forces/listed-forces.cpp
  - src/gromacs/listed-forces/listed-forces.h
  - src/gromacs/listed-forces/orires.cpp
  - src/gromacs/listed-forces/pairs.cpp
  - src/gromacs/listed-forces/pairs.h
  - src/gromacs/mdlib/force.cpp
  - src/gromacs/mdlib/force.h
  - src/gromacs/mdlib/forcerec.cpp
  - src/gromacs/mdlib/forcerec.h
  - src/gromacs/mdlib/nbnxn_kernels/nbnxn_kernel_file_generator/nbnxn_kernel_simd_2xnn_kernel.cpp.pre
  - src/gromacs/mdlib/nbnxn_kernels/nbnxn_kernel_file_generator/nbnxn_kernel_simd_4xn_kernel.cpp.pre
  - src/gromacs/mdlib/nbnxn_kernels/nbnxn_kernel_file_generator/nbnxn_kernel_simd_template.cpp.pre
  - src/gromacs/mdlib/nbnxn_kernels/nbnxn_kernel_file_generator/nbnxn_kernel_simd_template.h.pre
  - src/gromacs/mdlib/nbnxn_kernels/nbnxn_kernel_ref.cpp
  - src/gromacs/mdlib/nbnxn_kernels/nbnxn_kernel_ref.h
  - src/gromacs/mdlib/nbnxn_kernels/nbnxn_kernel_ref_inner.h
  - src/gromacs/mdlib/nbnxn_kernels/nbnxn_kernel_ref_outer.h
  - src/gromacs/mdlib/nbnxn_kernels/simd_2xnn/nbnxn_kernel_ElecEwTwinCut_VdwLJCombGeom_F_2xnn.cpp
  - src/gromacs/mdlib/nbnxn_kernels/simd_2xnn/nbnxn_kernel_ElecEwTwinCut_VdwLJCombGeom_VF_2xnn.cpp
  - src/gromacs/mdlib/nbnxn_kernels/simd_2xnn/nbnxn_kernel_ElecEwTwinCut_VdwLJCombGeom_VgrpF_2xnn.cpp
  - src/gromacs/mdlib/nbnxn_kernels/simd_2xnn/nbnxn_kernel_ElecEwTwinCut_VdwLJCombLB_F_2xnn.cpp
  - src/gromacs/mdlib/nbnxn_kernels/simd_2xnn/nbnxn_kernel_ElecEwTwinCut_VdwLJCombLB_VF_2xnn.cpp
  - src/gromacs/mdlib/nbnxn_kernels/simd_2xnn/nbnxn_kernel_ElecEwTwinCut_VdwLJCombLB_VgrpF_2xnn.cpp
  - src/gromacs/mdlib/nbnxn_kernels/simd_2xnn/nbnxn_kernel_ElecEwTwinCut_VdwLJEwCombGeom_F_2xnn.cpp
  - src/gromacs/mdlib/nbnxn_kernels/simd_2xnn/nbnxn_kernel_ElecEwTwinCut_VdwLJEwCombGeom_VF_2xnn.cpp
  - src/gromacs/mdlib/nbnxn_kernels/simd_2xnn/nbnxn_kernel_ElecEwTwinCut_VdwLJEwCombGeom_VgrpF_2xnn.cpp
  - src/gromacs/mdlib/nbnxn_kernels/simd_2xnn/nbnxn_kernel_ElecEwTwinCut_VdwLJFSw_F_2xnn.cpp
  - src/gromacs/mdlib/nbnxn_kernels/simd_2xnn/nbnxn_kernel_ElecEwTwinCut_VdwLJFSw_VF_2xnn.cpp
  - src/gromacs/mdlib/nbnxn_kernels/simd_2xnn/nbnxn_kernel_ElecEwTwinCut_VdwLJFSw_VgrpF_2xnn.cpp
  - src/gromacs/mdlib/nbnxn_kernels/simd_2xnn/nbnxn_kernel_ElecEwTwinCut_VdwLJPSw_F_2xnn.cpp
  - src/gromacs/mdlib/nbnxn_kernels/simd_2xnn/nbnxn_kernel_ElecEwTwinCut_VdwLJPSw_VF_2xnn.cpp
  - src/gromacs/mdlib/nbnxn_kernels/simd_2xnn/nbnxn_kernel_ElecEwTwinCut_VdwLJPSw_VgrpF_2xnn.cpp
  - src/gromacs/mdlib/nbnxn_kernels/simd_2xnn/nbnxn_kernel_ElecEwTwinCut_VdwLJ_F_2xnn.cpp
  - src/gromacs/mdlib/nbnxn_kernels/simd_2xnn/nbnxn_kernel_ElecEwTwinCut_VdwLJ_VF_2xnn.cpp
  - src/gromacs/mdlib/nbnxn_kernels/simd_2xnn/nbnxn_kernel_ElecEwTwinCut_VdwLJ_VgrpF_2xnn.cpp
  - src/gromacs/mdlib/nbnxn_kernels/simd_2xnn/nbnxn_kernel_ElecEw_VdwLJCombGeom_F_2xnn.cpp
  - src/gromacs/mdlib/nbnxn_kernels/simd_2xnn/nbnxn_kernel_ElecEw_VdwLJCombGeom_VF_2xnn.cpp
  - src/gromacs/mdlib/nbnxn_kernels/simd_2xnn/nbnxn_kernel_ElecEw_VdwLJCombGeom_VgrpF_2xnn.cpp
  - src/gromacs/mdlib/nbnxn_kernels/simd_2xnn/nbnxn_kernel_ElecEw_VdwLJCombLB_F_2xnn.cpp
  - src/gromacs/mdlib/nbnxn_kernels/simd_2xnn/nbnxn_kernel_ElecEw_VdwLJCombLB_VF_2xnn.cpp
  - src/gromacs/mdlib/nbnxn_kernels/simd_2xnn/nbnxn_kernel_ElecEw_VdwLJCombLB_VgrpF_2xnn.cpp
  - src/gromacs/mdlib/nbnxn_kernels/simd_2xnn/nbnxn_kernel_ElecEw_VdwLJEwCombGeom_F_2xnn.cpp
  - src/gromacs/mdlib/nbnxn_kernels/simd_2xnn/nbnxn_kernel_ElecEw_VdwLJEwCombGeom_VF_2xnn.cpp
  - src/gromacs/mdlib/nbnxn_kernels/simd_2xnn/nbnxn_kernel_ElecEw_VdwLJEwCombGeom_VgrpF_2xnn.cpp
  - src/gromacs/mdlib/nbnxn_kernels/simd_2xnn/nbnxn_kernel_ElecEw_VdwLJFSw_F_2xnn.cpp
  - src/gromacs/mdlib/nbnxn_kernels/simd_2xnn/nbnxn_kernel_ElecEw_VdwLJFSw_VF_2xnn.cpp
  - src/gromacs/mdlib/nbnxn_kernels/simd_2xnn/nbnxn_kernel_ElecEw_VdwLJFSw_VgrpF_2xnn.cpp
  - src/gromacs/mdlib/nbnxn_kernels/simd_2xnn/nbnxn_kernel_ElecEw_VdwLJPSw_F_2xnn.cpp
  - src/gromacs/mdlib/nbnxn_kernels/simd_2xnn/nbnxn_kernel_ElecEw_VdwLJPSw_VF_2xnn.cpp
  - src/gromacs/mdlib/nbnxn_kernels/simd_2xnn/nbnxn_kernel_ElecEw_VdwLJPSw_VgrpF_2xnn.cpp
  - src/gromacs/mdlib/nbnxn_kernels/simd_2xnn/nbnxn_kernel_ElecEw_VdwLJ_F_2xnn.cpp
  - src/gromacs/mdlib/nbnxn_kernels/simd_2xnn/nbnxn_kernel_ElecEw_VdwLJ_VF_2xnn.cpp
  - src/gromacs/mdlib/nbnxn_kernels/simd_2xnn/nbnxn_kernel_ElecEw_VdwLJ_VgrpF_2xnn.cpp
  - src/gromacs/mdlib/nbnxn_kernels/simd_2xnn/nbnxn_kernel_ElecQSTabTwinCut_VdwLJCombGeom_F_2xnn.cpp
  - src/gromacs/mdlib/nbnxn_kernels/simd_2xnn/nbnxn_kernel_ElecQSTabTwinCut_VdwLJCombGeom_VF_2xnn.cpp
  - src/gromacs/mdlib/nbnxn_kernels/simd_2xnn/nbnxn_kernel_ElecQSTabTwinCut_VdwLJCombGeom_VgrpF_2xnn.cpp
  - src/gromacs/mdlib/nbnxn_kernels/simd_2xnn/nbnxn_kernel_ElecQSTabTwinCut_VdwLJCombLB_F_2xnn.cpp
  - src/gromacs/mdlib/nbnxn_kernels/simd_2xnn/nbnxn_kernel_ElecQSTabTwinCut_VdwLJCombLB_VF_2xnn.cpp
  - src/gromacs/mdlib/nbnxn_kernels/simd_2xnn/nbnxn_kernel_ElecQSTabTwinCut_VdwLJCombLB_VgrpF_2xnn.cpp
  - src/gromacs/mdlib/nbnxn_kernels/simd_2xnn/nbnxn_kernel_ElecQSTabTwinCut_VdwLJEwCombGeom_F_2xnn.cpp
  - src/gromacs/mdlib/nbnxn_kernels/simd_2xnn/nbnxn_kernel_ElecQSTabTwinCut_VdwLJEwCombGeom_VF_2xnn.cpp
  - src/gromacs/mdlib/nbnxn_kernels/simd_2xnn/nbnxn_kernel_ElecQSTabTwinCut_VdwLJEwCombGeom_VgrpF_2xnn.cpp
  - src/gromacs/mdlib/nbnxn_kernels/simd_2xnn/nbnxn_kernel_ElecQSTabTwinCut_VdwLJFSw_F_2xnn.cpp
  - src/gromacs/mdlib/nbnxn_kernels/simd_2xnn/nbnxn_kernel_ElecQSTabTwinCut_VdwLJFSw_VF_2xnn.cpp
  - src/gromacs/mdlib/nbnxn_kernels/simd_2xnn/nbnxn_kernel_ElecQSTabTwinCut_VdwLJFSw_VgrpF_2xnn.cpp
  - src/gromacs/mdlib/nbnxn_kernels/simd_2xnn/nbnxn_kernel_ElecQSTabTwinCut_VdwLJPSw_F_2xnn.cpp
  - src/gromacs/mdlib/nbnxn_kernels/simd_2xnn/nbnxn_kernel_ElecQSTabTwinCut_VdwLJPSw_VF_2xnn.cpp
  - src/gromacs/mdlib/nbnxn_kernels/simd_2xnn/nbnxn_kernel_ElecQSTabTwinCut_VdwLJPSw_VgrpF_2xnn.cpp
  - src/gromacs/mdlib/nbnxn_kernels/simd_2xnn/nbnxn_kernel_ElecQSTabTwinCut_VdwLJ_F_2xnn.cpp
  - src/gromacs/mdlib/nbnxn_kernels/simd_2xnn/nbnxn_kernel_ElecQSTabTwinCut_VdwLJ_VF_2xnn.cpp
  - src/gromacs/mdlib/nbnxn_kernels/simd_2xnn/nbnxn_kernel_ElecQSTabTwinCut_VdwLJ_VgrpF_2xnn.cpp
  - src/gromacs/mdlib/nbnxn_kernels/simd_2xnn/nbnxn_kernel_ElecQSTab_VdwLJCombGeom_F_2xnn.cpp
  - src/gromacs/mdlib/nbnxn_kernels/simd_2xnn/nbnxn_kernel_ElecQSTab_VdwLJCombGeom_VF_2xnn.cpp
  - src/gromacs/mdlib/nbnxn_kernels/simd_2xnn/nbnxn_kernel_ElecQSTab_VdwLJCombGeom_VgrpF_2xnn.cpp
  - src/gromacs/mdlib/nbnxn_kernels/simd_2xnn/nbnxn_kernel_ElecQSTab_VdwLJCombLB_F_2xnn.cpp
  - src/gromacs/mdlib/nbnxn_kernels/simd_2xnn/nbnxn_kernel_ElecQSTab_VdwLJCombLB_VF_2xnn.cpp
  - src/gromacs/mdlib/nbnxn_kernels/simd_2xnn/nbnxn_kernel_ElecQSTab_VdwLJCombLB_VgrpF_2xnn.cpp
  - src/gromacs/mdlib/nbnxn_kernels/simd_2xnn/nbnxn_kernel_ElecQSTab_VdwLJEwCombGeom_F_2xnn.cpp
  - src/gromacs/mdlib/nbnxn_kernels/simd_2xnn/nbnxn_kernel_ElecQSTab_VdwLJEwCombGeom_VF_2xnn.cpp
  - src/gromacs/mdlib/nbnxn_kernels/simd_2xnn/nbnxn_kernel_ElecQSTab_VdwLJEwCombGeom_VgrpF_2xnn.cpp
  - src/gromacs/mdlib/nbnxn_kernels/simd_2xnn/nbnxn_kernel_ElecQSTab_VdwLJFSw_F_2xnn.cpp
  - src/gromacs/mdlib/nbnxn_kernels/simd_2xnn/nbnxn_kernel_ElecQSTab_VdwLJFSw_VF_2xnn.cpp
  - src/gromacs/mdlib/nbnxn_kernels/simd_2xnn/nbnxn_kernel_ElecQSTab_VdwLJFSw_VgrpF_2xnn.cpp
  - src/gromacs/mdlib/nbnxn_kernels/simd_2xnn/nbnxn_kernel_ElecQSTab_VdwLJPSw_F_2xnn.cpp
  - src/gromacs/mdlib/nbnxn_kernels/simd_2xnn/nbnxn_kernel_ElecQSTab_VdwLJPSw_VF_2xnn.cpp
  - src/gromacs/mdlib/nbnxn_kernels/simd_2xnn/nbnxn_kernel_ElecQSTab_VdwLJPSw_VgrpF_2xnn.cpp
  - src/gromacs/mdlib/nbnxn_kernels/simd_2xnn/nbnxn_kernel_ElecQSTab_VdwLJ_F_2xnn.cpp
  - src/gromacs/mdlib/nbnxn_kernels/simd_2xnn/nbnxn_kernel_ElecQSTab_VdwLJ_VF_2xnn.cpp
  - src/gromacs/mdlib/nbnxn_kernels/simd_2xnn/nbnxn_kernel_ElecQSTab_VdwLJ_VgrpF_2xnn.cpp
  - src/gromacs/mdlib/nbnxn_kernels/simd_2xnn/nbnxn_kernel_ElecRF_VdwLJCombGeom_F_2xnn.cpp
  - src/gromacs/mdlib/nbnxn_kernels/simd_2xnn/nbnxn_kernel_ElecRF_VdwLJCombGeom_VF_2xnn.cpp
  - src/gromacs/mdlib/nbnxn_kernels/simd_2xnn/nbnxn_kernel_ElecRF_VdwLJCombGeom_VgrpF_2xnn.cpp
  - src/gromacs/mdlib/nbnxn_kernels/simd_2xnn/nbnxn_kernel_ElecRF_VdwLJCombLB_F_2xnn.cpp
  - src/gromacs/mdlib/nbnxn_kernels/simd_2xnn/nbnxn_kernel_ElecRF_VdwLJCombLB_VF_2xnn.cpp
  - src/gromacs/mdlib/nbnxn_kernels/simd_2xnn/nbnxn_kernel_ElecRF_VdwLJCombLB_VgrpF_2xnn.cpp
  - src/gromacs/mdlib/nbnxn_kernels/simd_2xnn/nbnxn_kernel_ElecRF_VdwLJEwCombGeom_F_2xnn.cpp
  - src/gromacs/mdlib/nbnxn_kernels/simd_2xnn/nbnxn_kernel_ElecRF_VdwLJEwCombGeom_VF_2xnn.cpp
  - src/gromacs/mdlib/nbnxn_kernels/simd_2xnn/nbnxn_kernel_ElecRF_VdwLJEwCombGeom_VgrpF_2xnn.cpp
  - src/gromacs/mdlib/nbnxn_kernels/simd_2xnn/nbnxn_kernel_ElecRF_VdwLJFSw_F_2xnn.cpp
  - src/gromacs/mdlib/nbnxn_kernels/simd_2xnn/nbnxn_kernel_ElecRF_VdwLJFSw_VF_2xnn.cpp
  - src/gromacs/mdlib/nbnxn_kernels/simd_2xnn/nbnxn_kernel_ElecRF_VdwLJFSw_VgrpF_2xnn.cpp
  - src/gromacs/mdlib/nbnxn_kernels/simd_2xnn/nbnxn_kernel_ElecRF_VdwLJPSw_F_2xnn.cpp
  - src/gromacs/mdlib/nbnxn_kernels/simd_2xnn/nbnxn_kernel_ElecRF_VdwLJPSw_VF_2xnn.cpp
  - src/gromacs/mdlib/nbnxn_kernels/simd_2xnn/nbnxn_kernel_ElecRF_VdwLJPSw_VgrpF_2xnn.cpp
  - src/gromacs/mdlib/nbnxn_kernels/simd_2xnn/nbnxn_kernel_ElecRF_VdwLJ_F_2xnn.cpp
  - src/gromacs/mdlib/nbnxn_kernels/simd_2xnn/nbnxn_kernel_ElecRF_VdwLJ_VF_2xnn.cpp
  - src/gromacs/mdlib/nbnxn_kernels/simd_2xnn/nbnxn_kernel_ElecRF_VdwLJ_VgrpF_2xnn.cpp
  - src/gromacs/mdlib/nbnxn_kernels/simd_2xnn/nbnxn_kernel_simd_2xnn.cpp
  - src/gromacs/mdlib/nbnxn_kernels/simd_2xnn/nbnxn_kernel_simd_2xnn.h
  - src/gromacs/mdlib/nbnxn_kernels/simd_2xnn/nbnxn_kernel_simd_2xnn_inner.h
  - src/gromacs/mdlib/nbnxn_kernels/simd_4xn/nbnxn_kernel_ElecEwTwinCut_VdwLJCombGeom_F_4xn.cpp
  - src/gromacs/mdlib/nbnxn_kernels/simd_4xn/nbnxn_kernel_ElecEwTwinCut_VdwLJCombGeom_VF_4xn.cpp
  - src/gromacs/mdlib/nbnxn_kernels/simd_4xn/nbnxn_kernel_ElecEwTwinCut_VdwLJCombGeom_VgrpF_4xn.cpp
  - src/gromacs/mdlib/nbnxn_kernels/simd_4xn/nbnxn_kernel_ElecEwTwinCut_VdwLJCombLB_F_4xn.cpp
  - src/gromacs/mdlib/nbnxn_kernels/simd_4xn/nbnxn_kernel_ElecEwTwinCut_VdwLJCombLB_VF_4xn.cpp
  - src/gromacs/mdlib/nbnxn_kernels/simd_4xn/nbnxn_kernel_ElecEwTwinCut_VdwLJCombLB_VgrpF_4xn.cpp
  - src/gromacs/mdlib/nbnxn_kernels/simd_4xn/nbnxn_kernel_ElecEwTwinCut_VdwLJEwCombGeom_F_4xn.cpp
  - src/gromacs/mdlib/nbnxn_kernels/simd_4xn/nbnxn_kernel_ElecEwTwinCut_VdwLJEwCombGeom_VF_4xn.cpp
  - src/gromacs/mdlib/nbnxn_kernels/simd_4xn/nbnxn_kernel_ElecEwTwinCut_VdwLJEwCombGeom_VgrpF_4xn.cpp
  - src/gromacs/mdlib/nbnxn_kernels/simd_4xn/nbnxn_kernel_ElecEwTwinCut_VdwLJFSw_F_4xn.cpp
  - src/gromacs/mdlib/nbnxn_kernels/simd_4xn/nbnxn_kernel_ElecEwTwinCut_VdwLJFSw_VF_4xn.cpp
  - src/gromacs/mdlib/nbnxn_kernels/simd_4xn/nbnxn_kernel_ElecEwTwinCut_VdwLJFSw_VgrpF_4xn.cpp
  - src/gromacs/mdlib/nbnxn_kernels/simd_4xn/nbnxn_kernel_ElecEwTwinCut_VdwLJPSw_F_4xn.cpp
  - src/gromacs/mdlib/nbnxn_kernels/simd_4xn/nbnxn_kernel_ElecEwTwinCut_VdwLJPSw_VF_4xn.cpp
  - src/gromacs/mdlib/nbnxn_kernels/simd_4xn/nbnxn_kernel_ElecEwTwinCut_VdwLJPSw_VgrpF_4xn.cpp
  - src/gromacs/mdlib/nbnxn_kernels/simd_4xn/nbnxn_kernel_ElecEwTwinCut_VdwLJ_F_4xn.cpp
  - src/gromacs/mdlib/nbnxn_kernels/simd_4xn/nbnxn_kernel_ElecEwTwinCut_VdwLJ_VF_4xn.cpp
  - src/gromacs/mdlib/nbnxn_kernels/simd_4xn/nbnxn_kernel_ElecEwTwinCut_VdwLJ_VgrpF_4xn.cpp
  - src/gromacs/mdlib/nbnxn_kernels/simd_4xn/nbnxn_kernel_ElecEw_VdwLJCombGeom_F_4xn.cpp
  - src/gromacs/mdlib/nbnxn_kernels/simd_4xn/nbnxn_kernel_ElecEw_VdwLJCombGeom_VF_4xn.cpp
  - src/gromacs/mdlib/nbnxn_kernels/simd_4xn/nbnxn_kernel_ElecEw_VdwLJCombGeom_VgrpF_4xn.cpp
  - src/gromacs/mdlib/nbnxn_kernels/simd_4xn/nbnxn_kernel_ElecEw_VdwLJCombLB_F_4xn.cpp
  - src/gromacs/mdlib/nbnxn_kernels/simd_4xn/nbnxn_kernel_ElecEw_VdwLJCombLB_VF_4xn.cpp
  - src/gromacs/mdlib/nbnxn_kernels/simd_4xn/nbnxn_kernel_ElecEw_VdwLJCombLB_VgrpF_4xn.cpp
  - src/gromacs/mdlib/nbnxn_kernels/simd_4xn/nbnxn_kernel_ElecEw_VdwLJEwCombGeom_F_4xn.cpp
  - src/gromacs/mdlib/nbnxn_kernels/simd_4xn/nbnxn_kernel_ElecEw_VdwLJEwCombGeom_VF_4xn.cpp
  - src/gromacs/mdlib/nbnxn_kernels/simd_4xn/nbnxn_kernel_ElecEw_VdwLJEwCombGeom_VgrpF_4xn.cpp
  - src/gromacs/mdlib/nbnxn_kernels/simd_4xn/nbnxn_kernel_ElecEw_VdwLJFSw_F_4xn.cpp
  - src/gromacs/mdlib/nbnxn_kernels/simd_4xn/nbnxn_kernel_ElecEw_VdwLJFSw_VF_4xn.cpp
  - src/gromacs/mdlib/nbnxn_kernels/simd_4xn/nbnxn_kernel_ElecEw_VdwLJFSw_VgrpF_4xn.cpp
  - src/gromacs/mdlib/nbnxn_kernels/simd_4xn/nbnxn_kernel_ElecEw_VdwLJPSw_F_4xn.cpp
  - src/gromacs/mdlib/nbnxn_kernels/simd_4xn/nbnxn_kernel_ElecEw_VdwLJPSw_VF_4xn.cpp
  - src/gromacs/mdlib/nbnxn_kernels/simd_4xn/nbnxn_kernel_ElecEw_VdwLJPSw_VgrpF_4xn.cpp
  - src/gromacs/mdlib/nbnxn_kernels/simd_4xn/nbnxn_kernel_ElecEw_VdwLJ_F_4xn.cpp
  - src/gromacs/mdlib/nbnxn_kernels/simd_4xn/nbnxn_kernel_ElecEw_VdwLJ_VF_4xn.cpp
  - src/gromacs/mdlib/nbnxn_kernels/simd_4xn/nbnxn_kernel_ElecEw_VdwLJ_VgrpF_4xn.cpp
  - src/gromacs/mdlib/nbnxn_kernels/simd_4xn/nbnxn_kernel_ElecQSTabTwinCut_VdwLJCombGeom_F_4xn.cpp
  - src/gromacs/mdlib/nbnxn_kernels/simd_4xn/nbnxn_kernel_ElecQSTabTwinCut_VdwLJCombGeom_VF_4xn.cpp
  - src/gromacs/mdlib/nbnxn_kernels/simd_4xn/nbnxn_kernel_ElecQSTabTwinCut_VdwLJCombGeom_VgrpF_4xn.cpp
  - src/gromacs/mdlib/nbnxn_kernels/simd_4xn/nbnxn_kernel_ElecQSTabTwinCut_VdwLJCombLB_F_4xn.cpp
  - src/gromacs/mdlib/nbnxn_kernels/simd_4xn/nbnxn_kernel_ElecQSTabTwinCut_VdwLJCombLB_VF_4xn.cpp
  - src/gromacs/mdlib/nbnxn_kernels/simd_4xn/nbnxn_kernel_ElecQSTabTwinCut_VdwLJCombLB_VgrpF_4xn.cpp
  - src/gromacs/mdlib/nbnxn_kernels/simd_4xn/nbnxn_kernel_ElecQSTabTwinCut_VdwLJEwCombGeom_F_4xn.cpp
  - src/gromacs/mdlib/nbnxn_kernels/simd_4xn/nbnxn_kernel_ElecQSTabTwinCut_VdwLJEwCombGeom_VF_4xn.cpp
  - src/gromacs/mdlib/nbnxn_kernels/simd_4xn/nbnxn_kernel_ElecQSTabTwinCut_VdwLJEwCombGeom_VgrpF_4xn.cpp
  - src/gromacs/mdlib/nbnxn_kernels/simd_4xn/nbnxn_kernel_ElecQSTabTwinCut_VdwLJFSw_F_4xn.cpp
  - src/gromacs/mdlib/nbnxn_kernels/simd_4xn/nbnxn_kernel_ElecQSTabTwinCut_VdwLJFSw_VF_4xn.cpp
  - src/gromacs/mdlib/nbnxn_kernels/simd_4xn/nbnxn_kernel_ElecQSTabTwinCut_VdwLJFSw_VgrpF_4xn.cpp
  - src/gromacs/mdlib/nbnxn_kernels/simd_4xn/nbnxn_kernel_ElecQSTabTwinCut_VdwLJPSw_F_4xn.cpp
  - src/gromacs/mdlib/nbnxn_kernels/simd_4xn/nbnxn_kernel_ElecQSTabTwinCut_VdwLJPSw_VF_4xn.cpp
  - src/gromacs/mdlib/nbnxn_kernels/simd_4xn/nbnxn_kernel_ElecQSTabTwinCut_VdwLJPSw_VgrpF_4xn.cpp
  - src/gromacs/mdlib/nbnxn_kernels/simd_4xn/nbnxn_kernel_ElecQSTabTwinCut_VdwLJ_F_4xn.cpp
  - src/gromacs/mdlib/nbnxn_kernels/simd_4xn/nbnxn_kernel_ElecQSTabTwinCut_VdwLJ_VF_4xn.cpp
  - src/gromacs/mdlib/nbnxn_kernels/simd_4xn/nbnxn_kernel_ElecQSTabTwinCut_VdwLJ_VgrpF_4xn.cpp
  - src/gromacs/mdlib/nbnxn_kernels/simd_4xn/nbnxn_kernel_ElecQSTab_VdwLJCombGeom_F_4xn.cpp
  - src/gromacs/mdlib/nbnxn_kernels/simd_4xn/nbnxn_kernel_ElecQSTab_VdwLJCombGeom_VF_4xn.cpp
  - src/gromacs/mdlib/nbnxn_kernels/simd_4xn/nbnxn_kernel_ElecQSTab_VdwLJCombGeom_VgrpF_4xn.cpp
  - src/gromacs/mdlib/nbnxn_kernels/simd_4xn/nbnxn_kernel_ElecQSTab_VdwLJCombLB_F_4xn.cpp
  - src/gromacs/mdlib/nbnxn_kernels/simd_4xn/nbnxn_kernel_ElecQSTab_VdwLJCombLB_VF_4xn.cpp
  - src/gromacs/mdlib/nbnxn_kernels/simd_4xn/nbnxn_kernel_ElecQSTab_VdwLJCombLB_VgrpF_4xn.cpp
  - src/gromacs/mdlib/nbnxn_kernels/simd_4xn/nbnxn_kernel_ElecQSTab_VdwLJEwCombGeom_F_4xn.cpp
  - src/gromacs/mdlib/nbnxn_kernels/simd_4xn/nbnxn_kernel_ElecQSTab_VdwLJEwCombGeom_VF_4xn.cpp
  - src/gromacs/mdlib/nbnxn_kernels/simd_4xn/nbnxn_kernel_ElecQSTab_VdwLJEwCombGeom_VgrpF_4xn.cpp
  - src/gromacs/mdlib/nbnxn_kernels/simd_4xn/nbnxn_kernel_ElecQSTab_VdwLJFSw_F_4xn.cpp
  - src/gromacs/mdlib/nbnxn_kernels/simd_4xn/nbnxn_kernel_ElecQSTab_VdwLJFSw_VF_4xn.cpp
  - src/gromacs/mdlib/nbnxn_kernels/simd_4xn/nbnxn_kernel_ElecQSTab_VdwLJFSw_VgrpF_4xn.cpp
  - src/gromacs/mdlib/nbnxn_kernels/simd_4xn/nbnxn_kernel_ElecQSTab_VdwLJPSw_F_4xn.cpp
  - src/gromacs/mdlib/nbnxn_kernels/simd_4xn/nbnxn_kernel_ElecQSTab_VdwLJPSw_VF_4xn.cpp
  - src/gromacs/mdlib/nbnxn_kernels/simd_4xn/nbnxn_kernel_ElecQSTab_VdwLJPSw_VgrpF_4xn.cpp
  - src/gromacs/mdlib/nbnxn_kernels/simd_4xn/nbnxn_kernel_ElecQSTab_VdwLJ_F_4xn.cpp
  - src/gromacs/mdlib/nbnxn_kernels/simd_4xn/nbnxn_kernel_ElecQSTab_VdwLJ_VF_4xn.cpp
  - src/gromacs/mdlib/nbnxn_kernels/simd_4xn/nbnxn_kernel_ElecQSTab_VdwLJ_VgrpF_4xn.cpp
  - src/gromacs/mdlib/nbnxn_kernels/simd_4xn/nbnxn_kernel_ElecRF_VdwLJCombGeom_F_4xn.cpp
  - src/gromacs/mdlib/nbnxn_kernels/simd_4xn/nbnxn_kernel_ElecRF_VdwLJCombGeom_VF_4xn.cpp
  - src/gromacs/mdlib/nbnxn_kernels/simd_4xn/nbnxn_kernel_ElecRF_VdwLJCombGeom_VgrpF_4xn.cpp
  - src/gromacs/mdlib/nbnxn_kernels/simd_4xn/nbnxn_kernel_ElecRF_VdwLJCombLB_F_4xn.cpp
  - src/gromacs/mdlib/nbnxn_kernels/simd_4xn/nbnxn_kernel_ElecRF_VdwLJCombLB_VF_4xn.cpp
  - src/gromacs/mdlib/nbnxn_kernels/simd_4xn/nbnxn_kernel_ElecRF_VdwLJCombLB_VgrpF_4xn.cpp
  - src/gromacs/mdlib/nbnxn_kernels/simd_4xn/nbnxn_kernel_ElecRF_VdwLJEwCombGeom_F_4xn.cpp
  - src/gromacs/mdlib/nbnxn_kernels/simd_4xn/nbnxn_kernel_ElecRF_VdwLJEwCombGeom_VF_4xn.cpp
  - src/gromacs/mdlib/nbnxn_kernels/simd_4xn/nbnxn_kernel_ElecRF_VdwLJEwCombGeom_VgrpF_4xn.cpp
  - src/gromacs/mdlib/nbnxn_kernels/simd_4xn/nbnxn_kernel_ElecRF_VdwLJFSw_F_4xn.cpp
  - src/gromacs/mdlib/nbnxn_kernels/simd_4xn/nbnxn_kernel_ElecRF_VdwLJFSw_VF_4xn.cpp
  - src/gromacs/mdlib/nbnxn_kernels/simd_4xn/nbnxn_kernel_ElecRF_VdwLJFSw_VgrpF_4xn.cpp
  - src/gromacs/mdlib/nbnxn_kernels/simd_4xn/nbnxn_kernel_ElecRF_VdwLJPSw_F_4xn.cpp
  - src/gromacs/mdlib/nbnxn_kernels/simd_4xn/nbnxn_kernel_ElecRF_VdwLJPSw_VF_4xn.cpp
  - src/gromacs/mdlib/nbnxn_kernels/simd_4xn/nbnxn_kernel_ElecRF_VdwLJPSw_VgrpF_4xn.cpp
  - src/gromacs/mdlib/nbnxn_kernels/simd_4xn/nbnxn_kernel_ElecRF_VdwLJ_F_4xn.cpp
  - src/gromacs/mdlib/nbnxn_kernels/simd_4xn/nbnxn_kernel_ElecRF_VdwLJ_VF_4xn.cpp
  - src/gromacs/mdlib/nbnxn_kernels/simd_4xn/nbnxn_kernel_ElecRF_VdwLJ_VgrpF_4xn.cpp
  - src/gromacs/mdlib/nbnxn_kernels/simd_4xn/nbnxn_kernel_simd_4xn.cpp
  - src/gromacs/mdlib/nbnxn_kernels/simd_4xn/nbnxn_kernel_simd_4xn.h
  - src/gromacs/mdlib/nbnxn_kernels/simd_4xn/nbnxn_kernel_simd_4xn_inner.h
  ... and 1156 more

NEIGHBOR_SEARCH (5 files):
  - src/gromacs/mdlib/nbnxn_atomdata.cpp
  - src/gromacs/mdlib/nbnxn_atomdata.h
  - src/gromacs/mdlib/nbnxn_grid.cpp
  - src/gromacs/mdlib/nbnxn_pairlist.h
  - src/gromacs/mdlib/nbnxn_simd.h

IO_SYSTEM (1 files):
  - manual/noisy-dihedral.png

STATE_MANAGEMENT (2 files):
  - src/gromacs/fileio/checkpoint.cpp
  - src/gromacs/fileio/checkpoint.h

BUILD_SYSTEM (3 files):
  - CMakeLists.txt
  - cmake/FindMDStress.cmake
  - cmake/gmxManageSuffixes.cmake

MDRUN_CORE (6 files):
  - docs/man/gmx-mdrun.1
  - src/gromacs/mdlib/mdrun.h
  - src/programs/mdrun/md.cpp
  - src/programs/mdrun/mdrun.cpp
  - src/programs/mdrun/runner.cpp
  - src/programs/mdrun/runner.h

DATA_STRUCTURES (1 files):
  - src/gromacs/mdtypes/md_enums.h

OTHER (160 files):
  - .gitattributes
  - .gitignore
  - .travis.yml
  - AUTHORS
  - FAQ.md
  - INSTALL.gromacs
  - README
  - README.md
  - admin/.isreposource
  - docs/.gitattributes
  - docs/doxygen/.gitignore
  - docs/gmxsphinx.pyc
  - docs/man/gmx-anadock.1
  - docs/man/gmx-anaeig.1
  - docs/man/gmx-analyze.1
  - docs/man/gmx-angle.1
  - docs/man/gmx-bar.1
  - docs/man/gmx-bundle.1
  - docs/man/gmx-check.1
  - docs/man/gmx-chi.1
  - docs/man/gmx-cluster.1
  - docs/man/gmx-clustsize.1
  - docs/man/gmx-confrms.1
  - docs/man/gmx-convert-tpr.1
  - docs/man/gmx-covar.1
  - docs/man/gmx-current.1
  - docs/man/gmx-density.1
  - docs/man/gmx-densmap.1
  - docs/man/gmx-densorder.1
  - docs/man/gmx-dielectric.1
  - docs/man/gmx-dipoles.1
  - docs/man/gmx-disre.1
  - docs/man/gmx-distance.1
  - docs/man/gmx-do_dssp.1
  - docs/man/gmx-dos.1
  - docs/man/gmx-dump.1
  - docs/man/gmx-dyecoupl.1
  - docs/man/gmx-dyndom.1
  - docs/man/gmx-editconf.1
  - docs/man/gmx-eneconv.1
  - docs/man/gmx-enemat.1
  - docs/man/gmx-energy.1
  - docs/man/gmx-filter.1
  - docs/man/gmx-freevolume.1
  - docs/man/gmx-gangle.1
  - docs/man/gmx-genconf.1
  - docs/man/gmx-genion.1
  - docs/man/gmx-genrestr.1
  - docs/man/gmx-grompp.1
  - docs/man/gmx-gyrate.1
  - docs/man/gmx-h2order.1
  - docs/man/gmx-hbond.1
  - docs/man/gmx-helix.1
  - docs/man/gmx-helixorient.1
  - docs/man/gmx-help.1
  - docs/man/gmx-hydorder.1
  - docs/man/gmx-insert-molecules.1
  - docs/man/gmx-lie.1
  - docs/man/gmx-make_edi.1
  - docs/man/gmx-make_ndx.1
  - docs/man/gmx-mdmat.1
  - docs/man/gmx-mindist.1
  - docs/man/gmx-mk_angndx.1
  - docs/man/gmx-morph.1
  - docs/man/gmx-msd.1
  - docs/man/gmx-nmeig.1
  - docs/man/gmx-nmens.1
  - docs/man/gmx-nmtraj.1
  - docs/man/gmx-order.1
  - docs/man/gmx-pairdist.1
  - docs/man/gmx-pdb2gmx.1
  - docs/man/gmx-pme_error.1
  - docs/man/gmx-polystat.1
  - docs/man/gmx-potential.1
  - docs/man/gmx-principal.1
  - docs/man/gmx-rama.1
  - docs/man/gmx-rdf.1
  - docs/man/gmx-rms.1
  - docs/man/gmx-rmsdist.1
  - docs/man/gmx-rmsf.1
  - docs/man/gmx-rotacf.1
  - docs/man/gmx-rotmat.1
  - docs/man/gmx-saltbr.1
  - docs/man/gmx-sans.1
  - docs/man/gmx-sasa.1
  - docs/man/gmx-saxs.1
  - docs/man/gmx-select.1
  - docs/man/gmx-sham.1
  - docs/man/gmx-sigeps.1
  - docs/man/gmx-solvate.1
  - docs/man/gmx-sorient.1
  - docs/man/gmx-spatial.1
  - docs/man/gmx-spol.1
  - docs/man/gmx-tcaf.1
  - docs/man/gmx-traj.1
  - docs/man/gmx-trjcat.1
  - docs/man/gmx-trjconv.1
  - docs/man/gmx-trjorder.1
  - docs/man/gmx-tune_pme.1
  - docs/man/gmx-vanhove.1
  - docs/man/gmx-velacc.1
  - docs/man/gmx-view.1
  - docs/man/gmx-wham.1
  - docs/man/gmx-wheel.1
  - docs/man/gmx-x2top.1
  - docs/man/gmx-xpm2ps.1
  - docs/man/gmx.1
  - gromacs-ls-2016.3.in
  - manual/3D_stress_black_bw.png
  - manual/CFD_GL.svg
  - manual/evol.svg
  - manual/kin.svg
  - manual/tot.svg
  - scripts/.gitignore
  - src/.gitignore
  - src/contrib/fftw/.gitattributes
  - src/external/.gitattributes
  - src/gromacs/commandline/.gitignore
  - src/gromacs/ewald/ewald.cpp
  - src/gromacs/ewald/ewald.h
  - src/gromacs/ewald/long-range-correction.cpp
  - src/gromacs/ewald/long-range-correction.h
  - src/gromacs/ewald/pme-gather.cpp
  - src/gromacs/ewald/pme-gather.h
  - src/gromacs/ewald/pme-only.cpp
  - src/gromacs/ewald/pme.cpp
  - src/gromacs/ewald/pme.h
  - src/gromacs/fileio/tpxio.cpp
  - src/gromacs/gmxana/gmx_ana.h
  - src/gromacs/gmxana/gmx_density3D.cpp
  - src/gromacs/gmxana/gmx_disre.cpp
  - src/gromacs/gmxana/gmx_voronoi.cpp
  - src/gromacs/gmxpreprocess/readir.cpp
  - src/gromacs/mdlib/clincs.cpp
  - src/gromacs/mdlib/constr.cpp
  - src/gromacs/mdlib/constr.h
  - src/gromacs/mdlib/coupling.cpp
  - src/gromacs/mdlib/csettle.cpp
  - src/gromacs/mdlib/integrator.h
  - src/gromacs/mdlib/md_support.cpp
  - src/gromacs/mdlib/md_support.h
  - src/gromacs/mdlib/minimize.cpp
  - src/gromacs/mdlib/rf_util.cpp
  - src/gromacs/mdlib/shakef.cpp
  - src/gromacs/mdlib/shellfc.cpp
  - src/gromacs/mdlib/shellfc.h
  - src/gromacs/mdlib/sighandler.cpp
  - src/gromacs/mdlib/sim_util.cpp
  - src/gromacs/mdlib/sim_util.h
  - src/gromacs/mdlib/tpi.cpp
  - src/gromacs/mdlib/update.cpp
  - src/gromacs/mdlib/update.h
  - src/gromacs/mdtypes/inputrec.cpp
  - src/gromacs/mdtypes/md_enums.cpp
  - src/gromacs/topology/ifunc.h
  - src/gromacs/utility/.gitignore
  - src/programs/.gitignore
  - src/programs/completion/gmx-completion.bash
  - src/programs/legacymodules.cpp
  - tests/.gitignore
  ... and 150 more
